R_mean,G_mean,B_mean,R_std,G_std,B_std,HR,person,session,source,video_path
193.9684708333333,152.9036375,122.65415416666664,0.24726219762632548,0.18305792742098512,0.12383391627274218,67,p1,v1,source1,data-videos\VIPL\VIPL\p1-5\p1\v1\source1\video.avi
194.18014583333337,152.44789583333332,122.43359583333333,0.21244802673242202,0.1693791691778813,0.18937302923433563,67,p1,v1,source1,data-videos\VIPL\VIPL\p1-5\p1\v1\source1\video.avi
194.31027916666665,152.4124958333333,122.39557916666666,0.12992419571405367,0.24682673487410195,0.18850680865614006,66,p1,v1,source1,data-videos\VIPL\VIPL\p1-5\p1\v1\source1\video.avi
194.86458333333337,153.0457,122.51018333333333,0.17057504610630264,0.14856630382406358,0.15411677199358323,65,p1,v1,source1,data-videos\VIPL\VIPL\p1-5\p1\v1\source1\video.avi
195.09970833333335,153.6728916666667,122.720275,0.15954084780411426,0.16304935527914502,0.21789482020830805,65,p1,v1,source1,data-videos\VIPL\VIPL\p1-5\p1\v1\source1\video.avi
194.88895416666665,154.21530416666667,122.75650416666667,0.11940188208082933,0.23388637940722948,0.17444079821914735,65,p1,v1,source1,data-videos\VIPL\VIPL\p1-5\p1\v1\source1\video.avi
194.76836666666665,154.34168333333335,122.94441666666665,0.11156056728795911,0.20895494073350906,0.19197960187145377,64,p1,v1,source1,data-videos\VIPL\VIPL\p1-5\p1\v1\source1\video.avi
194.51585,154.19596666666666,123.02123333333331,0.10149661615186012,0.13919672991150295,0.17667667198476117,64,p1,v1,source1,data-videos\VIPL\VIPL\p1-5\p1\v1\source1\video.avi
193.7793625,153.61159583333333,122.72509583333333,0.5560861683828058,0.5780299807199534,0.3275457160628292,64,p1,v1,source1,data-videos\VIPL\VIPL\p1-5\p1\v1\source1\video.avi
194.56333333333333,154.07518333333334,122.93494999999999,0.5649666072973792,0.3385891598481348,0.2751473486556292,64,p1,v1,source1,data-videos\VIPL\VIPL\p1-5\p1\v1\source1\video.avi
194.56424166666667,153.70220833333335,122.71215833333332,0.29526194896556696,0.24873726412120203,0.24049053696155184,63,p1,v1,source1,data-videos\VIPL\VIPL\p1-5\p1\v1\source1\video.avi
195.09446666666668,154.08851666666666,122.65551666666666,0.09491085144609131,0.14561079830607343,0.24143269651073485,63,p1,v1,source1,data-videos\VIPL\VIPL\p1-5\p1\v1\source1\video.avi
195.09934583333336,153.96901250000002,122.65351249999999,0.1545242039877769,0.10588697016814012,0.281751972597355,63,p1,v1,source1,data-videos\VIPL\VIPL\p1-5\p1\v1\source1\video.avi
195.03705833333333,153.97739166666668,122.61297500000002,0.16483955077589765,0.283443692477989,0.172179135156771,63,p1,v1,source1,data-videos\VIPL\VIPL\p1-5\p1\v1\source1\video.avi
194.94930416666665,154.13628749999998,122.83215416666668,0.1076932561981318,0.2202929726964622,0.1480402321911927,63,p1,v1,source1,data-videos\VIPL\VIPL\p1-5\p1\v1\source1\video.avi
194.67732916666665,154.2149458333333,122.70224583333332,0.21563977582224522,0.19707714296126827,0.2224470717321814,63,p1,v1,source1,data-videos\VIPL\VIPL\p1-5\p1\v1\source1\video.avi
194.8962125,154.58209583333334,122.88539583333333,0.11899067307052837,0.16734127097707202,0.20144254074604404,62,p1,v1,source1,data-videos\VIPL\VIPL\p1-5\p1\v1\source1\video.avi
195.12557916666665,154.6921125,122.95184583333332,0.16726217849282746,0.19658317109997378,0.13703136844350725,62,p1,v1,source1,data-videos\VIPL\VIPL\p1-5\p1\v1\source1\video.avi
195.68704583333331,155.00579583333334,123.00607916666667,0.5913313859889016,0.4864142743074061,0.3059686787256365,62,p1,v1,source1,data-videos\VIPL\VIPL\p1-5\p1\v1\source1\video.avi
195.65378333333334,155.03045,122.91711666666669,0.38312431883209175,0.4590730930817743,0.22852642519824545,61,p1,v1,source1,data-videos\VIPL\VIPL\p1-5\p1\v1\source1\video.avi
196.04762083333335,155.3733875,123.05578750000001,0.23737371766958074,0.2899900712500526,0.17311367060804103,61,p1,v1,source1,data-videos\VIPL\VIPL\p1-5\p1\v1\source1\video.avi
196.15587916666667,155.62112916666666,123.1486291666667,0.12064106139471863,0.15312448321908212,0.18387070789612375,62,p1,v1,source1,data-videos\VIPL\VIPL\p1-5\p1\v1\source1\video.avi
196.18583333333328,155.78633333333332,123.31341666666667,0.12928725553759707,0.1521539219744989,0.21627795259290356,62,p1,v1,source1,data-videos\VIPL\VIPL\p1-5\p1\v1\source1\video.avi
195.792525,155.539875,123.138025,0.2603562101157451,0.2640984747026731,0.1777069057191581,62,p1,v1,source1,data-videos\VIPL\VIPL\p1-5\p1\v1\source1\video.avi
195.6245,155.3652833333333,123.30733333333333,0.11976230074842298,0.20451341626053562,0.1534163328350521,62,p1,v1,source1,data-videos\VIPL\VIPL\p1-5\p1\v1\source1\video.avi
195.61125,155.2299,123.18385,0.17606653177452977,0.3031804681208888,0.15817672210747952,62,p1,v1,source1,data-videos\VIPL\VIPL\p1-5\p1\v1\source1\video.avi
195.59832916666667,155.1591625,123.2520625,0.17581887647914676,0.24143153698017816,0.20777571834058045,62,p1,v1,source1,data-videos\VIPL\VIPL\p1-5\p1\v1\source1\video.avi
195.36207916666666,155.13094583333333,123.1741125,0.13427534896725143,0.17712946193313686,0.20975639417150824,62,p1,v1,source1,data-videos\VIPL\VIPL\p1-5\p1\v1\source1\video.avi
194.57536250000004,154.54149583333333,122.80722916666667,0.6440828064484405,0.6768169372603635,0.3582041785168677,62,p1,v1,source1,data-videos\VIPL\VIPL\p1-5\p1\v1\source1\video.avi
195.24353333333337,155.16271666666668,123.19636666666668,0.20834479118492394,0.20460249384137746,0.18092680552735452,62,p1,v1,source1,data-videos\VIPL\VIPL\p1-5\p1\v1\source1\video.avi
195.34107500000002,154.98287499999998,123.24904166666667,0.23685258747677526,0.4063241171705711,0.27874268799577767,62,p1,v1,source1,data-videos\VIPL\VIPL\p1-5\p1\v1\source1\video.avi
195.4523,154.6247,123.14053333333334,0.1156064208796837,0.3524809580652709,0.1868119954177045,62,p1,v1,source1,data-videos\VIPL\VIPL\p1-5\p1\v1\source1\video.avi
195.49809583333337,154.36092916666666,123.06336249999998,0.05700295831748134,0.1781153431105459,0.15742281100149094,62,p1,v1,source1,data-videos\VIPL\VIPL\p1-5\p1\v1\source1\video.avi
195.75331666666665,154.57765,123.04038333333334,0.13142975349656044,0.21549003642537798,0.14261775629185314,63,p1,v1,source1,data-videos\VIPL\VIPL\p1-5\p1\v1\source1\video.avi
195.84214166666663,154.917825,123.13020833333331,0.22304729832855275,0.24092796281023574,0.13467246145741885,63,p1,v1,source1,data-videos\VIPL\VIPL\p1-5\p1\v1\source1\video.avi
194.22735,153.90968333333333,122.35975000000002,0.4964091632525654,0.39033684758594606,0.3690791845179626,63,p1,v1,source1,data-videos\VIPL\VIPL\p1-5\p1\v1\source1\video.avi
150.07485,119.07286666666667,93.01133333333333,0.37273398001941394,0.330066088079342,0.19882741329549594,68,p1,v2,source1,data-videos\VIPL\VIPL\p1-5\p1\v2\source1\video.avi
150.6237041666667,119.47277083333333,93.1198875,0.28749135113802304,0.2171618879782499,0.1899570650502366,68,p1,v2,source1,data-videos\VIPL\VIPL\p1-5\p1\v2\source1\video.avi
150.05588749999998,119.1266375,92.67178750000001,1.661662453271153,1.2628548482065893,1.0239995675319185,68,p1,v2,source1,data-videos\VIPL\VIPL\p1-5\p1\v2\source1\video.avi
88.73474583333332,73.62492916666667,60.7141625,27.203606131540084,20.030298223655493,13.678151629498359,68,p1,v2,source1,data-videos\VIPL\VIPL\p1-5\p1\v2\source1\video.avi
148.23125416666664,117.11340416666665,90.14100416666666,9.367468471691003,7.163948670925329,4.843397827778037,68,p1,v2,source1,data-videos\VIPL\VIPL\p1-5\p1\v2\source1\video.avi
151.95849166666667,120.87984166666666,94.14064166666665,3.818648244929997,2.487598611620197,1.3255833073620618,68,p1,v2,source1,data-videos\VIPL\VIPL\p1-5\p1\v2\source1\video.avi
179.98241249999995,139.513,104.51205833333333,6.938312584898716,5.107567768983291,3.5075277430547307,68,p1,v2,source1,data-videos\VIPL\VIPL\p1-5\p1\v2\source1\video.avi
87.71506666666666,72.58186666666667,59.863566666666664,58.94155830833623,43.93221363024012,30.30622111627138,68,p1,v2,source1,data-videos\VIPL\VIPL\p1-5\p1\v2\source1\video.avi
118.66696666666667,96.23023333333335,77.74793333333334,39.55653942732549,29.519561079108108,21.143650889093422,68,p1,v2,source1,data-videos\VIPL\VIPL\p1-5\p1\v2\source1\video.avi
149.63244583333332,119.5014625,94.28492916666666,2.9144015289258873,1.897861718121505,1.061769756703401,68,p1,v2,source1,data-videos\VIPL\VIPL\p1-5\p1\v2\source1\video.avi
124.84338749999999,101.43777083333333,81.63057083333334,16.270189727324173,12.148874968704233,8.698768452859193,68,p1,v2,source1,data-videos\VIPL\VIPL\p1-5\p1\v2\source1\video.avi
192.472525,150.27625833333335,112.939575,9.192847409914906,6.479296743798772,4.46887423398795,68,p1,v2,source1,data-videos\VIPL\VIPL\p1-5\p1\v2\source1\video.avi
170.12814166666664,135.38894166666668,106.18589166666669,19.80660065092464,13.887526749076649,8.211390863082784,68,p1,v2,source1,data-videos\VIPL\VIPL\p1-5\p1\v2\source1\video.avi
146.90952916666666,118.54924583333333,94.9743125,10.333252332768883,7.818162242001439,6.315993574860062,68,p1,v2,source1,data-videos\VIPL\VIPL\p1-5\p1\v2\source1\video.avi
191.19573333333335,150.26208333333332,115.80648333333333,7.623648583990969,4.9259852358965555,2.389208628039546,68,p1,v2,source1,data-videos\VIPL\VIPL\p1-5\p1\v2\source1\video.avi
195.17001666666667,152.21428333333333,116.02053333333333,3.7111570088505137,2.995858731539301,1.9466081980820584,70,p1,v2,source1,data-videos\VIPL\VIPL\p1-5\p1\v2\source1\video.avi
150.616,118.91028333333334,90.38523333333333,19.531829720974223,14.096597171100223,10.337449718416947,70,p1,v2,source1,data-videos\VIPL\VIPL\p1-5\p1\v2\source1\video.avi
167.31787500000002,130.685825,99.32714166666666,16.992699735306065,12.649270487752501,9.328656318158924,70,p1,v2,source1,data-videos\VIPL\VIPL\p1-5\p1\v2\source1\video.avi
182.419925,141.89185833333332,107.11959166666668,12.436457347925522,9.140426216294342,5.941329676988116,70,p1,v2,source1,data-videos\VIPL\VIPL\p1-5\p1\v2\source1\video.avi
149.36727083333332,118.56930416666664,92.27357083333332,12.101506641270554,8.393796792380122,4.6716250509614765,69,p1,v2,source1,data-videos\VIPL\VIPL\p1-5\p1\v2\source1\video.avi
172.4844708333333,136.0774375,104.15570416666668,9.586189517850812,7.387766632361644,5.497134650970702,69,p1,v2,source1,data-videos\VIPL\VIPL\p1-5\p1\v2\source1\video.avi
188.7987208333333,147.99381666666667,112.55974583333332,6.283191437840218,4.558545694691484,3.442119575486076,69,p1,v2,source1,data-videos\VIPL\VIPL\p1-5\p1\v2\source1\video.avi
184.2752375,143.3614375,108.67119583333333,2.7883027574035846,2.698818533945299,2.6741947111986404,68,p1,v2,source1,data-videos\VIPL\VIPL\p1-5\p1\v2\source1\video.avi
159.46223333333336,127.12535833333334,99.75049583333333,33.22573161935735,23.96715468783891,14.709941312195273,68,p1,v2,source1,data-videos\VIPL\VIPL\p1-5\p1\v2\source1\video.avi
138.6024625,111.6323625,90.36234583333335,23.13609465427254,16.695337763855996,10.418717555235093,68,p1,v2,source1,data-videos\VIPL\VIPL\p1-5\p1\v2\source1\video.avi
176.15265833333333,138.026625,105.56635833333331,7.383585902560226,4.9617109950362766,2.5561956430107644,69,p1,v2,source1,data-videos\VIPL\VIPL\p1-5\p1\v2\source1\video.avi
126.28006666666664,102.40415000000002,83.8817,11.146221545376314,8.300551526379637,6.020598941135341,69,p1,v2,source1,data-videos\VIPL\VIPL\p1-5\p1\v2\source1\video.avi
155.2686833333333,123.76365,98.0892,15.883607549002498,11.553618375825012,7.099504927215876,69,p1,v2,source1,data-videos\VIPL\VIPL\p1-5\p1\v2\source1\video.avi
171.91933333333336,135.73631666666665,104.76445,1.4158796036680985,0.9284310666686859,0.24197306639605654,69,p1,v2,source1,data-videos\VIPL\VIPL\p1-5\p1\v2\source1\video.avi
174.23435416666666,137.0705875,104.3032375,0.9284836760180274,0.7538904753703728,0.5442011960395101,69,p1,v2,source1,data-videos\VIPL\VIPL\p1-5\p1\v2\source1\video.avi
125.2224625,101.88132916666666,82.22514583333333,43.61121604766537,31.50073316863754,20.454180366859845,69,p1,v2,source1,data-videos\VIPL\VIPL\p1-5\p1\v2\source1\video.avi
36.9153375,35.725404166666664,33.665820833333335,12.348424390160627,10.048967953431697,8.503210335657384,69,p1,v2,source1,data-videos\VIPL\VIPL\p1-5\p1\v2\source1\video.avi
143.19558333333333,114.71915000000001,89.81569999999999,15.603474024402654,11.070530007044605,6.4490357013288335,69,p1,v2,source1,data-videos\VIPL\VIPL\p1-5\p1\v2\source1\video.avi
139.77677083333333,111.29085416666666,85.1728375,5.322639227358739,3.982941327795291,3.156632383366058,69,p1,v2,source1,data-videos\VIPL\VIPL\p1-5\p1\v2\source1\video.avi
157.44153333333333,124.73606666666669,95.54265,5.694031553558224,4.037950922669674,2.3899884911682454,69,p1,v2,source1,data-videos\VIPL\VIPL\p1-5\p1\v2\source1\video.avi
172.06665833333332,135.233025,102.30957499999998,3.408131911316014,2.345257737716569,0.9589833465490074,70,p1,v2,source1,data-videos\VIPL\VIPL\p1-5\p1\v2\source1\video.avi
144.12744583333333,115.27764583333334,90.16412916666668,11.69874088347907,8.613940708447316,5.666827712469518,70,p1,v2,source1,data-videos\VIPL\VIPL\p1-5\p1\v2\source1\video.avi
138.22859583333332,111.28749583333332,88.8113625,1.76390997978095,1.1919679847344662,0.8811102986786046,70,p1,v2,source1,data-videos\VIPL\VIPL\p1-5\p1\v2\source1\video.avi
144.89800416666665,115.52653750000002,91.2580875,2.2761902235423963,1.3626518561144756,0.6815239707001428,71,p1,v2,source1,data-videos\VIPL\VIPL\p1-5\p1\v2\source1\video.avi
148.86531666666667,117.9889,92.30648333333335,2.297171374204648,1.592543243863849,0.9099884215342464,71,p1,v2,source1,data-videos\VIPL\VIPL\p1-5\p1\v2\source1\video.avi
156.03671666666665,132.50784583333333,111.7361125,0.22305649259523658,0.13700956006283116,0.2168011796394454,74,p1,v3,source1,data-videos\VIPL\VIPL\p1-5\p1\v3\source1\video.avi
156.12572916666667,132.93549583333333,112.14589583333334,0.5820370418242762,0.31881533273807183,0.2887108378926334,74,p1,v3,source1,data-videos\VIPL\VIPL\p1-5\p1\v3\source1\video.avi
161.1935,137.15866666666668,115.70642916666668,2.887747829071221,2.7026840889608645,2.6047383794970647,74,p1,v3,source1,data-videos\VIPL\VIPL\p1-5\p1\v3\source1\video.avi
167.00499166666665,142.31200833333332,119.92161666666667,0.255994954241723,0.6168552059190563,0.8432088120973426,74,p1,v3,source1,data-videos\VIPL\VIPL\p1-5\p1\v3\source1\video.avi
166.37215,139.63795,116.04197499999998,0.29846342729144504,0.7845858496596254,1.0168675119576802,75,p1,v3,source1,data-videos\VIPL\VIPL\p1-5\p1\v3\source1\video.avi
166.29997916666667,139.0779625,115.18287916666667,0.24758221838636094,0.14497638121815246,0.21305132092343873,76,p1,v3,source1,data-videos\VIPL\VIPL\p1-5\p1\v3\source1\video.avi
167.4044916666667,140.01820833333332,115.96496666666664,0.3842795955673993,0.4497965917593558,0.5492378587200539,76,p1,v3,source1,data-videos\VIPL\VIPL\p1-5\p1\v3\source1\video.avi
167.35049583333333,140.01974583333333,115.96283333333332,0.09324331726873562,0.31242547594719683,0.533488240849787,76,p1,v3,source1,data-videos\VIPL\VIPL\p1-5\p1\v3\source1\video.avi
167.06633333333332,140.02795,116.1482,0.17176712523792387,0.17418386009632336,0.32981881668618795,75,p1,v3,source1,data-videos\VIPL\VIPL\p1-5\p1\v3\source1\video.avi
166.7350125,139.80319583333335,116.25977916666666,0.39229972256730894,0.2336328615436133,0.2765344254739776,73,p1,v3,source1,data-videos\VIPL\VIPL\p1-5\p1\v3\source1\video.avi
166.76077916666665,139.52904583333333,115.7815875,0.48489734212081786,0.1924283431746588,0.5903933910079221,72,p1,v3,source1,data-videos\VIPL\VIPL\p1-5\p1\v3\source1\video.avi
166.75310416666667,139.35552083333332,115.41427083333333,0.16467053860579367,0.13508207702993516,0.26437874143662043,71,p1,v3,source1,data-videos\VIPL\VIPL\p1-5\p1\v3\source1\video.avi
167.51870833333334,138.89875833333335,114.00958333333332,0.5899767231460593,0.28707227379519923,0.8350055363048327,71,p1,v3,source1,data-videos\VIPL\VIPL\p1-5\p1\v3\source1\video.avi
168.0214,138.38651666666667,113.14462083333333,0.09585647854561782,0.3100248241068786,0.3064659979213758,71,p1,v3,source1,data-videos\VIPL\VIPL\p1-5\p1\v3\source1\video.avi
167.06959166666667,136.92175833333334,112.04862499999999,0.9391624417237112,0.7623816326158437,0.4217047948835507,71,p1,v3,source1,data-videos\VIPL\VIPL\p1-5\p1\v3\source1\video.avi
165.73135000000002,135.9254,111.81023333333333,0.2040480873334623,0.21452475672984733,0.3458346451782349,71,p1,v3,source1,data-videos\VIPL\VIPL\p1-5\p1\v3\source1\video.avi
166.059925,135.57969166666666,111.19760833333333,0.1394650012099839,0.1326610966429096,0.4359246931412327,71,p1,v3,source1,data-videos\VIPL\VIPL\p1-5\p1\v3\source1\video.avi
166.62082083333334,136.05188750000002,112.00695000000002,0.5104597892668284,0.22889888582200457,0.42684685680776374,71,p1,v3,source1,data-videos\VIPL\VIPL\p1-5\p1\v3\source1\video.avi
167.2372,136.63945,111.93403333333333,0.22084932984515565,0.48194543054254046,0.5932797132548204,71,p1,v3,source1,data-videos\VIPL\VIPL\p1-5\p1\v3\source1\video.avi
165.84115416666668,135.49475416666667,110.48287499999998,0.9680784060590243,0.6014134587231428,0.6225290627976956,71,p1,v3,source1,data-videos\VIPL\VIPL\p1-5\p1\v3\source1\video.avi
166.75306666666668,136.37711666666667,111.72168333333333,0.699544789413683,0.4675791002971824,0.3520451713539213,72,p1,v3,source1,data-videos\VIPL\VIPL\p1-5\p1\v3\source1\video.avi
168.3327375,137.0744875,111.80792083333334,0.597037745061213,0.13736017486480123,0.5002681993191264,72,p1,v3,source1,data-videos\VIPL\VIPL\p1-5\p1\v3\source1\video.avi
169.3173958333333,136.5648625,110.60599583333332,0.3467482851635878,0.30600465330975496,0.23727604952998477,72,p1,v3,source1,data-videos\VIPL\VIPL\p1-5\p1\v3\source1\video.avi
168.05733333333333,135.77383333333336,110.68895,0.27532659741306403,0.2246941883952767,0.20207658261920436,72,p1,v3,source1,data-videos\VIPL\VIPL\p1-5\p1\v3\source1\video.avi
167.06724166666666,134.90822500000002,110.75307916666668,0.9125667189839964,0.6648814969079501,0.46298022842203734,72,p1,v3,source1,data-videos\VIPL\VIPL\p1-5\p1\v3\source1\video.avi
166.29442500000002,134.590025,110.50670833333334,0.25057160195906786,0.07779020084318168,0.20366211891403851,72,p1,v3,source1,data-videos\VIPL\VIPL\p1-5\p1\v3\source1\video.avi
167.14125,134.98783333333333,110.35763333333333,0.5343243047753071,0.21152974779304498,0.35477397014977385,72,p1,v3,source1,data-videos\VIPL\VIPL\p1-5\p1\v3\source1\video.avi
165.54704166666667,132.70369166666669,107.53750833333332,1.661622032165492,1.5738248211849295,1.380125201244841,73,p1,v3,source1,data-videos\VIPL\VIPL\p1-5\p1\v3\source1\video.avi
167.77870833333336,134.80565833333333,108.96745833333334,1.3191585488142534,1.1300191007941942,0.7353667470073442,73,p1,v3,source1,data-videos\VIPL\VIPL\p1-5\p1\v3\source1\video.avi
169.36794166666667,136.05719166666665,109.63137499999999,0.4928657881603151,0.2310434972876092,0.24501409398236643,73,p1,v3,source1,data-videos\VIPL\VIPL\p1-5\p1\v3\source1\video.avi
152.1265625,132.99386666666666,118.7172,0.23289419800690253,0.08443447142771487,0.23605522967800124,74,p1,v4,source1,data-videos\VIPL\VIPL\p1-5\p1\v4\source1\video.avi
151.90353333333334,132.95556666666667,118.74034583333334,0.14984520056359893,0.12034499409683214,0.16374068760628196,73,p1,v4,source1,data-videos\VIPL\VIPL\p1-5\p1\v4\source1\video.avi
152.62365,133.16604999999998,118.6624375,0.1352828264230151,0.1351319568565811,0.18177074856731693,72,p1,v4,source1,data-videos\VIPL\VIPL\p1-5\p1\v4\source1\video.avi
152.636,133.22561666666667,118.57043333333336,0.2075985166065067,0.12791338187965173,0.35631711560771345,70,p1,v4,source1,data-videos\VIPL\VIPL\p1-5\p1\v4\source1\video.avi
152.87325,133.30908749999998,118.12169583333332,0.15579534686301563,0.07773753517445763,0.1958921709484282,69,p1,v4,source1,data-videos\VIPL\VIPL\p1-5\p1\v4\source1\video.avi
152.7345125,133.23125,118.19841250000002,0.20071459733495275,0.12073800118667959,0.30479280057888886,69,p1,v4,source1,data-videos\VIPL\VIPL\p1-5\p1\v4\source1\video.avi
152.82915416666665,133.28720416666667,118.48154583333333,0.1681895046641332,0.09698269408192307,0.15750718590309148,68,p1,v4,source1,data-videos\VIPL\VIPL\p1-5\p1\v4\source1\video.avi
152.7843,133.25008333333332,118.11310416666666,0.21755319137256865,0.11823076173667114,0.24896473318133971,68,p1,v4,source1,data-videos\VIPL\VIPL\p1-5\p1\v4\source1\video.avi
153.31885416666665,132.98818749999998,117.78935416666667,0.12876446453268506,0.22559666065482978,0.19521378505372128,68,p1,v4,source1,data-videos\VIPL\VIPL\p1-5\p1\v4\source1\video.avi
153.32737916666667,132.75195416666668,117.6842875,0.11412166342329685,0.10303037443179629,0.14368406603842193,68,p1,v4,source1,data-videos\VIPL\VIPL\p1-5\p1\v4\source1\video.avi
153.658525,132.75204166666666,117.36227083333331,0.22629303550190288,0.12439453015283251,0.20946126125199682,69,p1,v4,source1,data-videos\VIPL\VIPL\p1-5\p1\v4\source1\video.avi
154.0110625,132.73524999999998,117.28019166666667,0.11210507456424705,0.2000596720876888,0.1993884501732729,69,p1,v4,source1,data-videos\VIPL\VIPL\p1-5\p1\v4\source1\video.avi
153.9555875,132.6502,117.11998333333332,0.1346035713627657,0.11074682918084469,0.14860068568052479,69,p1,v4,source1,data-videos\VIPL\VIPL\p1-5\p1\v4\source1\video.avi
154.1337166666667,132.7067,117.01690416666666,0.23307835160329962,0.13615423724381345,0.18717304947932262,68,p1,v4,source1,data-videos\VIPL\VIPL\p1-5\p1\v4\source1\video.avi
154.2118625,132.77912916666665,116.97926666666666,0.17489006298799592,0.13309412748439972,0.10103512212482349,68,p1,v4,source1,data-videos\VIPL\VIPL\p1-5\p1\v4\source1\video.avi
154.36500416666667,132.80192916666667,116.90642916666665,0.12545748394487463,0.08846627731640151,0.15308089931833865,69,p1,v4,source1,data-videos\VIPL\VIPL\p1-5\p1\v4\source1\video.avi
154.31556666666668,132.77890833333333,116.937925,0.09512399200079186,0.12872151154613384,0.16088164732014842,69,p1,v4,source1,data-videos\VIPL\VIPL\p1-5\p1\v4\source1\video.avi
154.12321666666668,132.6881125,116.90122083333334,0.14000447140677225,0.09051770621756006,0.24575222800504645,69,p1,v4,source1,data-videos\VIPL\VIPL\p1-5\p1\v4\source1\video.avi
154.2489875,132.58233333333337,116.63296249999999,0.14526112897219934,0.11169834361026983,0.19650352537832763,70,p1,v4,source1,data-videos\VIPL\VIPL\p1-5\p1\v4\source1\video.avi
154.74410833333334,132.48977083333332,116.32987083333333,0.29495108333840914,0.1128518571697712,0.20589771951815708,70,p1,v4,source1,data-videos\VIPL\VIPL\p1-5\p1\v4\source1\video.avi
154.65401666666665,132.57452083333334,116.46987083333333,0.25925258670894025,0.15242318192745258,0.18998638538575535,70,p1,v4,source1,data-videos\VIPL\VIPL\p1-5\p1\v4\source1\video.avi
154.3487,132.6923083333333,116.56557500000001,0.14691052501816054,0.1158766431323012,0.17919268977680158,70,p1,v4,source1,data-videos\VIPL\VIPL\p1-5\p1\v4\source1\video.avi
154.65264583333334,132.63170416666665,116.522275,0.23611573014272622,0.128672299504293,0.2037931908891402,71,p1,v4,source1,data-videos\VIPL\VIPL\p1-5\p1\v4\source1\video.avi
249.90927499999998,195.97072500000002,116.37748333333333,0.25105714246904365,0.6688775069773844,0.48572458731489276,69,p1,v5,source1,data-videos\VIPL\VIPL\p1-5\p1\v5\source1\video.avi
250.27005833333334,196.75740416666665,116.79152083333334,0.1358012490226494,0.30981896164220496,0.3975361957227561,69,p1,v5,source1,data-videos\VIPL\VIPL\p1-5\p1\v5\source1\video.avi
250.2229708333333,197.42251666666667,116.7537125,0.4247899144969573,1.1968484656472702,0.9751138203150673,69,p1,v5,source1,data-videos\VIPL\VIPL\p1-5\p1\v5\source1\video.avi
250.14803333333333,197.59659166666668,116.481525,0.36027524479748846,1.065358881124235,0.9705980758768438,69,p1,v5,source1,data-videos\VIPL\VIPL\p1-5\p1\v5\source1\video.avi
246.7938583333333,193.10813749999997,113.06691666666666,1.8088617892583396,1.935070177389855,1.56722008177608,69,p1,v5,source1,data-videos\VIPL\VIPL\p1-5\p1\v5\source1\video.avi
248.64905,195.37079583333332,114.7438125,0.4278789949337957,0.615749479011378,0.33190254384549533,70,p1,v5,source1,data-videos\VIPL\VIPL\p1-5\p1\v5\source1\video.avi
250.09655833333335,197.3932375,116.28628333333332,0.5506792652664952,0.6884604742346039,0.7684115078632469,70,p1,v5,source1,data-videos\VIPL\VIPL\p1-5\p1\v5\source1\video.avi
251.1286625,198.62477083333334,117.16120833333335,0.5014257958215513,0.8666469539024141,0.4909575023331677,70,p1,v5,source1,data-videos\VIPL\VIPL\p1-5\p1\v5\source1\video.avi
252.000275,201.02024999999998,118.73102083333333,0.1237107467205902,0.6605367838977209,0.9559678360029785,70,p1,v5,source1,data-videos\VIPL\VIPL\p1-5\p1\v5\source1\video.avi
252.07591250000002,202.0282416666667,119.5143875,0.2529681977981077,0.5370366206088755,0.7078343624413684,70,p1,v5,source1,data-videos\VIPL\VIPL\p1-5\p1\v5\source1\video.avi
251.44460833333335,200.51780833333333,118.48902083333333,0.133585767808967,0.5992352305462152,0.25015941792185253,70,p1,v5,source1,data-videos\VIPL\VIPL\p1-5\p1\v5\source1\video.avi
250.48885833333333,197.81445000000002,118.4566,0.36009230886368465,0.6694210240169022,0.513643323170369,71,p1,v5,source1,data-videos\VIPL\VIPL\p1-5\p1\v5\source1\video.avi
250.65558333333334,198.37517916666673,118.9549875,0.310361808631385,0.45637454970457425,0.4861236467510674,71,p1,v5,source1,data-videos\VIPL\VIPL\p1-5\p1\v5\source1\video.avi
250.68925416666664,199.1757125,119.14735416666669,0.18582329868273634,0.4387319833274563,0.30535403945211215,71,p1,v5,source1,data-videos\VIPL\VIPL\p1-5\p1\v5\source1\video.avi
250.40343749999997,199.12908750000003,118.26809166666668,0.21746760614450802,0.3261272095981553,0.38187144788309796,71,p1,v5,source1,data-videos\VIPL\VIPL\p1-5\p1\v5\source1\video.avi
249.60458333333335,198.3972291666667,117.56496666666666,0.3463993097147165,0.7793712649157595,0.5941277005689388,71,p1,v5,source1,data-videos\VIPL\VIPL\p1-5\p1\v5\source1\video.avi
249.68032916666667,196.77135416666667,116.1264375,0.3622923683144452,0.49866684335307526,0.2948814395109601,70,p1,v5,source1,data-videos\VIPL\VIPL\p1-5\p1\v5\source1\video.avi
248.74556666666666,195.22497499999997,115.16564166666667,0.1629183266113242,0.4677454182402234,0.4959899889782721,70,p1,v5,source1,data-videos\VIPL\VIPL\p1-5\p1\v5\source1\video.avi
219.98733333333334,149.40834166666664,104.35592500000001,0.30048134128150633,0.1459760460039412,0.2887888341490476,70,p1,v6,source1,data-videos\VIPL\VIPL\p1-5\p1\v6\source1\video.avi
220.82819166666667,149.69587916666669,104.51859583333334,0.20153097595861588,0.21284110302967676,0.2177016249365173,70,p1,v6,source1,data-videos\VIPL\VIPL\p1-5\p1\v6\source1\video.avi
221.18110833333333,150.05494166666668,104.60040833333332,0.38378688621131646,0.3870425683593768,0.24781606137976142,70,p1,v6,source1,data-videos\VIPL\VIPL\p1-5\p1\v6\source1\video.avi
221.74522500000003,150.4451875,104.91132499999999,0.2371460551186392,0.2728647215196587,0.2783805622355043,70,p1,v6,source1,data-videos\VIPL\VIPL\p1-5\p1\v6\source1\video.avi
221.26350416666668,150.1363875,104.51995416666666,0.27172194427392093,0.18752871011675953,0.2613715079606247,70,p1,v6,source1,data-videos\VIPL\VIPL\p1-5\p1\v6\source1\video.avi
220.97608333333335,150.02902916666665,104.36097916666668,0.17735504889361356,0.196128544600075,0.2429959508264596,70,p1,v6,source1,data-videos\VIPL\VIPL\p1-5\p1\v6\source1\video.avi
221.1492458333333,150.20923750000003,104.607325,0.1442887888345215,0.1669630326474489,0.21369581371335084,70,p1,v6,source1,data-videos\VIPL\VIPL\p1-5\p1\v6\source1\video.avi
221.28527083333336,150.21002083333332,104.67757499999999,0.1671724928363208,0.1916241098587701,0.25881516476800254,70,p1,v6,source1,data-videos\VIPL\VIPL\p1-5\p1\v6\source1\video.avi
221.46637916666666,150.44368333333333,104.46750000000002,0.2559243701353333,0.17552855170962403,0.279769236194463,70,p1,v6,source1,data-videos\VIPL\VIPL\p1-5\p1\v6\source1\video.avi
221.56016250000002,150.48112916666668,104.40616666666666,0.35138878372308224,0.1554168891866159,0.22593746638235446,70,p1,v6,source1,data-videos\VIPL\VIPL\p1-5\p1\v6\source1\video.avi
220.9447458333333,149.9463,103.91356249999998,0.4957093350554469,0.4506464291406535,0.3701917237410755,70,p1,v6,source1,data-videos\VIPL\VIPL\p1-5\p1\v6\source1\video.avi
220.3917625,149.60414166666666,103.47937083333332,0.18170459017393284,0.17545341380739016,0.2611307218404016,69,p1,v6,source1,data-videos\VIPL\VIPL\p1-5\p1\v6\source1\video.avi
220.46895,149.76335833333331,103.62937500000002,0.21041946970080197,0.13837827231903088,0.23508687814886275,69,p1,v6,source1,data-videos\VIPL\VIPL\p1-5\p1\v6\source1\video.avi
219.38401250000004,149.08398749999998,103.1839875,0.2525674124807532,0.35276199202979885,0.23147419972620978,69,p1,v6,source1,data-videos\VIPL\VIPL\p1-5\p1\v6\source1\video.avi
219.710875,149.2910375,103.3218375,0.33167030986273544,0.2709405820983213,0.25919270849869336,69,p1,v6,source1,data-videos\VIPL\VIPL\p1-5\p1\v6\source1\video.avi
219.7111375,149.3320625,103.21713333333334,0.4095869361489517,0.25235239084792654,0.291473224720842,69,p1,v6,source1,data-videos\VIPL\VIPL\p1-5\p1\v6\source1\video.avi
220.72874583333333,149.98855416666666,103.82555416666666,0.264629901544906,0.26131715697171143,0.2603933501561745,69,p1,v6,source1,data-videos\VIPL\VIPL\p1-5\p1\v6\source1\video.avi
220.19497083333334,149.72285416666668,103.57525833333335,0.24738394010008785,0.25978758183102585,0.23481876529511417,69,p1,v6,source1,data-videos\VIPL\VIPL\p1-5\p1\v6\source1\video.avi
219.63772916666665,149.15766250000001,103.37461666666668,0.18898935109256695,0.2557885412742774,0.20276630234843013,69,p1,v6,source1,data-videos\VIPL\VIPL\p1-5\p1\v6\source1\video.avi
220.11640833333334,149.62490416666668,103.54909166666667,0.4240897852312648,0.3882475125573164,0.29307909869227755,69,p1,v6,source1,data-videos\VIPL\VIPL\p1-5\p1\v6\source1\video.avi
220.48024583333333,149.84189583333333,103.69336666666668,0.23967541324732847,0.13306705507312422,0.24201341273665908,69,p1,v6,source1,data-videos\VIPL\VIPL\p1-5\p1\v6\source1\video.avi
221.125725,150.19844583333332,104.06206666666667,0.3391000362991065,0.28781162145480615,0.17954653209544288,69,p1,v6,source1,data-videos\VIPL\VIPL\p1-5\p1\v6\source1\video.avi
220.65709583333333,149.9617625,103.48234583333333,0.7420485646683707,0.5768220948414018,0.5301020760586267,69,p1,v6,source1,data-videos\VIPL\VIPL\p1-5\p1\v6\source1\video.avi
219.04184999999998,148.739775,102.69725833333334,0.561869748986711,0.4139261538406739,0.3841855062716009,69,p1,v6,source1,data-videos\VIPL\VIPL\p1-5\p1\v6\source1\video.avi
118.75016666666666,95.55611666666665,70.1618,0.9806880326388767,0.9985872762029583,0.845691115157861,83,p2,v1,source1,data-videos\VIPL\VIPL\p1-5\p2\v1\source1\video.avi
118.94205416666668,96.10385000000001,71.0782125,0.43116440124711036,0.17631724357516623,0.26491559137875614,84,p2,v1,source1,data-videos\VIPL\VIPL\p1-5\p2\v1\source1\video.avi
122.13212083333333,98.13582083333334,72.28857083333332,2.211792210602512,1.608588632403764,1.0332627410027153,85,p2,v1,source1,data-videos\VIPL\VIPL\p1-5\p2\v1\source1\video.avi
128.709275,103.19992083333332,75.4075125,0.4030096642503355,0.24005509039303974,0.29182613694011056,85,p2,v1,source1,data-videos\VIPL\VIPL\p1-5\p2\v1\source1\video.avi
128.21753333333334,103.39743333333334,75.59846666666667,0.45021795042173246,0.21101116898756694,0.3288066220778127,85,p2,v1,source1,data-videos\VIPL\VIPL\p1-5\p2\v1\source1\video.avi
127.37205833333336,103.1001125,75.2197,0.18946787986357927,0.1579169770225614,0.2489380018197301,85,p2,v1,source1,data-videos\VIPL\VIPL\p1-5\p2\v1\source1\video.avi
127.58870833333334,103.30317500000001,75.02995416666667,0.10882567210783627,0.13530871376534961,0.26053218784399357,85,p2,v1,source1,data-videos\VIPL\VIPL\p1-5\p2\v1\source1\video.avi
127.46522916666667,102.96309583333334,74.93160416666666,0.12283656288156058,0.1924765351860384,0.2743492046846709,85,p2,v1,source1,data-videos\VIPL\VIPL\p1-5\p2\v1\source1\video.avi
127.29994583333333,102.56081666666665,74.76345416666668,0.21114781823602408,0.2412213222016716,0.2126817863780188,85,p2,v1,source1,data-videos\VIPL\VIPL\p1-5\p2\v1\source1\video.avi
127.24834999999999,102.2734,74.93621666666667,0.17118461008270255,0.20434803993092476,0.23620587058456166,85,p2,v1,source1,data-videos\VIPL\VIPL\p1-5\p2\v1\source1\video.avi
126.63890416666665,101.55383749999999,74.46040833333333,0.4814624568192089,0.5096348763453096,0.40466726399427233,86,p2,v1,source1,data-videos\VIPL\VIPL\p1-5\p2\v1\source1\video.avi
125.99498750000001,100.78902083333332,73.97290833333334,0.2090877970494696,0.2514820549429586,0.2738465534316402,86,p2,v1,source1,data-videos\VIPL\VIPL\p1-5\p2\v1\source1\video.avi
125.18692499999999,100.319325,73.49720416666666,0.753955768808387,0.593310503364619,0.47113540520186153,86,p2,v1,source1,data-videos\VIPL\VIPL\p1-5\p2\v1\source1\video.avi
124.17811666666667,99.64781666666666,72.86158333333334,0.4795932529744462,0.40105386721701575,0.3618755733060112,86,p2,v1,source1,data-videos\VIPL\VIPL\p1-5\p2\v1\source1\video.avi
124.609375,100.40982083333333,73.21511666666666,0.17845661383325895,0.18154415909466495,0.23278877548768562,85,p2,v1,source1,data-videos\VIPL\VIPL\p1-5\p2\v1\source1\video.avi
124.70707083333333,100.5300875,73.40390416666666,0.37179613580189597,0.2932289079039717,0.2737508769646024,84,p2,v1,source1,data-videos\VIPL\VIPL\p1-5\p2\v1\source1\video.avi
123.65103333333334,99.90998333333333,73.7771875,0.7301529044107435,0.7672665393659195,0.5842781463112778,83,p2,v1,source1,data-videos\VIPL\VIPL\p1-5\p2\v1\source1\video.avi
122.76270000000001,98.87523333333334,73.04353333333333,0.4847720620946516,0.3079220233521427,0.2661412384143475,81,p2,v1,source1,data-videos\VIPL\VIPL\p1-5\p2\v1\source1\video.avi
123.55441666666665,99.11223333333334,72.95142916666667,0.38370451911087783,0.26471202919923686,0.18933108566740922,80,p2,v1,source1,data-videos\VIPL\VIPL\p1-5\p2\v1\source1\video.avi
124.06224166666667,99.71925833333333,72.89757083333333,0.14026244968510523,0.22293882350945154,0.2379997733571504,79,p2,v1,source1,data-videos\VIPL\VIPL\p1-5\p2\v1\source1\video.avi
125.19240416666668,100.40545416666666,73.23404166666666,0.3977717307161776,0.2831093414237494,0.3213163976994583,78,p2,v1,source1,data-videos\VIPL\VIPL\p1-5\p2\v1\source1\video.avi
125.96379583333332,101.17494583333333,73.77394166666666,0.15087631201675888,0.24274943700587026,0.32268602203914076,77,p2,v1,source1,data-videos\VIPL\VIPL\p1-5\p2\v1\source1\video.avi
125.6749375,101.39563749999999,73.78334166666667,0.772217995654402,0.4804963482995128,0.4214286423880077,77,p2,v1,source1,data-videos\VIPL\VIPL\p1-5\p2\v1\source1\video.avi
124.84260000000002,100.87075833333334,73.64507499999999,0.2862667715246857,0.19324105313844572,0.24774209280744056,76,p2,v1,source1,data-videos\VIPL\VIPL\p1-5\p2\v1\source1\video.avi
124.99838333333335,100.704,73.60307916666666,0.2671708370697583,0.2024755943797777,0.3043730950202749,76,p2,v1,source1,data-videos\VIPL\VIPL\p1-5\p2\v1\source1\video.avi
125.50325000000001,100.85861666666666,74.1145625,0.25253954585811367,0.16449548161643465,0.30076422047750945,76,p2,v1,source1,data-videos\VIPL\VIPL\p1-5\p2\v1\source1\video.avi
126.53553333333332,100.90423333333334,75.71299583333334,0.8049831920691818,0.3356715709464633,0.2939482535479475,101,p2,v3,source1,data-videos\VIPL\VIPL\p1-5\p2\v3\source1\video.avi
126.95204166666666,100.80759166666668,75.44964166666666,0.692983061436209,0.5398365230622553,0.42038377088844436,100,p2,v3,source1,data-videos\VIPL\VIPL\p1-5\p2\v3\source1\video.avi
127.45451666666668,100.75493333333334,74.77000416666668,0.5374770060327119,0.33999592123778954,0.37170121111885357,99,p2,v3,source1,data-videos\VIPL\VIPL\p1-5\p2\v3\source1\video.avi
126.93014583333331,100.2491625,73.80746250000001,0.810701332288045,0.5717434270926178,0.7858506404288911,97,p2,v3,source1,data-videos\VIPL\VIPL\p1-5\p2\v3\source1\video.avi
126.22422499999999,99.85979583333334,73.3018375,1.6799910530825746,1.340042890806629,0.878537052335522,95,p2,v3,source1,data-videos\VIPL\VIPL\p1-5\p2\v3\source1\video.avi
127.7387125,100.35594583333334,73.89061666666666,1.5883822559031737,1.1076072100259142,0.7692685017003715,92,p2,v3,source1,data-videos\VIPL\VIPL\p1-5\p2\v3\source1\video.avi
127.15597083333334,99.3321375,73.17290416666668,0.477771225980595,0.5411527779631377,0.34668230924243365,92,p2,v3,source1,data-videos\VIPL\VIPL\p1-5\p2\v3\source1\video.avi
127.17865000000002,98.69725,73.07881666666667,0.6335970911029876,0.6033722902650746,0.4419164563689865,91,p2,v3,source1,data-videos\VIPL\VIPL\p1-5\p2\v3\source1\video.avi
126.51914583333333,97.8152625,72.67699583333334,0.8022638541444249,0.6065889438537054,0.41202005294375765,92,p2,v3,source1,data-videos\VIPL\VIPL\p1-5\p2\v3\source1\video.avi
130.07486666666665,100.40023333333335,74.81635,0.7685756111596604,0.45392408590411815,0.3815312333399292,93,p2,v3,source1,data-videos\VIPL\VIPL\p1-5\p2\v3\source1\video.avi
129.93114583333332,100.33031249999998,74.70494583333333,1.4790512405081209,1.0604243610559085,0.7417872187372495,96,p2,v3,source1,data-videos\VIPL\VIPL\p1-5\p2\v3\source1\video.avi
130.38038333333333,100.74566666666668,74.95206666666667,1.1718498274037124,0.9487099016193276,0.7507352354988037,96,p2,v3,source1,data-videos\VIPL\VIPL\p1-5\p2\v3\source1\video.avi
128.4663541666667,99.21075416666666,73.84512083333333,0.6597600462110365,0.5464500081015342,0.5119120294909065,97,p2,v3,source1,data-videos\VIPL\VIPL\p1-5\p2\v3\source1\video.avi
128.6090291666667,99.22936250000001,73.8654625,1.7578220587937632,1.400890978674623,0.9238695217933157,98,p2,v3,source1,data-videos\VIPL\VIPL\p1-5\p2\v3\source1\video.avi
129.9829375,100.06473749999999,74.54847083333333,0.7109654747243375,0.5928071996629447,0.4937554137537228,98,p2,v3,source1,data-videos\VIPL\VIPL\p1-5\p2\v3\source1\video.avi
129.6328625,99.72427916666668,74.31397916666667,0.7711567852457466,0.5268377754083531,0.5360634242248449,98,p2,v3,source1,data-videos\VIPL\VIPL\p1-5\p2\v3\source1\video.avi
128.75263333333334,99.12216666666667,73.87305,1.0275171584299974,0.8576892714058644,0.6086475761712731,98,p2,v3,source1,data-videos\VIPL\VIPL\p1-5\p2\v3\source1\video.avi
129.71460416666665,99.79337083333331,74.2784375,0.5617324755895312,0.46038044152363683,0.3750783008530786,98,p2,v3,source1,data-videos\VIPL\VIPL\p1-5\p2\v3\source1\video.avi
130.29295416666665,100.22082083333333,74.48298750000001,0.6855302406410183,0.5501188731386463,0.5062379720107479,98,p2,v3,source1,data-videos\VIPL\VIPL\p1-5\p2\v3\source1\video.avi
128.756625,99.07842500000001,73.67675833333332,0.8877899751239329,0.674712314156932,0.5856392328402079,98,p2,v3,source1,data-videos\VIPL\VIPL\p1-5\p2\v3\source1\video.avi
119.97539166666665,107.40379999999999,91.25568333333332,1.403127183640965,1.7248895871266012,1.854932333737016,89,p2,v4,source1,data-videos\VIPL\VIPL\p1-5\p2\v4\source1\video.avi
112.98670833333334,101.88670416666668,87.11338749999999,2.4378251081266065,1.3613421067068534,0.64799268452768,89,p2,v4,source1,data-videos\VIPL\VIPL\p1-5\p2\v4\source1\video.avi
115.54162500000001,103.87871249999998,88.73532083333333,1.6437785110539593,1.2692958191973793,0.9077976698061948,89,p2,v4,source1,data-videos\VIPL\VIPL\p1-5\p2\v4\source1\video.avi
118.52600000000001,106.07824166666666,89.91069166666668,0.4393073719093368,0.37571788960527974,0.43161482643993615,89,p2,v4,source1,data-videos\VIPL\VIPL\p1-5\p2\v4\source1\video.avi
118.89549583333336,106.83259583333333,90.94576666666666,0.20649044965472688,0.1669827963319368,0.22945112247310093,88,p2,v4,source1,data-videos\VIPL\VIPL\p1-5\p2\v4\source1\video.avi
117.26786666666666,105.836575,90.65597500000001,1.3495942066686617,0.866756166913131,0.5005097027725284,88,p2,v4,source1,data-videos\VIPL\VIPL\p1-5\p2\v4\source1\video.avi
116.32583333333334,104.80108333333334,89.55096666666667,1.2091259268349366,1.2144721618647512,1.388766647352468,88,p2,v4,source1,data-videos\VIPL\VIPL\p1-5\p2\v4\source1\video.avi
108.06748749999998,96.34500833333334,82.03238333333333,1.777952273225592,2.0834228282694247,2.4779455300221875,88,p2,v4,source1,data-videos\VIPL\VIPL\p1-5\p2\v4\source1\video.avi
112.96599583333335,101.84881666666666,87.74690833333334,1.1940020974646568,1.0895664633333917,0.9496400367558869,88,p2,v4,source1,data-videos\VIPL\VIPL\p1-5\p2\v4\source1\video.avi
114.49744166666667,102.55036249999999,87.52429583333334,0.227459762696248,0.4020031743500305,0.7014798966342104,87,p2,v4,source1,data-videos\VIPL\VIPL\p1-5\p2\v4\source1\video.avi
114.94165416666667,102.5464625,87.1303875,0.29094548088468786,0.2539614651160465,0.28734016317772115,86,p2,v4,source1,data-videos\VIPL\VIPL\p1-5\p2\v4\source1\video.avi
115.82799583333335,103.22223333333332,87.5502875,0.19683165589886467,0.19611683840393654,0.3817077457878543,86,p2,v4,source1,data-videos\VIPL\VIPL\p1-5\p2\v4\source1\video.avi
116.4320875,103.44759166666668,87.46734166666667,0.18217313641682875,0.2121530159754966,0.31642491199422884,86,p2,v4,source1,data-videos\VIPL\VIPL\p1-5\p2\v4\source1\video.avi
116.78094999999999,103.58538333333334,87.51118333333332,0.24615118103232927,0.2352831732868802,0.24309941110696928,86,p2,v4,source1,data-videos\VIPL\VIPL\p1-5\p2\v4\source1\video.avi
116.61935416666667,103.32419583333335,87.34815416666666,0.26836223640921464,0.2244443689579773,0.42563143913386825,86,p2,v4,source1,data-videos\VIPL\VIPL\p1-5\p2\v4\source1\video.avi
117.4597,104.44725,88.6111875,0.3845989414492558,0.3955417654236334,0.38665108512966073,86,p2,v4,source1,data-videos\VIPL\VIPL\p1-5\p2\v4\source1\video.avi
118.71220833333335,105.50655833333334,89.21972916666668,0.34641542628676897,0.39433402947951973,0.38071168621521695,86,p2,v4,source1,data-videos\VIPL\VIPL\p1-5\p2\v4\source1\video.avi
119.33090416666668,106.21397916666666,89.70314583333332,0.2804452030428085,0.23392943944465147,0.2708683615168695,86,p2,v4,source1,data-videos\VIPL\VIPL\p1-5\p2\v4\source1\video.avi
105.34288333333333,79.03143333333334,58.771350000000005,0.6038280981809121,0.48021781378927864,0.4041507583638942,90,p2,v5,source1,data-videos\VIPL\VIPL\p1-5\p2\v5\source1\video.avi
106.88420833333332,80.08419166666665,59.540758333333336,0.3365356464320601,0.3193798723263924,0.3416987351820319,89,p2,v5,source1,data-videos\VIPL\VIPL\p1-5\p2\v5\source1\video.avi
105.95458333333335,79.19323333333332,58.973083333333335,1.4953762277433735,1.2165801797456663,0.7322896621594195,89,p2,v5,source1,data-videos\VIPL\VIPL\p1-5\p2\v5\source1\video.avi
101.45089583333335,75.6408625,56.78809583333334,0.31886230864591014,0.2569635956976955,0.3281750590386178,89,p2,v5,source1,data-videos\VIPL\VIPL\p1-5\p2\v5\source1\video.avi
102.38311666666667,76.47168333333335,57.14188333333333,2.1339542319349447,1.6905570289992027,1.1199987432253615,89,p2,v5,source1,data-videos\VIPL\VIPL\p1-5\p2\v5\source1\video.avi
76.92012500000001,60.043391666666665,48.820575,11.69842181040531,11.29591545902151,12.752008843827532,89,p2,v5,source1,data-videos\VIPL\VIPL\p1-5\p2\v5\source1\video.avi
163.00126250000002,168.60982916666669,169.38752916666664,8.396989685324819,8.841000520572146,9.049012638383157,89,p2,v5,source1,data-videos\VIPL\VIPL\p1-5\p2\v5\source1\video.avi
163.43069166666666,168.05629166666665,168.123225,0.248003342481396,0.09199571151689519,0.18931562481372377,90,p2,v5,source1,data-videos\VIPL\VIPL\p1-5\p2\v5\source1\video.avi
163.639375,167.792025,167.61627499999997,0.6863776432090586,0.41739911048126804,0.394583064149854,90,p2,v5,source1,data-videos\VIPL\VIPL\p1-5\p2\v5\source1\video.avi
149.76594166666666,119.98305,99.29333333333332,18.741891628065716,15.805175023650612,23.77907732300253,90,p2,v5,source1,data-videos\VIPL\VIPL\p1-5\p2\v5\source1\video.avi
121.377325,88.09957916666666,61.5118125,3.32875251631315,4.826429303131351,6.440423952600955,90,p2,v5,source1,data-videos\VIPL\VIPL\p1-5\p2\v5\source1\video.avi
128.39233750000002,93.00398750000001,64.1240375,2.048288585268607,1.6887967716814427,1.4197226790771886,90,p2,v5,source1,data-videos\VIPL\VIPL\p1-5\p2\v5\source1\video.avi
124.04056250000002,89.65064583333334,62.310812500000004,0.7802010719510785,0.5410542924659528,0.5003623036319118,90,p2,v5,source1,data-videos\VIPL\VIPL\p1-5\p2\v5\source1\video.avi
123.81827916666667,89.25047916666666,62.42919583333333,0.28106835819630616,0.23590541632482592,0.23290527797141944,90,p2,v5,source1,data-videos\VIPL\VIPL\p1-5\p2\v5\source1\video.avi
124.18125,89.29883333333333,62.658849999999994,0.31165556742713985,0.27605988619118293,0.28782936218549904,90,p2,v5,source1,data-videos\VIPL\VIPL\p1-5\p2\v5\source1\video.avi
124.29061666666668,89.21775000000001,62.832416666666674,0.2579998383666595,0.22182362472493988,0.24795653390933944,90,p2,v5,source1,data-videos\VIPL\VIPL\p1-5\p2\v5\source1\video.avi
125.7285625,90.27569583333336,63.6924125,0.9004452038320635,0.6632905566975659,0.525204380422782,90,p2,v5,source1,data-videos\VIPL\VIPL\p1-5\p2\v5\source1\video.avi
126.62492916666666,90.7871625,64.1773625,0.19002218373784652,0.12108285400799754,0.23481604746233498,90,p2,v5,source1,data-videos\VIPL\VIPL\p1-5\p2\v5\source1\video.avi
127.02076666666666,90.67581666666666,64.38773333333333,0.27577274145671976,0.17594981745909444,0.25004125923424003,90,p2,v5,source1,data-videos\VIPL\VIPL\p1-5\p2\v5\source1\video.avi
126.85630416666667,90.02720416666669,64.07777083333333,0.1761977269803893,0.36111717891803785,0.1917565346380376,93,p2,v5,source1,data-videos\VIPL\VIPL\p1-5\p2\v5\source1\video.avi
127.39774583333333,90.1416125,64.27682916666666,0.6585684402708895,0.5115843447280538,0.45856488571381293,96,p2,v5,source1,data-videos\VIPL\VIPL\p1-5\p2\v5\source1\video.avi
116.98163333333336,82.12171666666667,58.49856666666667,3.20091219199591,2.3907490933878286,1.718553109500434,97,p2,v5,source1,data-videos\VIPL\VIPL\p1-5\p2\v5\source1\video.avi
116.65862083333333,82.1302375,58.3098375,0.5704311145905835,0.5592654831649478,0.30880920074582924,100,p2,v5,source1,data-videos\VIPL\VIPL\p1-5\p2\v5\source1\video.avi
118.58903333333332,83.83973333333333,59.37171666666667,0.8095032521295593,0.651487491405886,0.509495450244106,101,p2,v5,source1,data-videos\VIPL\VIPL\p1-5\p2\v5\source1\video.avi
119.92541666666666,85.32858333333334,60.3179,0.4624019321704876,0.3835783116660212,0.4109080282841075,101,p2,v5,source1,data-videos\VIPL\VIPL\p1-5\p2\v5\source1\video.avi
121.24850833333333,86.35694166666666,61.22165833333334,0.40436322187896023,0.24582189394288467,0.329265264663446,101,p2,v5,source1,data-videos\VIPL\VIPL\p1-5\p2\v5\source1\video.avi
181.45142083333332,123.60180833333335,69.75627083333335,0.25553356297276386,0.26712356834223455,0.2857807288814277,90,p2,v6,source1,data-videos\VIPL\VIPL\p1-5\p2\v6\source1\video.avi
179.66273333333334,122.04080833333333,69.36685,0.4569385208920363,0.36298875728686875,0.3201576573975349,90,p2,v6,source1,data-videos\VIPL\VIPL\p1-5\p2\v6\source1\video.avi
177.72423333333333,120.20208333333333,69.51040416666667,2.6975812299323536,1.9607891819738896,0.6948774368099039,90,p2,v6,source1,data-videos\VIPL\VIPL\p1-5\p2\v6\source1\video.avi
193.81152916666667,129.11235416666668,69.7450875,3.189262134344321,1.3755842606542585,0.6670288597371357,90,p2,v6,source1,data-videos\VIPL\VIPL\p1-5\p2\v6\source1\video.avi
192.0052625,129.26159166666665,70.3313375,2.1476876650313437,0.7382848087186439,0.3803773832857024,90,p2,v6,source1,data-videos\VIPL\VIPL\p1-5\p2\v6\source1\video.avi
185.2322416666667,125.8309875,69.79345416666666,1.935259229136586,1.159849707442377,0.4276592039083222,90,p2,v6,source1,data-videos\VIPL\VIPL\p1-5\p2\v6\source1\video.avi
182.97197083333333,124.67181666666667,69.7786625,0.21446233425126068,0.28182562557220825,0.23416906263602083,90,p2,v6,source1,data-videos\VIPL\VIPL\p1-5\p2\v6\source1\video.avi
182.16651666666664,123.80601249999998,69.50711666666668,0.6214814577494547,0.44524225861228334,0.2901327128684181,91,p2,v6,source1,data-videos\VIPL\VIPL\p1-5\p2\v6\source1\video.avi
181.51163333333335,123.33113750000001,69.37535416666667,0.7716478594720404,0.424763165138332,0.5517347704689667,91,p2,v6,source1,data-videos\VIPL\VIPL\p1-5\p2\v6\source1\video.avi
177.83454583333332,121.53526666666667,68.10742916666668,1.1661644201213401,0.9626699169461236,0.8444716089769126,91,p2,v6,source1,data-videos\VIPL\VIPL\p1-5\p2\v6\source1\video.avi
179.1459,122.84781666666666,68.86988333333333,0.3538943510447556,0.2043841369007571,0.21069542451064868,91,p2,v6,source1,data-videos\VIPL\VIPL\p1-5\p2\v6\source1\video.avi
179.08955000000003,123.09678333333335,69.17717916666668,0.49113590147257297,0.28039432383748103,0.21771297028554734,91,p2,v6,source1,data-videos\VIPL\VIPL\p1-5\p2\v6\source1\video.avi
176.35396250000002,121.17087916666668,67.78877916666667,2.2741591344155854,1.5231433831699646,1.3247351145475368,90,p2,v6,source1,data-videos\VIPL\VIPL\p1-5\p2\v6\source1\video.avi
177.65469999999996,121.43135416666667,67.49100416666666,1.2439091586886284,0.7258569785423367,0.5207643695008951,90,p2,v6,source1,data-videos\VIPL\VIPL\p1-5\p2\v6\source1\video.avi
180.2339375,122.87072916666666,68.34256666666666,0.7249353760709748,0.5551515121017752,0.28296277066662645,88,p2,v6,source1,data-videos\VIPL\VIPL\p1-5\p2\v6\source1\video.avi
101.48320000000001,79.93544999999999,59.611387500000006,1.610381816817833,1.3173639127349706,1.0591463325480572,107,p2,v7,source1,data-videos\VIPL\VIPL\p1-5\p2\v7\source1\video.avi
101.1479125,80.27804583333332,59.97110416666667,1.280490692512489,0.8967029332040053,0.7602483192644651,106,p2,v7,source1,data-videos\VIPL\VIPL\p1-5\p2\v7\source1\video.avi
110.23149166666666,86.88005833333332,64.43195,3.800120229357151,2.9724587086072347,2.035513894283073,107,p2,v7,source1,data-videos\VIPL\VIPL\p1-5\p2\v7\source1\video.avi
112.66536666666667,88.98455000000001,66.05361249999999,1.955979734641028,1.3776150983246174,1.053784352906493,107,p2,v7,source1,data-videos\VIPL\VIPL\p1-5\p2\v7\source1\video.avi
112.541275,88.472775,66.08152500000001,0.8832599238757521,0.5495397418269415,0.5330813930322666,107,p2,v7,source1,data-videos\VIPL\VIPL\p1-5\p2\v7\source1\video.avi
112.59839583333334,88.00989583333335,65.91149583333333,0.4240485653364357,0.49317874654294086,0.41898505517301454,107,p2,v7,source1,data-videos\VIPL\VIPL\p1-5\p2\v7\source1\video.avi
112.63497083333336,87.73417083333334,65.93080416666666,0.8440443115918492,0.5885158080454979,0.5910224438185266,106,p2,v7,source1,data-videos\VIPL\VIPL\p1-5\p2\v7\source1\video.avi
114.54253333333332,89.12021666666665,66.71011666666668,1.049072191238789,0.8665340362857445,0.5387190490593816,107,p2,v7,source1,data-videos\VIPL\VIPL\p1-5\p2\v7\source1\video.avi
115.37397499999999,89.81025833333334,66.700925,0.2383727616715986,0.16959633989843134,0.2856108605180007,108,p2,v7,source1,data-videos\VIPL\VIPL\p1-5\p2\v7\source1\video.avi
116.48195833333334,90.90512500000001,66.89589166666667,0.6024489079016958,0.585736320648112,0.4387816792536012,106,p2,v7,source1,data-videos\VIPL\VIPL\p1-5\p2\v7\source1\video.avi
117.38607083333332,92.00627083333333,67.95827083333333,0.5007962631178245,0.38576058304414185,0.5493072831480081,106,p2,v7,source1,data-videos\VIPL\VIPL\p1-5\p2\v7\source1\video.avi
118.00847916666667,92.53371250000001,68.69512916666666,0.5632581210577453,0.4699064234194224,0.41851077773026213,106,p2,v7,source1,data-videos\VIPL\VIPL\p1-5\p2\v7\source1\video.avi
116.3111375,90.83223749999999,67.34795416666667,0.710724053684768,0.455980829199235,0.32788945365693606,104,p2,v7,source1,data-videos\VIPL\VIPL\p1-5\p2\v7\source1\video.avi
118.40001249999999,92.18981249999999,68.6396625,0.3093624693309698,0.2907019312753558,0.4064781317576904,103,p2,v7,source1,data-videos\VIPL\VIPL\p1-5\p2\v7\source1\video.avi
115.4279125,89.95856250000001,67.03214583333333,1.736697696579792,1.2138000461704281,0.9605943888349096,104,p2,v7,source1,data-videos\VIPL\VIPL\p1-5\p2\v7\source1\video.avi
112.81644166666665,88.083625,65.54945833333333,1.154021845110852,0.9395890146724026,0.672760703675328,104,p2,v7,source1,data-videos\VIPL\VIPL\p1-5\p2\v7\source1\video.avi
117.41209166666667,91.914575,68.129525,0.6865682574608124,0.694647017626377,0.48699937977658514,104,p2,v7,source1,data-videos\VIPL\VIPL\p1-5\p2\v7\source1\video.avi
118.75830833333333,92.85470833333333,68.68819166666667,0.7086667286962975,0.49550389966511277,0.4323522094954012,103,p2,v7,source1,data-videos\VIPL\VIPL\p1-5\p2\v7\source1\video.avi
117.54977083333331,92.49555416666666,67.8872875,0.48280640458216195,0.33712696812757265,0.35033535580608677,103,p2,v7,source1,data-videos\VIPL\VIPL\p1-5\p2\v7\source1\video.avi
119.58342499999999,94.21609166666666,69.71049166666667,0.6314250811381182,0.4789047600529648,0.6489884868061555,103,p2,v7,source1,data-videos\VIPL\VIPL\p1-5\p2\v7\source1\video.avi
120.94352500000001,94.70775833333335,70.14044166666666,1.724661177896015,1.080838092350098,0.8119195315817255,103,p2,v7,source1,data-videos\VIPL\VIPL\p1-5\p2\v7\source1\video.avi
121.09902916666665,94.15007916666666,69.70774583333333,0.9619217142291555,0.9366990918171711,0.6914673852475702,103,p2,v7,source1,data-videos\VIPL\VIPL\p1-5\p2\v7\source1\video.avi
119.94440833333333,93.06569166666668,69.09190833333334,0.6495166804322432,0.46225453497415103,0.6170188252069166,103,p2,v7,source1,data-videos\VIPL\VIPL\p1-5\p2\v7\source1\video.avi
121.263625,94.13250833333333,70.28082500000001,0.681076897605101,0.6272330184860868,0.4151491897582644,102,p2,v7,source1,data-videos\VIPL\VIPL\p1-5\p2\v7\source1\video.avi
106.72607916666668,94.77809166666668,82.47617916666667,0.26482658417821403,0.2906471597286531,0.5713714234859738,72,p3,v1,source1,data-videos\VIPL\VIPL\p1-5\p3\v1\source1\video.avi
107.45220416666668,94.87685416666667,82.14268750000001,0.3205097322040317,0.2802904789752357,0.3775872657137246,72,p3,v1,source1,data-videos\VIPL\VIPL\p1-5\p3\v1\source1\video.avi
106.92855416666669,93.88675416666666,80.78088333333334,0.20867593978995788,0.24534179262476474,0.3070123944521163,72,p3,v1,source1,data-videos\VIPL\VIPL\p1-5\p3\v1\source1\video.avi
106.92595416666667,94.79675416666667,82.40361666666666,0.21469478028251057,0.5360128957170723,0.9051091542905499,72,p3,v1,source1,data-videos\VIPL\VIPL\p1-5\p3\v1\source1\video.avi
106.835275,94.914175,82.661425,0.509553501341287,0.8133931303368418,1.1975269749194464,74,p3,v1,source1,data-videos\VIPL\VIPL\p1-5\p3\v1\source1\video.avi
105.43352083333333,93.46330416666667,80.7227125,0.3833002136960582,0.26284878534688483,0.4399047832186075,74,p3,v1,source1,data-videos\VIPL\VIPL\p1-5\p3\v1\source1\video.avi
106.7109125,95.17467916666666,82.47285416666668,1.2072647880528198,1.1436475811460074,0.8766414375726527,74,p3,v1,source1,data-videos\VIPL\VIPL\p1-5\p3\v1\source1\video.avi
107.83574999999999,95.38820416666665,82.28804166666667,0.2888978217101833,0.4672692271324978,0.6152290957665909,75,p3,v1,source1,data-videos\VIPL\VIPL\p1-5\p3\v1\source1\video.avi
108.04040416666665,95.12043750000001,81.89769583333333,0.15759685987688699,0.396644479202654,0.5906627422685191,75,p3,v1,source1,data-videos\VIPL\VIPL\p1-5\p3\v1\source1\video.avi
107.76043333333332,95.60005,82.66707500000001,0.11704155423039521,0.15558807884210682,0.42551558485135194,75,p3,v1,source1,data-videos\VIPL\VIPL\p1-5\p3\v1\source1\video.avi
107.27665833333333,95.19630833333332,82.7434625,0.848290319452243,1.1778334929219023,1.2378245422778131,75,p3,v1,source1,data-videos\VIPL\VIPL\p1-5\p3\v1\source1\video.avi
103.46399583333334,90.70312916666667,78.02678750000001,0.9550742485316704,0.8484699886249498,0.6773056293290584,75,p3,v1,source1,data-videos\VIPL\VIPL\p1-5\p3\v1\source1\video.avi
102.88895416666666,90.87208749999999,78.93164583333333,0.7514906583704518,1.0251521150168945,1.092873991653175,75,p3,v1,source1,data-videos\VIPL\VIPL\p1-5\p3\v1\source1\video.avi
103.83992499999998,92.20460833333333,80.5915625,0.22526156578705023,0.36647937484597903,0.5007265771204106,76,p3,v1,source1,data-videos\VIPL\VIPL\p1-5\p3\v1\source1\video.avi
103.32410416666667,91.47515416666667,79.87071666666667,0.28054830986243123,0.30845784242835456,0.5811475599096046,76,p3,v1,source1,data-videos\VIPL\VIPL\p1-5\p3\v1\source1\video.avi
101.083075,87.32595833333333,73.87332500000001,6.994990082698375,7.836895440919811,9.132204578066554,76,p3,v1,source1,data-videos\VIPL\VIPL\p1-5\p3\v1\source1\video.avi
83.6076625,68.67979583333333,54.34239583333333,8.727192110709048,6.182185293277505,4.530740208487523,76,p3,v1,source1,data-videos\VIPL\VIPL\p1-5\p3\v1\source1\video.avi
89.82531666666665,75.87138333333333,62.82878333333334,1.8654227634384033,1.6609345445306634,1.5103738746007196,76,p3,v1,source1,data-videos\VIPL\VIPL\p1-5\p3\v1\source1\video.avi
95.61020833333333,81.582475,68.11839166666667,0.7463152888804209,0.5519955286151446,0.5440001261233506,76,p3,v1,source1,data-videos\VIPL\VIPL\p1-5\p3\v1\source1\video.avi
94.15643333333334,80.31676666666667,66.99056666666667,0.40344962842170384,0.6248615662522115,0.6912790248326728,76,p3,v1,source1,data-videos\VIPL\VIPL\p1-5\p3\v1\source1\video.avi
93.69327083333333,79.66820416666667,66.35613749999999,0.20031917890581474,0.28787394201812483,0.5253791925243142,76,p3,v1,source1,data-videos\VIPL\VIPL\p1-5\p3\v1\source1\video.avi
93.71988333333334,80.3469,67.56881666666666,0.18939081873792785,0.2073569396395171,0.3604461197984752,76,p3,v1,source1,data-videos\VIPL\VIPL\p1-5\p3\v1\source1\video.avi
94.27008333333333,81.08703333333334,68.31955,0.12271327805543777,0.2426651662613868,0.3268158124659477,76,p3,v1,source1,data-videos\VIPL\VIPL\p1-5\p3\v1\source1\video.avi
94.32832916666668,81.3305625,68.30834166666668,0.16279849315948855,0.2613012675640051,0.4286797226579027,76,p3,v1,source1,data-videos\VIPL\VIPL\p1-5\p3\v1\source1\video.avi
94.83686250000001,82.0946625,69.01058333333333,0.24012806609182558,0.19727112107030137,0.3006906243342155,76,p3,v1,source1,data-videos\VIPL\VIPL\p1-5\p3\v1\source1\video.avi
94.73367916666666,81.72537916666666,68.70067916666666,0.2598286857479377,0.4627337902722495,0.5625801919072431,76,p3,v1,source1,data-videos\VIPL\VIPL\p1-5\p3\v1\source1\video.avi
94.72842083333333,81.5670875,68.61707083333333,0.2135695300520816,0.23720022103933974,0.4050437651250389,74,p3,v1,source1,data-videos\VIPL\VIPL\p1-5\p3\v1\source1\video.avi
95.74965416666666,82.56427083333334,69.85911666666667,0.7527438256924162,0.6159076360509216,0.5076010949869435,73,p3,v1,source1,data-videos\VIPL\VIPL\p1-5\p3\v1\source1\video.avi
96.33488749999998,82.6521375,69.2088125,0.2517553719221651,0.3306484043386071,0.461052863623637,72,p3,v1,source1,data-videos\VIPL\VIPL\p1-5\p3\v1\source1\video.avi
96.00139583333333,82.42189583333332,69.414575,0.2927474262150846,0.09534633506910915,0.36031241979858414,71,p3,v1,source1,data-videos\VIPL\VIPL\p1-5\p3\v1\source1\video.avi
96.31525416666665,77.7431875,59.18237083333334,6.624400156746374,5.060017927288318,3.582165704904763,76,p3,v2,source1,data-videos\VIPL\VIPL\p1-5\p3\v2\source1\video.avi
97.2689375,78.56937083333334,59.84510416666667,10.71694475849331,8.068576314427231,6.051444407323805,76,p3,v2,source1,data-videos\VIPL\VIPL\p1-5\p3\v2\source1\video.avi
81.31726250000001,66.90447916666666,51.17639583333334,18.250943640475484,13.76387878251465,9.75306729423279,76,p3,v2,source1,data-videos\VIPL\VIPL\p1-5\p3\v2\source1\video.avi
95.17542083333333,78.06325416666667,59.35917083333333,12.042840145116655,9.294862067950348,6.8831489490841165,77,p3,v2,source1,data-videos\VIPL\VIPL\p1-5\p3\v2\source1\video.avi
121.48586666666667,99.3477125,73.70829166666667,22.431593329539485,18.20208391923905,11.906586874681604,77,p3,v2,source1,data-videos\VIPL\VIPL\p1-5\p3\v2\source1\video.avi
143.12120000000002,116.88852916666667,85.13941249999999,5.275212508400463,4.791747768817268,1.6576347565151215,77,p3,v2,source1,data-videos\VIPL\VIPL\p1-5\p3\v2\source1\video.avi
104.5846125,85.71159583333333,64.7430625,16.36484031780291,13.138853122306703,9.469895884230182,77,p3,v2,source1,data-videos\VIPL\VIPL\p1-5\p3\v2\source1\video.avi
94.07021249999998,76.94334583333334,58.38507916666667,12.136610022886904,9.549451934549845,6.698411372689631,76,p3,v2,source1,data-videos\VIPL\VIPL\p1-5\p3\v2\source1\video.avi
91.75775833333333,75.07710833333333,57.12609166666666,21.10322840035711,16.42636723754339,11.612737510918777,75,p3,v2,source1,data-videos\VIPL\VIPL\p1-5\p3\v2\source1\video.avi
77.64699166666666,64.196375,49.46114166666666,18.235259073382203,14.040812008393056,9.877993893092826,74,p3,v2,source1,data-videos\VIPL\VIPL\p1-5\p3\v2\source1\video.avi
96.31066249999999,78.54527916666667,59.334629166666666,12.89774849782953,10.118243998257006,7.185225292952623,73,p3,v2,source1,data-videos\VIPL\VIPL\p1-5\p3\v2\source1\video.avi
72.8327625,60.89072916666668,46.725645833333346,15.206980625889564,12.300148892574995,8.381271859798321,72,p3,v2,source1,data-videos\VIPL\VIPL\p1-5\p3\v2\source1\video.avi
103.1675375,86.04730416666668,65.5875375,9.802029577335773,8.95473712853015,7.3763401624792335,72,p3,v2,source1,data-videos\VIPL\VIPL\p1-5\p3\v2\source1\video.avi
85.52927500000001,76.61298333333335,64.15709583333334,5.352352497244268,7.3340752544842,8.645771397083374,72,p3,v2,source1,data-videos\VIPL\VIPL\p1-5\p3\v2\source1\video.avi
102.012125,83.62935833333333,62.65485833333332,4.848337145405716,4.035258127013926,3.004456532172712,72,p3,v2,source1,data-videos\VIPL\VIPL\p1-5\p3\v2\source1\video.avi
88.66460833333335,76.41985416666667,60.90844166666667,6.266177778697003,4.854435554337423,5.8091156574620575,72,p3,v2,source1,data-videos\VIPL\VIPL\p1-5\p3\v2\source1\video.avi
85.50773749999999,71.84682916666667,55.4324125,5.129213302617663,4.118849035236597,4.197052446058457,72,p3,v2,source1,data-videos\VIPL\VIPL\p1-5\p3\v2\source1\video.avi
86.37296666666666,71.63076666666666,54.04876666666666,4.710212790914486,3.8055760768647837,2.8286671674424104,72,p3,v2,source1,data-videos\VIPL\VIPL\p1-5\p3\v2\source1\video.avi
76.421075,65.19067083333333,51.317408333333326,4.885968072179874,4.08820111544338,4.06650762531817,72,p3,v2,source1,data-videos\VIPL\VIPL\p1-5\p3\v2\source1\video.avi
107.61968749999998,87.71680416666666,65.56825416666668,6.410426444852254,4.9324177063023,3.6341821510982517,71,p3,v2,source1,data-videos\VIPL\VIPL\p1-5\p3\v2\source1\video.avi
106.2359625,94.57243333333334,78.73855416666666,6.773931377854002,9.408853799445515,12.580689051506456,71,p3,v2,source1,data-videos\VIPL\VIPL\p1-5\p3\v2\source1\video.avi
108.07359166666667,90.61398333333335,69.55292916666666,10.84860908219728,7.8118423446682135,6.485531577330846,72,p3,v2,source1,data-videos\VIPL\VIPL\p1-5\p3\v2\source1\video.avi
111.43234166666667,91.10621666666668,68.0189625,11.383719224758007,8.945799508296554,6.206812575800168,72,p3,v2,source1,data-videos\VIPL\VIPL\p1-5\p3\v2\source1\video.avi
98.5525125,81.20222916666667,61.18017916666667,3.880557078099597,3.2654860414348037,2.2010185133503795,73,p3,v2,source1,data-videos\VIPL\VIPL\p1-5\p3\v2\source1\video.avi
96.15073749999999,79.3546875,59.899837500000004,5.419922995231215,4.4178105427145065,3.0015580364042234,73,p3,v2,source1,data-videos\VIPL\VIPL\p1-5\p3\v2\source1\video.avi
84.71737916666667,69.97629583333334,53.591862500000005,2.652844803238487,2.215358098263499,1.6034118446863723,73,p3,v2,source1,data-videos\VIPL\VIPL\p1-5\p3\v2\source1\video.avi
106.6902875,91.97605416666667,77.46523333333333,2.091025640958482,1.6135149794220818,1.1168906341317,83,p3,v3,source1,data-videos\VIPL\VIPL\p1-5\p3\v3\source1\video.avi
108.52891666666666,92.96179166666667,77.85323333333332,0.6214612540438693,0.6888135488176188,0.6728053303664024,82,p3,v3,source1,data-videos\VIPL\VIPL\p1-5\p3\v3\source1\video.avi
109.51718333333332,94.55119583333335,80.08679166666667,0.397966767657454,0.44970940860460124,0.5051930547517892,81,p3,v3,source1,data-videos\VIPL\VIPL\p1-5\p3\v3\source1\video.avi
108.91507083333332,93.98890416666667,79.4763375,0.38217453895984005,0.4211693338113027,0.43092759957606536,81,p3,v3,source1,data-videos\VIPL\VIPL\p1-5\p3\v3\source1\video.avi
109.29074583333332,94.66072083333334,80.12397916666667,0.3760816122366259,0.37128973075842847,0.41443556935407144,80,p3,v3,source1,data-videos\VIPL\VIPL\p1-5\p3\v3\source1\video.avi
109.4793375,94.5965875,79.9440375,0.6870094663396414,0.7029589941563292,0.8561763392281805,79,p3,v3,source1,data-videos\VIPL\VIPL\p1-5\p3\v3\source1\video.avi
111.026725,96.02592083333333,81.0159375,0.4034978240251805,0.31303573894072645,0.3157798794915008,79,p3,v3,source1,data-videos\VIPL\VIPL\p1-5\p3\v3\source1\video.avi
110.53552083333332,95.75512083333334,80.81194583333333,1.156748501397823,1.2205912753064259,1.1220809949845674,79,p3,v3,source1,data-videos\VIPL\VIPL\p1-5\p3\v3\source1\video.avi
108.97004583333336,94.07381666666666,79.49495416666666,0.568971954615418,0.744556276835405,0.8102691029322711,80,p3,v3,source1,data-videos\VIPL\VIPL\p1-5\p3\v3\source1\video.avi
110.49288750000001,95.87055416666668,81.3687375,0.7403553966161179,0.7481434049996337,0.8280824482359159,80,p3,v3,source1,data-videos\VIPL\VIPL\p1-5\p3\v3\source1\video.avi
111.28777083333334,96.55922500000001,82.03172083333332,0.38904772673870813,0.42147453532047624,0.4971962170302251,82,p3,v3,source1,data-videos\VIPL\VIPL\p1-5\p3\v3\source1\video.avi
112.15924583333333,97.77970416666665,83.80687083333333,0.6481574969620072,0.7191419659962449,0.773012983935802,82,p3,v3,source1,data-videos\VIPL\VIPL\p1-5\p3\v3\source1\video.avi
112.12211666666666,97.48992083333333,82.61332916666666,1.010687663280963,1.1184074845325067,1.2422385649811347,82,p3,v3,source1,data-videos\VIPL\VIPL\p1-5\p3\v3\source1\video.avi
112.39185000000002,97.73010833333332,82.64868333333332,0.7538023264037231,0.6187567588575857,0.5277725976463608,82,p3,v3,source1,data-videos\VIPL\VIPL\p1-5\p3\v3\source1\video.avi
111.22419166666664,97.520275,83.173925,0.4009997470299157,0.3256476784595749,0.3544961490936415,82,p3,v3,source1,data-videos\VIPL\VIPL\p1-5\p3\v3\source1\video.avi
111.5881875,97.77592083333333,83.55330416666668,0.3884127891710922,0.3682487208150823,0.3741349380107099,83,p3,v3,source1,data-videos\VIPL\VIPL\p1-5\p3\v3\source1\video.avi
111.20143750000001,97.06230833333333,82.97491249999999,0.436911535787472,0.4094122360927922,0.3745182260343884,84,p3,v3,source1,data-videos\VIPL\VIPL\p1-5\p3\v3\source1\video.avi
111.74292083333334,98.46043333333333,85.004925,0.7696511556921969,1.2078981402655378,1.4033424471200497,84,p3,v3,source1,data-videos\VIPL\VIPL\p1-5\p3\v3\source1\video.avi
113.138125,100.22609583333335,86.93297499999998,0.2665912751500156,0.347823473197173,0.4790154363524088,82,p3,v3,source1,data-videos\VIPL\VIPL\p1-5\p3\v3\source1\video.avi
115.70749583333333,102.545525,88.55347916666666,1.3286164023853906,1.1473937384532251,0.8512002346156413,82,p3,v3,source1,data-videos\VIPL\VIPL\p1-5\p3\v3\source1\video.avi
191.30130833333334,135.1092625,100.80424583333335,1.5110451962594895,1.1775869508619217,0.7245595946130544,80,p3,v4,source1,data-videos\VIPL\VIPL\p1-5\p3\v4\source1\video.avi
193.17940000000002,136.70120416666666,102.29627083333332,3.754584959849644,2.77819349076303,1.894612917856032,80,p3,v4,source1,data-videos\VIPL\VIPL\p1-5\p3\v4\source1\video.avi
190.70489999999998,134.69557916666668,100.5832125,0.9326739925924477,0.843892156789993,0.8194462993811402,80,p3,v4,source1,data-videos\VIPL\VIPL\p1-5\p3\v4\source1\video.avi
186.94188333333335,131.2492625,97.33271250000001,3.6904982154250616,3.232839245018524,2.267889023095351,80,p3,v4,source1,data-videos\VIPL\VIPL\p1-5\p3\v4\source1\video.avi
183.45495833333334,128.16751666666667,95.43111666666665,0.31872521826323047,0.388973963799493,0.3436466884146185,79,p3,v4,source1,data-videos\VIPL\VIPL\p1-5\p3\v4\source1\video.avi
183.7466375,128.4851708333333,96.04722083333334,1.5071669530644967,1.2656211172368432,0.9055615237895522,79,p3,v4,source1,data-videos\VIPL\VIPL\p1-5\p3\v4\source1\video.avi
188.4784875,132.2076375,98.8379375,1.2346744781295382,1.0445373970753236,0.808812029649385,78,p3,v4,source1,data-videos\VIPL\VIPL\p1-5\p3\v4\source1\video.avi
189.78544583333337,133.30443333333332,99.88011666666665,0.7180503959410592,0.61385961207212,0.4939669638638695,79,p3,v4,source1,data-videos\VIPL\VIPL\p1-5\p3\v4\source1\video.avi
191.50723333333332,134.81751666666668,101.0881,1.2116503061853994,1.0798191185172057,1.0125051784332597,79,p3,v4,source1,data-videos\VIPL\VIPL\p1-5\p3\v4\source1\video.avi
191.42955,134.918125,101.26194166666666,0.8280370486419145,0.6621977389617941,0.5688347226885073,80,p3,v4,source1,data-videos\VIPL\VIPL\p1-5\p3\v4\source1\video.avi
191.316675,134.97692083333334,101.03730416666666,0.6753174060313335,0.6188658506022665,0.2647491775509205,81,p3,v4,source1,data-videos\VIPL\VIPL\p1-5\p3\v4\source1\video.avi
193.1013625,136.47697916666667,102.13204583333332,0.33448713322288764,0.2373437826878021,0.2805512073232896,82,p3,v4,source1,data-videos\VIPL\VIPL\p1-5\p3\v4\source1\video.avi
196.80843333333334,139.41465416666665,104.9911875,8.02365723446704,6.407042770034287,4.662251436161832,83,p3,v4,source1,data-videos\VIPL\VIPL\p1-5\p3\v4\source1\video.avi
220.59122083333335,157.53156666666666,117.91066666666666,1.3478280118063015,0.7957963208452477,0.8183021776783043,83,p3,v4,source1,data-videos\VIPL\VIPL\p1-5\p3\v4\source1\video.avi
216.21322916666668,154.23684583333332,114.89319583333334,0.7310764080516627,0.5298174685026473,0.5160710080475586,82,p3,v4,source1,data-videos\VIPL\VIPL\p1-5\p3\v4\source1\video.avi
211.04058333333333,150.41547500000001,111.63549166666668,2.4952665003935155,1.8779769675160622,1.4547828596921841,82,p3,v4,source1,data-videos\VIPL\VIPL\p1-5\p3\v4\source1\video.avi
204.2501166666667,145.14992916666665,108.29986250000002,1.754036664402844,1.28108149526094,0.5792985961248489,81,p3,v4,source1,data-videos\VIPL\VIPL\p1-5\p3\v4\source1\video.avi
201.63602916666667,143.29369166666666,107.44979166666666,0.5036105570376014,0.7179164037289132,0.3998041176192148,81,p3,v4,source1,data-videos\VIPL\VIPL\p1-5\p3\v4\source1\video.avi
202.40981249999996,143.98855416666666,108.35985416666668,0.46093286767917035,0.3533931323709409,0.45805139529223954,80,p3,v4,source1,data-videos\VIPL\VIPL\p1-5\p3\v4\source1\video.avi
203.82706250000004,145.14221250000003,109.88501250000002,0.9222307628034943,0.8883040158350154,0.5333465715479426,80,p3,v4,source1,data-videos\VIPL\VIPL\p1-5\p3\v4\source1\video.avi
201.75995416666666,143.43305833333335,108.15089166666665,0.602143261204416,0.34787183328897703,0.34199756217657884,78,p3,v4,source1,data-videos\VIPL\VIPL\p1-5\p3\v4\source1\video.avi
208.67572916666668,148.95815833333333,112.24360833333333,3.4814093333276075,2.8443211019515613,2.108689801855976,78,p3,v4,source1,data-videos\VIPL\VIPL\p1-5\p3\v4\source1\video.avi
214.30704583333332,153.60370833333332,115.36140833333334,0.5587661699748229,0.33446765201294787,0.2422470618873549,78,p3,v4,source1,data-videos\VIPL\VIPL\p1-5\p3\v4\source1\video.avi
216.82151666666664,155.38364583333333,116.20719583333336,1.2090509241641663,0.7341470863828602,0.4547073176475429,77,p3,v4,source1,data-videos\VIPL\VIPL\p1-5\p3\v4\source1\video.avi
217.7565166666667,155.9050875,116.16472083333333,0.43607060550570564,0.449434662899157,0.5052116973427535,77,p3,v4,source1,data-videos\VIPL\VIPL\p1-5\p3\v4\source1\video.avi
102.19702916666665,81.96220416666667,67.9062875,3.8077370102191996,14.360435063690524,22.210566631256686,77,p3,v5,source1,data-videos\VIPL\VIPL\p1-5\p3\v5\source1\video.avi
107.81485833333332,104.3303708333333,102.63444583333334,0.7970246688857872,2.2232164711291618,3.4960208593078033,80,p3,v5,source1,data-videos\VIPL\VIPL\p1-5\p3\v5\source1\video.avi
108.53019999999998,106.69992916666666,106.22257083333334,0.2947726612248087,0.6982133521880056,1.1085354451212996,80,p3,v5,source1,data-videos\VIPL\VIPL\p1-5\p3\v5\source1\video.avi
109.30377499999999,108.16868749999999,108.043625,0.404102242803587,2.801573600941631,5.240387551435115,81,p3,v5,source1,data-videos\VIPL\VIPL\p1-5\p3\v5\source1\video.avi
115.33594583333334,80.68140416666667,55.68105416666667,7.274481826114642,9.555456502060892,11.694222428596062,81,p3,v5,source1,data-videos\VIPL\VIPL\p1-5\p3\v5\source1\video.avi
109.373925,73.002375,46.45417499999999,5.411993320340458,3.9602667437211365,3.3929003551892087,81,p3,v5,source1,data-videos\VIPL\VIPL\p1-5\p3\v5\source1\video.avi
128.74880416666667,85.19821666666667,54.833425,15.76416536740867,11.483785619204465,9.65255897913936,81,p3,v5,source1,data-videos\VIPL\VIPL\p1-5\p3\v5\source1\video.avi
140.24600416666667,95.61643333333333,65.63824583333333,1.9686506905905143,2.979738939831577,6.140660858651308,81,p3,v5,source1,data-videos\VIPL\VIPL\p1-5\p3\v5\source1\video.avi
142.93947916666664,113.73921666666666,93.47709166666665,4.531002672847827,7.446728386858144,9.809252998158168,81,p3,v5,source1,data-videos\VIPL\VIPL\p1-5\p3\v5\source1\video.avi
122.798025,85.20212500000001,59.44477500000001,2.7621181703314197,3.452878471466275,3.971557349248283,83,p3,v5,source1,data-videos\VIPL\VIPL\p1-5\p3\v5\source1\video.avi
120.13297083333333,82.46774166666665,56.44597083333334,1.4441500477260734,1.9524997927603391,2.398645411404691,84,p3,v5,source1,data-videos\VIPL\VIPL\p1-5\p3\v5\source1\video.avi
119.45763333333332,78.9372625,50.71801250000001,0.5591998271029278,1.1642559746076984,2.0896668836985453,85,p3,v5,source1,data-videos\VIPL\VIPL\p1-5\p3\v5\source1\video.avi
172.35709583333337,116.62144583333333,87.4085125,1.092175227565764,0.6432071182590932,0.6106544847595446,84,p3,v6,source1,data-videos\VIPL\VIPL\p1-5\p3\v6\source1\video.avi
169.769225,114.84452499999999,86.06774166666668,0.34450190125059665,0.3863903276642664,0.30863459342229455,81,p3,v6,source1,data-videos\VIPL\VIPL\p1-5\p3\v6\source1\video.avi
170.33842500000003,115.51415833333333,86.10665833333333,0.3102959850981877,0.3553739935304463,0.24563087341012818,79,p3,v6,source1,data-videos\VIPL\VIPL\p1-5\p3\v6\source1\video.avi
171.15017083333328,116.13350833333334,86.25839166666667,0.7618730350899852,0.49796152841833347,0.5598108862536129,79,p3,v6,source1,data-videos\VIPL\VIPL\p1-5\p3\v6\source1\video.avi
173.62444583333337,117.85283333333332,88.12898333333332,0.9268683508789727,0.7779468297803384,0.7253573498388763,79,p3,v6,source1,data-videos\VIPL\VIPL\p1-5\p3\v6\source1\video.avi
165.67163333333335,114.67150833333335,86.288625,7.705457481648515,4.102484256914239,2.998529745193883,79,p3,v6,source1,data-videos\VIPL\VIPL\p1-5\p3\v6\source1\video.avi
149.92277083333335,105.66300416666667,79.48040416666667,2.5264726876258616,1.8211141273003122,1.345989789125667,79,p3,v6,source1,data-videos\VIPL\VIPL\p1-5\p3\v6\source1\video.avi
147.01931249999998,103.6306625,78.04944583333334,0.34350409765265716,0.1613368679666177,0.2902768818898982,79,p3,v6,source1,data-videos\VIPL\VIPL\p1-5\p3\v6\source1\video.avi
143.23113333333333,100.63443333333333,75.6557625,0.8974782162901106,0.7227714702170536,0.5737373105290032,80,p3,v6,source1,data-videos\VIPL\VIPL\p1-5\p3\v6\source1\video.avi
137.68445833333334,96.64785833333333,72.81127500000001,2.307179728097285,1.505122336378435,1.0943658886130008,81,p3,v6,source1,data-videos\VIPL\VIPL\p1-5\p3\v6\source1\video.avi
136.77746666666667,96.2739,72.56231666666666,0.21563957221290966,0.2715428224235046,0.3093866864796125,81,p3,v6,source1,data-videos\VIPL\VIPL\p1-5\p3\v6\source1\video.avi
137.69200416666664,97.27912083333335,73.34079583333333,0.2763044115594626,0.3263438669775926,0.22357904681255647,82,p3,v6,source1,data-videos\VIPL\VIPL\p1-5\p3\v6\source1\video.avi
135.13225833333334,95.87162916666666,72.52225833333333,1.102040900931717,0.5758958622586768,0.556928324482704,82,p3,v6,source1,data-videos\VIPL\VIPL\p1-5\p3\v6\source1\video.avi
134.69964166666668,95.7590875,72.50119166666667,0.4204555483341845,0.290281944002533,0.37028953348847365,82,p3,v6,source1,data-videos\VIPL\VIPL\p1-5\p3\v6\source1\video.avi
137.59939583333332,97.57644583333332,73.36202083333333,1.1711586258529312,0.6751894585709097,0.5392625180448346,82,p3,v6,source1,data-videos\VIPL\VIPL\p1-5\p3\v6\source1\video.avi
137.84007499999998,97.985975,73.8550375,0.5960849261360873,0.39677664669321394,0.30315541926405776,82,p3,v6,source1,data-videos\VIPL\VIPL\p1-5\p3\v6\source1\video.avi
142.61308333333332,100.85668333333334,75.61387083333334,1.2622075255969631,0.8260772999250072,0.6535438586989064,82,p3,v6,source1,data-videos\VIPL\VIPL\p1-5\p3\v6\source1\video.avi
142.1365375,100.49668750000001,75.47096666666667,0.6906991496644695,0.5497538574848237,0.3806731251732477,82,p3,v6,source1,data-videos\VIPL\VIPL\p1-5\p3\v6\source1\video.avi
142.59645833333335,100.75094166666666,75.78209166666666,0.3026462198260517,0.29264024783474113,0.2941607883029277,82,p3,v6,source1,data-videos\VIPL\VIPL\p1-5\p3\v6\source1\video.avi
141.98497500000002,100.39224166666666,75.52409166666666,0.39355012594578714,0.32724508224596277,0.26915725364087884,81,p3,v6,source1,data-videos\VIPL\VIPL\p1-5\p3\v6\source1\video.avi
144.106525,101.73344166666666,76.493375,1.2650235319369207,0.7828646822150819,0.7191726335934389,80,p3,v6,source1,data-videos\VIPL\VIPL\p1-5\p3\v6\source1\video.avi
141.76077916666665,100.13712916666667,75.3147125,1.7020895456128988,1.1579933625343495,0.8091812553825625,80,p3,v6,source1,data-videos\VIPL\VIPL\p1-5\p3\v6\source1\video.avi
139.98454166666667,98.95134166666666,74.38759166666667,0.23996446677060518,0.22021032662295564,0.2602729892317125,80,p3,v6,source1,data-videos\VIPL\VIPL\p1-5\p3\v6\source1\video.avi
141.27754583333333,99.62327916666668,74.73854583333333,0.29914231139254976,0.2273382592788647,0.23354471727118506,79,p3,v6,source1,data-videos\VIPL\VIPL\p1-5\p3\v6\source1\video.avi
138.69025833333333,97.835675,73.62310833333333,1.7438515465056053,1.1627933116828832,0.7034833961161487,79,p3,v6,source1,data-videos\VIPL\VIPL\p1-5\p3\v6\source1\video.avi
136.65837916666666,96.4756625,72.78189583333334,0.28318177944269796,0.26912221137018494,0.26733309629561325,78,p3,v6,source1,data-videos\VIPL\VIPL\p1-5\p3\v6\source1\video.avi
135.39945833333334,95.68855833333335,72.553025,0.9243706037195422,0.5764800025140611,0.5204214166783481,78,p3,v6,source1,data-videos\VIPL\VIPL\p1-5\p3\v6\source1\video.avi
134.82273333333333,95.08331666666665,71.56683333333334,0.3588238494450373,0.34973106443459745,0.3469421806816106,77,p3,v6,source1,data-videos\VIPL\VIPL\p1-5\p3\v6\source1\video.avi
135.98095,95.88095,72.2445,1.2881049297994356,0.923348011183727,0.7818202813031551,76,p3,v6,source1,data-videos\VIPL\VIPL\p1-5\p3\v6\source1\video.avi
145.84984583333332,148.192225,145.35954166666667,0.19760097656008557,0.23923766890316758,0.2946484207327083,76,p3,v7,source1,data-videos\VIPL\VIPL\p1-5\p3\v7\source1\video.avi
145.86772916666666,148.31255,145.44439999999997,0.48675380480593416,0.5822348847687406,0.6340047080748795,76,p3,v7,source1,data-videos\VIPL\VIPL\p1-5\p3\v7\source1\video.avi
144.89440416666665,147.11055833333333,144.0919,0.2375996967649132,0.3324286863269399,0.37392743289232483,76,p3,v7,source1,data-videos\VIPL\VIPL\p1-5\p3\v7\source1\video.avi
144.96999583333334,147.3326625,144.39270833333333,0.1609169457748312,0.17430413006278794,0.20190949997599208,76,p3,v7,source1,data-videos\VIPL\VIPL\p1-5\p3\v7\source1\video.avi
145.1343791666667,147.50232916666667,144.33565000000002,0.13724988451219436,0.06251574718287863,0.15447420417967714,77,p3,v7,source1,data-videos\VIPL\VIPL\p1-5\p3\v7\source1\video.avi
144.86942499999998,147.33372083333333,144.37723333333332,0.15218743046998207,0.17650646608395104,0.2728001486003792,77,p3,v7,source1,data-videos\VIPL\VIPL\p1-5\p3\v7\source1\video.avi
145.62700833333335,148.0353583333333,145.23127916666667,0.23705080605806444,0.14126093885863097,0.19647460280812823,78,p3,v7,source1,data-videos\VIPL\VIPL\p1-5\p3\v7\source1\video.avi
145.46583333333334,147.56091666666666,144.631575,0.23365155569601342,0.3087984723533762,0.3810297352332792,79,p3,v7,source1,data-videos\VIPL\VIPL\p1-5\p3\v7\source1\video.avi
145.08355833333334,147.39748333333333,144.44162500000002,0.4078363032431724,0.34958958039710064,0.5225293859692353,80,p3,v7,source1,data-videos\VIPL\VIPL\p1-5\p3\v7\source1\video.avi
145.6098625,148.43623333333332,145.77685416666668,0.19092722108175056,0.2099975026306505,0.3012225638728148,82,p3,v7,source1,data-videos\VIPL\VIPL\p1-5\p3\v7\source1\video.avi
145.63337916666669,147.94602916666668,145.0482166666667,0.19687291021818898,0.18872459661648786,0.24545988640373512,82,p3,v7,source1,data-videos\VIPL\VIPL\p1-5\p3\v7\source1\video.avi
144.6738,147.14525833333332,144.05967083333334,0.5297777599433126,0.5465987128432939,0.5839153411157102,82,p3,v7,source1,data-videos\VIPL\VIPL\p1-5\p3\v7\source1\video.avi
136.6037875,136.1637875,131.24846666666667,3.0481483433081973,4.197015868290298,4.930448345936146,84,p3,v7,source1,data-videos\VIPL\VIPL\p1-5\p3\v7\source1\video.avi
134.0818708333333,133.30264583333334,128.23849166666668,0.2105256039786048,0.37241272281047333,0.579284967024723,84,p3,v7,source1,data-videos\VIPL\VIPL\p1-5\p3\v7\source1\video.avi
134.90949166666667,134.762925,130.1279,0.205663379397013,0.26954460199617614,0.37576225270182845,84,p3,v7,source1,data-videos\VIPL\VIPL\p1-5\p3\v7\source1\video.avi
134.65732083333333,134.3146125,129.72504583333333,0.28994653560086425,0.35323731684787835,0.40878776698612385,84,p3,v7,source1,data-videos\VIPL\VIPL\p1-5\p3\v7\source1\video.avi
133.82052083333332,133.34112083333335,128.79126250000002,0.25066953054104024,0.2649568021657268,0.2682537817508105,84,p3,v7,source1,data-videos\VIPL\VIPL\p1-5\p3\v7\source1\video.avi
164.03532083333332,128.83210416666668,95.8530875,1.2192572651316824,0.8298172379732197,0.7497674164134351,74,p4,v1,source1,data-videos\VIPL\VIPL\p1-5\p4\v1\source1\video.avi
162.68389583333334,127.78142916666665,95.33592916666665,0.5697360103835598,0.5168111084386182,0.26787595258294783,73,p4,v1,source1,data-videos\VIPL\VIPL\p1-5\p4\v1\source1\video.avi
161.79613750000001,127.3104875,94.92350416666666,0.5189166456894725,0.2979402608955373,0.3068402982755588,72,p4,v1,source1,data-videos\VIPL\VIPL\p1-5\p4\v1\source1\video.avi
160.5761791666667,126.52842916666668,94.45424583333332,0.7121375855332778,0.6286923673884552,0.24830474926377089,72,p4,v1,source1,data-videos\VIPL\VIPL\p1-5\p4\v1\source1\video.avi
160.73846666666665,126.84899999999999,94.99223333333333,0.6009465446970593,0.5670001224769602,0.45337974838980133,72,p4,v1,source1,data-videos\VIPL\VIPL\p1-5\p4\v1\source1\video.avi
161.92410416666667,128.0106375,95.51610416666666,2.9116914191134473,2.362415576886648,1.856069278520247,73,p4,v1,source1,data-videos\VIPL\VIPL\p1-5\p4\v1\source1\video.avi
179.46641250000002,142.02590416666666,106.62587083333334,2.1925815608800305,1.9414805648296143,1.6278700591826534,73,p4,v1,source1,data-videos\VIPL\VIPL\p1-5\p4\v1\source1\video.avi
168.86596666666665,133.33827083333333,100.36687083333332,5.833501303051912,4.781051458023728,4.0298716988597585,74,p4,v1,source1,data-videos\VIPL\VIPL\p1-5\p4\v1\source1\video.avi
164.6942875,129.264225,96.43820833333331,1.0608119792299564,0.5756002943485781,0.4476337003482873,74,p4,v1,source1,data-videos\VIPL\VIPL\p1-5\p4\v1\source1\video.avi
168.3911291666667,131.42357916666668,97.89807916666666,1.5026137233029437,0.898692288210426,0.6698206189180619,75,p4,v1,source1,data-videos\VIPL\VIPL\p1-5\p4\v1\source1\video.avi
172.92524166666666,134.46684166666665,100.650775,1.6268859605320778,1.299320775323592,1.279614958458098,75,p4,v1,source1,data-videos\VIPL\VIPL\p1-5\p4\v1\source1\video.avi
170.37707083333333,132.36620416666668,99.35070416666667,3.3625661798165156,2.62824543538952,2.016854168771327,74,p4,v1,source1,data-videos\VIPL\VIPL\p1-5\p4\v1\source1\video.avi
174.14652500000003,135.89605833333334,101.63449166666668,3.1045603262523787,2.261784054479388,2.034942870973285,74,p4,v1,source1,data-videos\VIPL\VIPL\p1-5\p4\v1\source1\video.avi
166.29687916666666,129.87632083333335,95.54282083333335,2.1449294241983052,1.6886169808208906,1.887108199291533,74,p4,v1,source1,data-videos\VIPL\VIPL\p1-5\p4\v1\source1\video.avi
162.3289125,127.08717916666666,93.11717916666666,0.897164554052721,0.6790993965407002,0.5907012494284973,75,p4,v1,source1,data-videos\VIPL\VIPL\p1-5\p4\v1\source1\video.avi
160.70825000000002,125.95576666666668,92.10860000000001,0.8916825913686987,0.707439631601957,0.4898392044844912,75,p4,v1,source1,data-videos\VIPL\VIPL\p1-5\p4\v1\source1\video.avi
161.67545833333332,126.70397500000001,92.62495833333334,0.6294318673966619,0.4114708243673612,0.4399443817436209,75,p4,v1,source1,data-videos\VIPL\VIPL\p1-5\p4\v1\source1\video.avi
159.46025833333334,125.10389166666666,91.659225,0.4471709500975122,0.3146715589308956,0.28736530371250063,76,p4,v1,source1,data-videos\VIPL\VIPL\p1-5\p4\v1\source1\video.avi
159.86639583333334,125.51169583333335,91.84142916666666,0.3123119712100565,0.24657780550298242,0.34375371149511647,77,p4,v1,source1,data-videos\VIPL\VIPL\p1-5\p4\v1\source1\video.avi
159.68569999999997,125.79641666666666,92.57971666666667,0.22387427399224868,0.41937534152991557,1.0273955236827412,77,p4,v1,source1,data-videos\VIPL\VIPL\p1-5\p4\v1\source1\video.avi
157.25994583333332,125.68746249999998,94.23836250000001,0.933084734433021,0.3970168030571541,0.22878693258320856,78,p4,v1,source1,data-videos\VIPL\VIPL\p1-5\p4\v1\source1\video.avi
154.44377083333336,123.36572083333333,92.29542083333334,0.522260385813704,0.9274626634630945,1.1784744793617474,78,p4,v1,source1,data-videos\VIPL\VIPL\p1-5\p4\v1\source1\video.avi
155.32133333333334,123.87171666666666,91.63993333333332,0.7256625743932237,0.6158951755710269,0.7878102281799847,78,p4,v1,source1,data-videos\VIPL\VIPL\p1-5\p4\v1\source1\video.avi
153.52963333333332,123.31735,93.18891666666667,0.9400892314695464,0.5736591825364034,0.3267853658706616,78,p4,v1,source1,data-videos\VIPL\VIPL\p1-5\p4\v1\source1\video.avi
150.33856666666668,120.86569999999998,90.54615,1.6352310038667166,1.3977874966775377,1.7657320320262675,77,p4,v1,source1,data-videos\VIPL\VIPL\p1-5\p4\v1\source1\video.avi
157.7374125,125.99014583333336,94.32601249999999,4.588068385701657,3.216901393907653,2.1549760668141236,77,p4,v1,source1,data-videos\VIPL\VIPL\p1-5\p4\v1\source1\video.avi
161.15345,127.95280000000001,94.94548333333334,0.47644512472581557,0.5449927929569306,0.6882909218673439,74,p4,v1,source1,data-videos\VIPL\VIPL\p1-5\p4\v1\source1\video.avi
160.4309,127.10843333333334,93.82924999999999,0.3879051274689063,0.43333502451593037,0.37939515093837967,74,p4,v1,source1,data-videos\VIPL\VIPL\p1-5\p4\v1\source1\video.avi
118.80629583333334,96.62472916666665,73.5387625,36.87115885678005,27.16493769298423,18.13533285494993,73,p4,v1,source1,data-videos\VIPL\VIPL\p1-5\p4\v1\source1\video.avi
145.63388750000001,117.71139166666667,89.36552499999999,19.8831248539582,14.172117763352567,9.28584940672687,72,p4,v1,source1,data-videos\VIPL\VIPL\p1-5\p4\v1\source1\video.avi
151.70281666666668,120.9142625,90.71972916666665,8.51636292625767,5.82521266495434,3.652060294184792,72,p4,v1,source1,data-videos\VIPL\VIPL\p1-5\p4\v1\source1\video.avi
162.90704166666666,128.72400833333336,95.78955833333332,1.3335333629252486,1.063536607529593,0.7494520575245476,72,p4,v1,source1,data-videos\VIPL\VIPL\p1-5\p4\v1\source1\video.avi
162.41152916666667,127.98767916666668,95.16079583333334,0.9651022244179084,0.3406728566279619,0.3836996821426729,72,p4,v1,source1,data-videos\VIPL\VIPL\p1-5\p4\v1\source1\video.avi
152.4955875,119.87790416666668,85.83700416666666,1.6829731000895434,1.3194535926905075,0.7834932966546548,69,p4,v2,source1,data-videos\VIPL\VIPL\p1-5\p4\v2\source1\video.avi
126.94107083333333,101.11408750000001,74.18395416666665,15.50019568938746,11.292782021993073,7.283557184326976,69,p4,v2,source1,data-videos\VIPL\VIPL\p1-5\p4\v2\source1\video.avi
84.98435833333333,70.04419166666666,53.69222500000001,4.825053336877768,3.619770935945432,2.340435889831149,69,p4,v2,source1,data-videos\VIPL\VIPL\p1-5\p4\v2\source1\video.avi
121.38467916666667,96.9363125,71.37979583333333,20.010665993065842,14.69723130158506,9.65152247158519,69,p4,v2,source1,data-videos\VIPL\VIPL\p1-5\p4\v2\source1\video.avi
155.7617125,122.26091249999999,87.888825,3.890048353973249,3.0614422290718553,2.336574534471111,70,p4,v2,source1,data-videos\VIPL\VIPL\p1-5\p4\v2\source1\video.avi
157.41625,127.2624625,95.16715,3.2125056502598395,1.3573388204523378,2.189126218316847,70,p4,v2,source1,data-videos\VIPL\VIPL\p1-5\p4\v2\source1\video.avi
154.6610625,128.3802875,98.77185833333333,0.6406757554419484,1.8079797593277684,3.083519410443744,69,p4,v2,source1,data-videos\VIPL\VIPL\p1-5\p4\v2\source1\video.avi
159.3447,126.41385,91.33780416666669,1.2959741115652053,1.3389634521840839,1.8338112246273992,69,p4,v2,source1,data-videos\VIPL\VIPL\p1-5\p4\v2\source1\video.avi
137.68432083333335,108.89547083333333,78.69452083333334,18.151819625966183,13.959255091739317,9.330251163144599,68,p4,v2,source1,data-videos\VIPL\VIPL\p1-5\p4\v2\source1\video.avi
52.49758333333333,44.31753333333333,36.13278333333333,20.18383657327913,15.176340164249316,10.228169864387127,68,p4,v2,source1,data-videos\VIPL\VIPL\p1-5\p4\v2\source1\video.avi
32.56162500000001,29.500558333333334,26.011741666666666,13.079456196819265,9.681670097983124,6.742323912230155,68,p4,v2,source1,data-videos\VIPL\VIPL\p1-5\p4\v2\source1\video.avi
101.27585,80.74336666666667,60.22593333333333,18.278936570731904,13.660460823212912,9.077360825337287,68,p4,v2,source1,data-videos\VIPL\VIPL\p1-5\p4\v2\source1\video.avi
134.95121666666665,106.35176666666668,77.87051666666666,1.7829781625777619,1.358611915923852,0.9933137099047415,67,p4,v2,source1,data-videos\VIPL\VIPL\p1-5\p4\v2\source1\video.avi
117.56481249999999,93.46904583333333,69.66752916666667,7.34030261637761,5.437639122396471,3.401422743010146,67,p4,v2,source1,data-videos\VIPL\VIPL\p1-5\p4\v2\source1\video.avi
119.67230416666668,94.98252083333335,70.51713749999999,6.653562676115706,4.8175627024836025,3.0432820603566957,66,p4,v2,source1,data-videos\VIPL\VIPL\p1-5\p4\v2\source1\video.avi
136.71235416666667,107.8367375,78.66042083333333,5.349130099968486,4.037231329072492,2.7969263990435405,66,p4,v2,source1,data-videos\VIPL\VIPL\p1-5\p4\v2\source1\video.avi
149.243425,117.986375,86.53919166666667,1.5618718382654404,1.3815902496961814,1.6563786913525143,65,p4,v2,source1,data-videos\VIPL\VIPL\p1-5\p4\v2\source1\video.avi
153.0673625,121.42187916666667,90.1357125,2.9708252437828127,2.3757324145671386,1.6592523410619153,65,p4,v2,source1,data-videos\VIPL\VIPL\p1-5\p4\v2\source1\video.avi
141.7807,113.19613333333332,84.60304166666667,1.248039427921182,0.6585338100079695,0.46600202204347857,73,p4,v3,source1,data-videos\VIPL\VIPL\p1-5\p4\v3\source1\video.avi
143.72002916666665,113.31911250000002,83.30682916666666,0.5416454206730726,0.3033978742006028,0.38418030082458143,74,p4,v3,source1,data-videos\VIPL\VIPL\p1-5\p4\v3\source1\video.avi
143.62222083333333,113.8643875,83.35152083333332,0.4731708923141121,0.13772909046788598,0.4105918957567387,75,p4,v3,source1,data-videos\VIPL\VIPL\p1-5\p4\v3\source1\video.avi
142.98271666666665,114.34105,83.62538333333333,0.10759267210306653,0.13030468741568824,0.2534986640469934,77,p4,v3,source1,data-videos\VIPL\VIPL\p1-5\p4\v3\source1\video.avi
143.20409166666667,114.34270833333333,82.79633333333334,0.14779055222303014,0.2704658644897117,0.5326448901407541,77,p4,v3,source1,data-videos\VIPL\VIPL\p1-5\p4\v3\source1\video.avi
143.12509583333335,113.7920125,82.59244583333333,0.14401624172968952,0.22334313901048167,0.31846107291987585,77,p4,v3,source1,data-videos\VIPL\VIPL\p1-5\p4\v3\source1\video.avi
143.18573750000002,113.08412083333334,82.03612083333333,0.20355897000828144,0.3311339695630941,0.25716063849869464,77,p4,v3,source1,data-videos\VIPL\VIPL\p1-5\p4\v3\source1\video.avi
142.64632083333333,111.9906875,82.06347916666665,0.49314105180887824,0.2027190708872487,0.49462888638155367,77,p4,v3,source1,data-videos\VIPL\VIPL\p1-5\p4\v3\source1\video.avi
142.01317083333336,111.42685416666667,82.98060416666667,0.2192070762018092,0.25033785677504466,0.33125219731975625,77,p4,v3,source1,data-videos\VIPL\VIPL\p1-5\p4\v3\source1\video.avi
142.16298749999999,110.49587083333334,81.82522083333333,0.14966545366527975,0.2697328119202212,0.39935617383031624,78,p4,v3,source1,data-videos\VIPL\VIPL\p1-5\p4\v3\source1\video.avi
140.95105833333332,109.97189166666666,82.40525833333334,0.3296106758569679,0.1091830445729658,0.3087731451063856,79,p4,v3,source1,data-videos\VIPL\VIPL\p1-5\p4\v3\source1\video.avi
143.06495833333332,110.93717499999998,82.554975,1.0774899707898795,0.5894120027267283,0.3170990076064574,80,p4,v3,source1,data-videos\VIPL\VIPL\p1-5\p4\v3\source1\video.avi
144.44919583333333,112.55834583333333,83.78437916666665,0.35540345022320036,0.5080414858251678,0.49579937425725884,80,p4,v3,source1,data-videos\VIPL\VIPL\p1-5\p4\v3\source1\video.avi
143.96032083333333,113.51062083333335,84.72462083333333,0.8288579936969149,0.2728858752986307,0.3702683967876842,80,p4,v3,source1,data-videos\VIPL\VIPL\p1-5\p4\v3\source1\video.avi
143.37712083333335,114.40585416666664,85.1898375,0.22765125443501177,0.4477485857118315,0.3920000476987648,79,p4,v3,source1,data-videos\VIPL\VIPL\p1-5\p4\v3\source1\video.avi
143.78842916666665,115.58089583333333,85.93706250000001,0.23106934933346163,0.2032953537788199,0.21867250413003372,78,p4,v3,source1,data-videos\VIPL\VIPL\p1-5\p4\v3\source1\video.avi
145.065275,116.09095833333335,85.96945833333334,1.0614202642339157,0.4958730752630478,0.36633277292761196,77,p4,v3,source1,data-videos\VIPL\VIPL\p1-5\p4\v3\source1\video.avi
146.15112083333332,115.48522083333333,85.3502375,0.26165503935153933,0.3486492951476366,0.5049576066158101,77,p4,v3,source1,data-videos\VIPL\VIPL\p1-5\p4\v3\source1\video.avi
173.1644083333333,129.30394583333333,98.34866249999999,0.2562768832781792,0.4806964523177126,0.8414566170858124,67,p4,v4,source1,data-videos\VIPL\VIPL\p1-5\p4\v4\source1\video.avi
173.082625,129.9169791666667,99.29827916666665,0.14689568707740713,0.1477986089902216,0.24270685464499467,69,p4,v4,source1,data-videos\VIPL\VIPL\p1-5\p4\v4\source1\video.avi
172.8600041666667,130.1155375,99.15812083333333,0.3433692796716406,0.20020069505027213,0.2589113283297972,69,p4,v4,source1,data-videos\VIPL\VIPL\p1-5\p4\v4\source1\video.avi
173.07096249999998,130.255875,98.96569166666666,0.18534394238595017,0.11515005684009978,0.22922269746847146,69,p4,v4,source1,data-videos\VIPL\VIPL\p1-5\p4\v4\source1\video.avi
173.10661249999998,130.15565833333332,98.43604166666668,0.15877447624084778,0.20545990231267428,0.24839028639421465,69,p4,v4,source1,data-videos\VIPL\VIPL\p1-5\p4\v4\source1\video.avi
173.07897083333333,129.91835833333334,97.77375833333332,0.23179921702604678,0.17942607015921033,0.37648393419684273,69,p4,v4,source1,data-videos\VIPL\VIPL\p1-5\p4\v4\source1\video.avi
173.08836666666662,129.78141666666667,97.56195000000001,0.095008984955226,0.13741311017229124,0.2225550913382021,69,p4,v4,source1,data-videos\VIPL\VIPL\p1-5\p4\v4\source1\video.avi
173.59263750000002,130.16868333333335,97.68808333333332,0.2508314779139547,0.16062630209156314,0.17718409143301897,69,p4,v4,source1,data-videos\VIPL\VIPL\p1-5\p4\v4\source1\video.avi
174.11870833333333,130.529025,97.37765833333333,0.269909173251956,0.11974765089902006,0.2642418828906796,69,p4,v4,source1,data-videos\VIPL\VIPL\p1-5\p4\v4\source1\video.avi
174.5847458333333,130.61242499999997,97.18189166666667,0.15928268862570236,0.11915950415537761,0.24008565037063193,69,p4,v4,source1,data-videos\VIPL\VIPL\p1-5\p4\v4\source1\video.avi
174.4150375,130.5086,97.31493333333331,0.21580389897427693,0.10936155504665244,0.2736032694025744,69,p4,v4,source1,data-videos\VIPL\VIPL\p1-5\p4\v4\source1\video.avi
173.89276250000003,129.9924375,97.14250416666668,0.19658724367313607,0.1378000734508351,0.27600388653412766,68,p4,v4,source1,data-videos\VIPL\VIPL\p1-5\p4\v4\source1\video.avi
173.65600833333335,129.6019,97.20513333333332,0.16065966368296278,0.12940987949041077,0.3065986939501607,68,p4,v4,source1,data-videos\VIPL\VIPL\p1-5\p4\v4\source1\video.avi
173.64072500000003,129.05186666666665,96.71731666666666,0.3068137618237545,0.19755561128100382,0.2562676014957589,68,p4,v4,source1,data-videos\VIPL\VIPL\p1-5\p4\v4\source1\video.avi
174.6757875,128.9736375,96.06362083333333,0.3848048703744371,0.25729402988118333,0.23619286177060825,67,p4,v4,source1,data-videos\VIPL\VIPL\p1-5\p4\v4\source1\video.avi
174.6715375,129.11927083333333,96.15110416666668,0.2502210954280714,0.13427395425646274,0.40218940526614083,67,p4,v4,source1,data-videos\VIPL\VIPL\p1-5\p4\v4\source1\video.avi
174.59393333333333,129.40310833333334,96.66527500000001,0.1870056870235946,0.14907013776146755,0.20056187324613736,66,p4,v4,source1,data-videos\VIPL\VIPL\p1-5\p4\v4\source1\video.avi
173.9107833333333,129.4483833333333,96.9637,0.2099607625380396,0.1387082867727972,0.23896149576518225,66,p4,v4,source1,data-videos\VIPL\VIPL\p1-5\p4\v4\source1\video.avi
173.84201666666667,129.49497499999998,97.03729166666666,0.11269632514589223,0.14605637491317236,0.28243421370196065,66,p4,v4,source1,data-videos\VIPL\VIPL\p1-5\p4\v4\source1\video.avi
173.7379916666667,129.37027916666665,97.11187916666668,0.12555010384857862,0.16766102521158519,0.2216392418811856,65,p4,v4,source1,data-videos\VIPL\VIPL\p1-5\p4\v4\source1\video.avi
173.84883749999997,129.27845,96.97801666666666,0.24264345999955422,0.155875140113989,0.25999330333256143,65,p4,v4,source1,data-videos\VIPL\VIPL\p1-5\p4\v4\source1\video.avi
174.4311375,129.30520416666667,96.86758749999998,0.22249842368355746,0.1741054778878465,0.18396317396424755,65,p4,v4,source1,data-videos\VIPL\VIPL\p1-5\p4\v4\source1\video.avi
190.68470416666668,125.37914583333333,73.93867083333335,0.23454037069577194,0.20925461920761096,0.34912164745575697,70,p4,v5,source1,data-videos\VIPL\VIPL\p1-5\p4\v5\source1\video.avi
191.3773916666667,125.3879,73.41826250000001,0.3191425870485717,0.20911601660986628,0.24077820469088632,70,p4,v5,source1,data-videos\VIPL\VIPL\p1-5\p4\v5\source1\video.avi
190.54644166666668,125.43918333333333,73.71945416666667,0.3791493101338888,0.2303839859283241,0.2663324505226293,70,p4,v5,source1,data-videos\VIPL\VIPL\p1-5\p4\v5\source1\video.avi
191.8705,126.43513749999998,73.71642083333333,0.8465258577136211,0.5826313631383914,0.348683224740276,69,p4,v5,source1,data-videos\VIPL\VIPL\p1-5\p4\v5\source1\video.avi
192.29685833333332,126.53264583333333,73.4179125,0.8126716253993191,0.22444940541306296,0.6799699987509656,69,p4,v5,source1,data-videos\VIPL\VIPL\p1-5\p4\v5\source1\video.avi
193.65813333333332,126.86397500000001,71.73720416666667,0.22882583730742828,0.21422248113494385,0.35788576418786666,68,p4,v5,source1,data-videos\VIPL\VIPL\p1-5\p4\v5\source1\video.avi
192.906475,126.58093333333335,71.88841666666667,0.36794901433864147,0.31395426683940203,0.3330420459045336,69,p4,v5,source1,data-videos\VIPL\VIPL\p1-5\p4\v5\source1\video.avi
189.5324625,125.41182083333331,73.22901666666668,1.2448918149671546,0.49623975913026935,0.5071406072831831,69,p4,v5,source1,data-videos\VIPL\VIPL\p1-5\p4\v5\source1\video.avi
189.49547083333334,124.75565,73.2007625,0.6098506712712587,0.3054547459208246,0.4979323661402218,69,p4,v5,source1,data-videos\VIPL\VIPL\p1-5\p4\v5\source1\video.avi
192.2109291666667,124.90425833333335,71.93962916666668,0.4567941873733236,0.21247122828096549,0.3375812698961883,69,p4,v5,source1,data-videos\VIPL\VIPL\p1-5\p4\v5\source1\video.avi
191.84714166666672,125.1566625,72.55571666666665,0.2674518065361395,0.3852030077601933,0.3693678643322794,69,p4,v5,source1,data-videos\VIPL\VIPL\p1-5\p4\v5\source1\video.avi
192.31040833333333,125.90984999999999,72.32946666666666,0.41571146648613955,0.281369223310561,0.35891364265230113,69,p4,v5,source1,data-videos\VIPL\VIPL\p1-5\p4\v5\source1\video.avi
192.25472916666666,126.28297916666665,72.29929583333333,0.3336192640841584,0.18580937579127796,0.3455962418716867,69,p4,v5,source1,data-videos\VIPL\VIPL\p1-5\p4\v5\source1\video.avi
191.6855875,125.99927499999998,72.64904583333333,0.4913976045918508,0.2794748508487741,0.3850393160390687,70,p4,v5,source1,data-videos\VIPL\VIPL\p1-5\p4\v5\source1\video.avi
192.21822916666667,125.72326250000002,72.60582083333334,0.17592504766471465,0.2008051084938379,0.22927245156933015,70,p4,v5,source1,data-videos\VIPL\VIPL\p1-5\p4\v5\source1\video.avi
191.8904666666667,125.48912083333335,72.42465833333334,0.476669155296535,0.2549143699498804,0.34019632495647045,70,p4,v5,source1,data-videos\VIPL\VIPL\p1-5\p4\v5\source1\video.avi
193.3114083333333,126.36585833333335,72.08414583333334,0.18200960110893413,0.3040992552011411,0.2552444039135164,69,p4,v5,source1,data-videos\VIPL\VIPL\p1-5\p4\v5\source1\video.avi
192.1546625,126.65564166666665,72.61433333333333,0.6080555375139606,0.2527391326381151,0.337713813445151,69,p4,v5,source1,data-videos\VIPL\VIPL\p1-5\p4\v5\source1\video.avi
137.27105,125.20188333333334,110.498575,0.10926219150765433,0.2109920452522371,0.2616277782938958,84,p4,v7,source1,data-videos\VIPL\VIPL\p1-5\p4\v7\source1\video.avi
137.3918375,125.26993750000001,110.33090833333331,0.21985501038247388,0.2641225268722621,0.31096384592460474,84,p4,v7,source1,data-videos\VIPL\VIPL\p1-5\p4\v7\source1\video.avi
137.67790833333333,125.89214166666666,111.21944166666668,0.13650430815850947,0.10099360145436045,0.35213581817878753,84,p4,v7,source1,data-videos\VIPL\VIPL\p1-5\p4\v7\source1\video.avi
137.2549125,125.7390625,111.4047625,0.2629742205890985,0.1443727452926392,0.2956091837441614,84,p4,v7,source1,data-videos\VIPL\VIPL\p1-5\p4\v7\source1\video.avi
137.12220000000002,125.52273333333335,111.61345,0.18312931669163526,0.21618445594689614,0.40707300750295383,84,p4,v7,source1,data-videos\VIPL\VIPL\p1-5\p4\v7\source1\video.avi
137.2572708333333,125.82588750000001,111.72816666666665,0.17201076708466873,0.09421271053519688,0.2255932110569824,84,p4,v7,source1,data-videos\VIPL\VIPL\p1-5\p4\v7\source1\video.avi
137.714625,125.90884166666666,111.71651666666668,0.10806976350821544,0.12431081300179321,0.18696292078912272,84,p4,v7,source1,data-videos\VIPL\VIPL\p1-5\p4\v7\source1\video.avi
137.50305,125.9954,112.04377500000001,0.14075253944817823,0.1631226630313654,0.2056272802136316,85,p4,v7,source1,data-videos\VIPL\VIPL\p1-5\p4\v7\source1\video.avi
137.4779875,125.73462083333334,111.69377916666666,0.13568538312745584,0.11838521045956603,0.26675011474276356,83,p4,v7,source1,data-videos\VIPL\VIPL\p1-5\p4\v7\source1\video.avi
137.32214583333334,125.73962916666667,111.36757083333332,0.11911438611337727,0.10968455037186453,0.20135650804812014,83,p4,v7,source1,data-videos\VIPL\VIPL\p1-5\p4\v7\source1\video.avi
137.31394583333332,125.87927916666668,111.53687083333332,0.13434158602648344,0.18605314895510677,0.2718382054923064,82,p4,v7,source1,data-videos\VIPL\VIPL\p1-5\p4\v7\source1\video.avi
137.40799583333333,126.00739583333332,111.25089583333335,0.12362960009978635,0.15079811686029432,0.3111729963871472,81,p4,v7,source1,data-videos\VIPL\VIPL\p1-5\p4\v7\source1\video.avi
137.44182916666668,125.91647916666665,110.90383333333334,0.1436798986075954,0.12927888270668558,0.31827198770819065,81,p4,v7,source1,data-videos\VIPL\VIPL\p1-5\p4\v7\source1\video.avi
137.50880833333338,126.00905833333334,111.12795,0.16485453151945864,0.251602112098648,0.4934255805857552,80,p4,v7,source1,data-videos\VIPL\VIPL\p1-5\p4\v7\source1\video.avi
137.37916666666666,125.83798333333334,110.95733333333334,0.13691389921629663,0.13571305346923773,0.20276474891553026,79,p4,v7,source1,data-videos\VIPL\VIPL\p1-5\p4\v7\source1\video.avi
137.23825,125.94188333333335,111.44535416666668,0.1581809710997367,0.10049310247889377,0.4402989544285027,79,p4,v7,source1,data-videos\VIPL\VIPL\p1-5\p4\v7\source1\video.avi
136.97715416666665,126.12857083333334,112.4068125,0.11953605598544234,0.11955713098533317,0.2618471875976089,79,p4,v7,source1,data-videos\VIPL\VIPL\p1-5\p4\v7\source1\video.avi
136.85262916666667,126.0713125,112.31295,0.09495176626406994,0.12534525929518828,0.30306006566814137,79,p4,v7,source1,data-videos\VIPL\VIPL\p1-5\p4\v7\source1\video.avi
136.77879166666668,126.10375833333333,112.19069583333332,0.10603340668550343,0.08260953334815496,0.257200805008892,79,p4,v7,source1,data-videos\VIPL\VIPL\p1-5\p4\v7\source1\video.avi
136.83012499999998,126.24129166666665,112.542675,0.1689574547860428,0.12184250991432637,0.2733358846425643,79,p4,v7,source1,data-videos\VIPL\VIPL\p1-5\p4\v7\source1\video.avi
136.7083875,126.1540375,112.49918333333333,0.13889729144027627,0.10806188459756823,0.2038480457691189,79,p4,v7,source1,data-videos\VIPL\VIPL\p1-5\p4\v7\source1\video.avi
136.72514583333333,126.16869583333333,112.82579583333334,0.12453661679847985,0.10302175016444126,0.16857049835800766,79,p4,v7,source1,data-videos\VIPL\VIPL\p1-5\p4\v7\source1\video.avi
136.55621666666667,125.98026666666668,112.8415,0.12544387066533186,0.14980459807417973,0.3536586564930926,80,p4,v7,source1,data-videos\VIPL\VIPL\p1-5\p4\v7\source1\video.avi
136.23337083333334,125.74007083333332,112.74024166666666,0.14604827279400331,0.18437076906633298,0.2913182855691423,80,p4,v7,source1,data-videos\VIPL\VIPL\p1-5\p4\v7\source1\video.avi
84.71367916666667,76.4665625,67.95170000000002,1.7335700874267623,2.074614499623631,2.2823936318543248,86,p5,v1,source1,data-videos\VIPL\VIPL\p1-5\p5\v1\source1\video.avi
79.24749999999999,68.46458333333334,58.297974999999994,0.713379566137092,0.9592927113641534,1.482650771996356,86,p5,v1,source1,data-videos\VIPL\VIPL\p1-5\p5\v1\source1\video.avi
82.34414999999998,70.40429999999999,59.071025000000006,0.4300734551277909,0.3508078518062122,0.3650097276576643,87,p5,v1,source1,data-videos\VIPL\VIPL\p1-5\p5\v1\source1\video.avi
80.334975,68.74745833333334,57.579245833333324,0.7175698011440346,0.615938803271071,0.5373902134971373,87,p5,v1,source1,data-videos\VIPL\VIPL\p1-5\p5\v1\source1\video.avi
78.6972375,67.55605416666667,56.820504166666666,0.24632143302614842,0.10686796321863731,0.20194282202657202,88,p5,v1,source1,data-videos\VIPL\VIPL\p1-5\p5\v1\source1\video.avi
77.90157083333332,67.09128749999999,56.43704583333333,0.2993265240270413,0.3290347954202152,0.346368329760547,88,p5,v1,source1,data-videos\VIPL\VIPL\p1-5\p5\v1\source1\video.avi
79.67964166666667,68.90869166666667,58.208275,0.8035070989453387,0.8154848240974999,0.8998891053786388,88,p5,v1,source1,data-videos\VIPL\VIPL\p1-5\p5\v1\source1\video.avi
81.36145,70.57986666666666,59.78562916666666,0.38970058164356564,0.41213892816756637,0.4292170161403719,88,p5,v1,source1,data-videos\VIPL\VIPL\p1-5\p5\v1\source1\video.avi
81.35462083333333,70.94072083333333,60.175012499999994,0.3093371846698115,0.3019385973956011,0.4374072504066817,88,p5,v1,source1,data-videos\VIPL\VIPL\p1-5\p5\v1\source1\video.avi
81.80386666666668,71.8006625,61.37095416666667,0.2652577466404665,0.24034088183071753,0.34329983109197404,88,p5,v1,source1,data-videos\VIPL\VIPL\p1-5\p5\v1\source1\video.avi
81.65069166666666,71.20545833333333,60.91185,0.22662481399759543,0.14371343133897704,0.35565411699782107,88,p5,v1,source1,data-videos\VIPL\VIPL\p1-5\p5\v1\source1\video.avi
81.53375416666665,70.66632083333333,60.31679166666667,0.20964635500448617,0.40897141335849374,0.371134241211991,89,p5,v1,source1,data-videos\VIPL\VIPL\p1-5\p5\v1\source1\video.avi
81.09123333333334,69.95168333333334,59.23200833333333,0.299982076547915,0.30656959469081213,0.7107055281012034,89,p5,v1,source1,data-videos\VIPL\VIPL\p1-5\p5\v1\source1\video.avi
80.82611250000001,69.24811249999999,58.510754166666665,0.2045883012804814,0.2936509160905748,0.518840245061843,89,p5,v1,source1,data-videos\VIPL\VIPL\p1-5\p5\v1\source1\video.avi
81.96752083333332,70.51975416666666,59.55123333333333,0.65941664626248,0.7323365786843974,0.7662530925259321,89,p5,v1,source1,data-videos\VIPL\VIPL\p1-5\p5\v1\source1\video.avi
83.21525416666667,72.7364875,61.75670833333333,0.5845758330476337,0.984498918796314,1.0255869610049329,89,p5,v1,source1,data-videos\VIPL\VIPL\p1-5\p5\v1\source1\video.avi
84.18108749999999,73.9672375,62.95785,0.5257659583421016,0.5890884127958014,0.5731757072564128,89,p5,v1,source1,data-videos\VIPL\VIPL\p1-5\p5\v1\source1\video.avi
83.77285833333333,73.18940833333333,62.45754166666666,0.3724032488539075,0.3664353433664041,0.2897671449006754,89,p5,v1,source1,data-videos\VIPL\VIPL\p1-5\p5\v1\source1\video.avi
83.4161125,72.98158333333333,62.93975416666666,0.6080480643351055,0.8694364559115613,1.2562064748126054,89,p5,v1,source1,data-videos\VIPL\VIPL\p1-5\p5\v1\source1\video.avi
84.38625,75.00956666666667,66.1734125,0.3339329216782259,0.4399978591330484,0.650982790857833,89,p5,v1,source1,data-videos\VIPL\VIPL\p1-5\p5\v1\source1\video.avi
82.92200833333334,72.67617916666667,63.1932125,0.24902814314126978,0.38176918851396513,0.4514832342771245,89,p5,v1,source1,data-videos\VIPL\VIPL\p1-5\p5\v1\source1\video.avi
84.65974583333335,74.69977916666667,65.36614583333333,1.372581173942912,1.6676439034295758,1.811267683565237,89,p5,v1,source1,data-videos\VIPL\VIPL\p1-5\p5\v1\source1\video.avi
84.81457083333335,75.23432083333334,66.07866250000001,0.3608443612633509,0.3432531827966049,0.4652439423974263,89,p5,v1,source1,data-videos\VIPL\VIPL\p1-5\p5\v1\source1\video.avi
83.80596666666666,74.33915,64.85341666666666,0.4648082634867377,0.5379696588924775,0.9308890575680862,89,p5,v1,source1,data-videos\VIPL\VIPL\p1-5\p5\v1\source1\video.avi
82.90845833333333,73.51122083333333,64.22965833333333,0.16015423880851098,0.23374834097747518,0.2808273746276856,87,p5,v1,source1,data-videos\VIPL\VIPL\p1-5\p5\v1\source1\video.avi
82.99452500000001,73.5176,64.22059583333333,0.15219306566368704,0.1396633864968843,0.39398322625391513,86,p5,v1,source1,data-videos\VIPL\VIPL\p1-5\p5\v1\source1\video.avi
83.77310833333333,74.32009166666667,64.79777916666667,0.6344215409036011,0.6157144290093242,0.7453126358141037,83,p5,v1,source1,data-videos\VIPL\VIPL\p1-5\p5\v1\source1\video.avi
84.39530416666666,74.72672083333333,65.17935416666666,0.27898454245810034,0.3701577356156571,0.3603925064156514,82,p5,v1,source1,data-videos\VIPL\VIPL\p1-5\p5\v1\source1\video.avi
84.31255416666667,74.71355833333334,65.0672,0.3043071010280743,0.45283874739893054,0.3951188104984664,80,p5,v1,source1,data-videos\VIPL\VIPL\p1-5\p5\v1\source1\video.avi
85.906075,76.600175,67.50574999999999,0.4520373562642063,0.5573796587231479,0.6751014069917369,80,p5,v1,source1,data-videos\VIPL\VIPL\p1-5\p5\v1\source1\video.avi
84.81865833333333,70.4390375,56.542904166666666,2.943260441174604,4.807513036188773,6.283267724314846,93,p5,v3,source1,data-videos\VIPL\VIPL\p1-5\p5\v3\source1\video.avi
88.932375,77.57140833333332,65.15623333333333,3.814590037997021,5.080889886456762,5.559051661376621,93,p5,v3,source1,data-videos\VIPL\VIPL\p1-5\p5\v3\source1\video.avi
89.45973333333333,77.10502083333334,63.788500000000006,2.187770199796601,2.7636585606324346,2.8340438977256706,93,p5,v3,source1,data-videos\VIPL\VIPL\p1-5\p5\v3\source1\video.avi
83.86831250000002,68.87750416666665,54.18832499999999,4.470247144702654,3.7247236364529637,2.9791745938006424,93,p5,v3,source1,data-videos\VIPL\VIPL\p1-5\p5\v3\source1\video.avi
77.56055416666668,63.19458333333334,49.186729166666666,0.6547592550308935,0.4932899104622846,0.7722578869287199,93,p5,v3,source1,data-videos\VIPL\VIPL\p1-5\p5\v3\source1\video.avi
80.31552083333334,67.9714875,55.82295833333333,4.018232240061474,5.5539841424528795,6.365047123240831,93,p5,v3,source1,data-videos\VIPL\VIPL\p1-5\p5\v3\source1\video.avi
77.09587499999999,63.602675,50.21215416666667,3.453177153577998,4.788158620358693,5.895937467993792,93,p5,v3,source1,data-videos\VIPL\VIPL\p1-5\p5\v3\source1\video.avi
91.4404875,79.20309583333332,66.48870833333335,11.899426128374964,14.748173726938711,16.284392260406854,93,p5,v3,source1,data-videos\VIPL\VIPL\p1-5\p5\v3\source1\video.avi
95.91458333333333,83.238625,70.1128375,5.4283074264106475,7.011650008213017,7.744160102823271,92,p5,v3,source1,data-videos\VIPL\VIPL\p1-5\p5\v3\source1\video.avi
79.37847916666666,66.2754875,53.186795833333335,7.562955989007649,7.802095592153253,8.216811930515286,92,p5,v3,source1,data-videos\VIPL\VIPL\p1-5\p5\v3\source1\video.avi
60.757558333333336,50.732758333333344,40.67534166666667,4.1018533856194885,2.9280463312271037,2.0171487630801637,92,p5,v3,source1,data-videos\VIPL\VIPL\p1-5\p5\v3\source1\video.avi
76.89743333333334,63.27732083333334,51.07996666666666,3.5693602548966834,2.5213946168379606,2.202417317726958,92,p5,v3,source1,data-videos\VIPL\VIPL\p1-5\p5\v3\source1\video.avi
81.72888333333333,66.20986666666667,52.088699999999996,2.2199430529717414,1.4692099523662177,0.9953042528090204,92,p5,v3,source1,data-videos\VIPL\VIPL\p1-5\p5\v3\source1\video.avi
75.67743333333333,62.2388,49.05636666666666,3.1530331772611793,2.236362706797395,1.7333311286344149,91,p5,v3,source1,data-videos\VIPL\VIPL\p1-5\p5\v3\source1\video.avi
87.89724583333334,70.7181125,55.0377625,3.9714476840989272,2.8865911654928538,1.7578368824531192,91,p5,v3,source1,data-videos\VIPL\VIPL\p1-5\p5\v3\source1\video.avi
92.60933333333332,74.31131666666667,57.028466666666674,3.0249534810472696,2.403938376451814,1.4547977485433041,93,p5,v3,source1,data-videos\VIPL\VIPL\p1-5\p5\v3\source1\video.avi
76.26325416666667,62.33722083333334,48.82367083333334,3.8965506394322302,2.6842356172130786,2.0990152461845715,93,p5,v3,source1,data-videos\VIPL\VIPL\p1-5\p5\v3\source1\video.avi
72.70344583333332,59.680212499999996,47.16129583333333,0.8834320153801383,0.5615687410615909,0.5182573606903449,93,p5,v3,source1,data-videos\VIPL\VIPL\p1-5\p5\v3\source1\video.avi
74.15338750000001,60.769954166666665,48.013254166666655,0.8488888019174445,0.6978576474298959,0.5426320758004445,93,p5,v3,source1,data-videos\VIPL\VIPL\p1-5\p5\v3\source1\video.avi
73.51919583333334,60.449579166666666,47.79214583333334,0.5711195211125549,0.42417985969168176,0.44564519102613687,91,p5,v3,source1,data-videos\VIPL\VIPL\p1-5\p5\v3\source1\video.avi
79.0502625,64.64922916666666,50.51272916666666,5.070017619452867,3.8107923203064926,2.3818531710930113,91,p5,v3,source1,data-videos\VIPL\VIPL\p1-5\p5\v3\source1\video.avi
137.94956249999998,103.57629166666666,83.55255,0.4594706372479709,0.6360863063000955,1.0245862491147344,85,p5,v4,source1,data-videos\VIPL\VIPL\p1-5\p5\v4\source1\video.avi
137.1842,104.13314583333333,85.33048333333332,0.6042707020484814,0.803927972455141,0.7777615622019955,85,p5,v4,source1,data-videos\VIPL\VIPL\p1-5\p5\v4\source1\video.avi
131.0787,99.07685000000001,81.69017083333333,4.209093926122772,4.708898144614529,4.473959672766584,84,p5,v4,source1,data-videos\VIPL\VIPL\p1-5\p5\v4\source1\video.avi
126.16345833333335,86.97592916666665,66.6978875,4.664399332570118,2.345122715953675,1.7951634615683325,84,p5,v4,source1,data-videos\VIPL\VIPL\p1-5\p5\v4\source1\video.avi
131.04321249999998,92.18405833333333,71.36300833333333,3.167441199505746,1.756064528680222,3.225811015234301,83,p5,v4,source1,data-videos\VIPL\VIPL\p1-5\p5\v4\source1\video.avi
130.28028333333333,97.21052083333333,79.63724583333332,0.6975349662183369,0.8708041666766361,1.1201889090281711,83,p5,v4,source1,data-videos\VIPL\VIPL\p1-5\p5\v4\source1\video.avi
130.29238333333333,97.604975,80.14692500000001,0.1800316988870748,0.3242006399292799,0.5598433375545047,84,p5,v4,source1,data-videos\VIPL\VIPL\p1-5\p5\v4\source1\video.avi
129.7480958333333,97.79334583333335,80.51296666666666,0.2663605738702702,0.321468192655026,0.46454510410723465,84,p5,v4,source1,data-videos\VIPL\VIPL\p1-5\p5\v4\source1\video.avi
128.21617916666665,96.91863333333335,80.0359,1.036920964891035,0.9808651644155209,0.868411947057193,84,p5,v4,source1,data-videos\VIPL\VIPL\p1-5\p5\v4\source1\video.avi
129.00240416666665,97.83849583333334,81.11049583333333,0.26532696011504026,0.2832040407820445,0.3296873851763894,84,p5,v4,source1,data-videos\VIPL\VIPL\p1-5\p5\v4\source1\video.avi
128.973375,97.71002083333333,80.79559583333334,0.22024033589593867,0.2699999839248974,0.39379358832811445,84,p5,v4,source1,data-videos\VIPL\VIPL\p1-5\p5\v4\source1\video.avi
128.12494583333333,96.83004166666667,79.47557499999999,0.26021662503468795,0.3780173561197662,0.4527315122153273,84,p5,v4,source1,data-videos\VIPL\VIPL\p1-5\p5\v4\source1\video.avi
127.80455416666668,95.3412125,77.53232083333333,0.24059246446705923,0.16089804095555021,0.34770981939965967,84,p5,v4,source1,data-videos\VIPL\VIPL\p1-5\p5\v4\source1\video.avi
128.14205,95.95881249999998,78.20425833333333,0.1056233017614986,0.2405468993021722,0.30743574351218206,84,p5,v4,source1,data-videos\VIPL\VIPL\p1-5\p5\v4\source1\video.avi
127.55459583333334,95.48882083333332,77.95244583333333,0.5890457415977499,0.4163696667742764,0.34023523969943675,85,p5,v4,source1,data-videos\VIPL\VIPL\p1-5\p5\v4\source1\video.avi
130.1885166666667,98.02252916666666,80.6251625,3.5356261355496765,2.330204854251613,1.71121992483311,85,p5,v4,source1,data-videos\VIPL\VIPL\p1-5\p5\v4\source1\video.avi
129.31116250000002,100.13800833333333,84.05607916666666,1.5425897528362986,1.565994474678064,1.4423499792246834,86,p5,v4,source1,data-videos\VIPL\VIPL\p1-5\p5\v4\source1\video.avi
131.2642375,101.17694999999999,84.47397916666667,1.2587548992787791,0.9611500767671216,0.6239737762418377,87,p5,v4,source1,data-videos\VIPL\VIPL\p1-5\p5\v4\source1\video.avi
131.52513749999997,100.33250416666668,82.48107083333332,1.491189807309454,1.580217034276199,1.693054728023678,89,p5,v4,source1,data-videos\VIPL\VIPL\p1-5\p5\v4\source1\video.avi
130.87328333333335,96.63762500000001,77.6514,1.0638500402266649,0.506416891215461,0.918759876685386,91,p5,v4,source1,data-videos\VIPL\VIPL\p1-5\p5\v4\source1\video.avi
129.56375,94.057675,75.1054,1.4530221857295311,0.7994351107405292,0.5674608701328598,95,p5,v4,source1,data-videos\VIPL\VIPL\p1-5\p5\v4\source1\video.avi
128.850225,93.2655291666667,74.64285,2.391915904130109,2.5916744501691795,2.4379025548785456,98,p5,v4,source1,data-videos\VIPL\VIPL\p1-5\p5\v4\source1\video.avi
127.08009583333333,89.77310416666666,70.25580833333335,0.8753156131782477,1.109880768902929,1.539449859539025,98,p5,v4,source1,data-videos\VIPL\VIPL\p1-5\p5\v4\source1\video.avi
131.89562916666665,97.6679875,79.27273333333332,0.8069898233989348,1.689235548289274,2.0304387833719177,98,p5,v4,source1,data-videos\VIPL\VIPL\p1-5\p5\v4\source1\video.avi
131.35525833333332,92.3499625,71.51298750000001,0.560401582913488,1.4385650655470885,1.9596882039058607,99,p5,v4,source1,data-videos\VIPL\VIPL\p1-5\p5\v4\source1\video.avi
129.71615833333334,90.87906666666666,70.676375,0.9790061106487048,0.5935823019610587,1.3092106277761208,99,p5,v4,source1,data-videos\VIPL\VIPL\p1-5\p5\v4\source1\video.avi
128.3922625,92.76815416666668,73.9173625,1.5425291167340165,1.5333753321693802,1.4069928959684035,99,p5,v4,source1,data-videos\VIPL\VIPL\p1-5\p5\v4\source1\video.avi
128.95823333333334,90.99492500000001,71.0052625,1.29647112937603,1.2893783929507794,1.4011860025156666,99,p5,v4,source1,data-videos\VIPL\VIPL\p1-5\p5\v4\source1\video.avi
132.55617083333334,91.29185416666667,68.88390833333332,3.7308685894395515,2.398286582385433,1.1861149682834777,99,p5,v4,source1,data-videos\VIPL\VIPL\p1-5\p5\v4\source1\video.avi
164.76583333333332,124.88648750000002,88.92154166666667,0.5418462298526715,0.27822284876765463,0.39899967910214185,84,p5,v5,source1,data-videos\VIPL\VIPL\p1-5\p5\v5\source1\video.avi
164.458475,125.32782500000002,90.28268750000001,0.47877957270137306,0.5860765426285577,1.1399035629440315,83,p5,v5,source1,data-videos\VIPL\VIPL\p1-5\p5\v5\source1\video.avi
163.97490416666668,124.61212083333334,89.46364583333335,0.3519193909733534,0.37831235129042484,0.7652990683794793,82,p5,v5,source1,data-videos\VIPL\VIPL\p1-5\p5\v5\source1\video.avi
163.95771666666667,124.40743333333332,88.88075,0.2789792311067033,0.2783034647147289,0.7534457794259137,80,p5,v5,source1,data-videos\VIPL\VIPL\p1-5\p5\v5\source1\video.avi
164.29488750000002,125.37638333333337,90.81899583333333,0.23164643931479495,0.21305243453457806,0.36043312688809975,79,p5,v5,source1,data-videos\VIPL\VIPL\p1-5\p5\v5\source1\video.avi
163.7155125,125.05424166666667,90.87457500000001,0.49841363528727495,0.4424703178996555,0.5190698828995309,78,p5,v5,source1,data-videos\VIPL\VIPL\p1-5\p5\v5\source1\video.avi
164.19419166666665,125.21770000000001,90.38568333333333,0.2939347266094051,0.16732317812395273,0.764347330220547,76,p5,v5,source1,data-videos\VIPL\VIPL\p1-5\p5\v5\source1\video.avi
165.0070166666667,125.41021249999999,89.60642916666666,0.4767302276605487,0.3583967633782437,0.3239757732711907,76,p5,v5,source1,data-videos\VIPL\VIPL\p1-5\p5\v5\source1\video.avi
165.59224999999998,125.7948625,90.45744166666667,0.16378642777596303,0.1813320545106563,0.3945613423122216,77,p5,v5,source1,data-videos\VIPL\VIPL\p1-5\p5\v5\source1\video.avi
164.86788333333334,124.97455416666668,89.08772083333334,0.24638698199343778,0.17317867830092668,0.3463036890785954,78,p5,v5,source1,data-videos\VIPL\VIPL\p1-5\p5\v5\source1\video.avi
165.01425833333332,124.87574999999998,88.4366875,0.25375153310976273,0.15585141940500752,0.34462626445582734,79,p5,v5,source1,data-videos\VIPL\VIPL\p1-5\p5\v5\source1\video.avi
165.0481125,124.94257500000002,88.2968125,0.3602631420611589,0.18952161202251058,0.48517008848129184,79,p5,v5,source1,data-videos\VIPL\VIPL\p1-5\p5\v5\source1\video.avi
165.49990416666668,125.01535833333334,88.41487916666667,0.31146077747089906,0.25050169985839393,0.28752371985484315,80,p5,v5,source1,data-videos\VIPL\VIPL\p1-5\p5\v5\source1\video.avi
165.80502916666666,125.26109166666667,88.68550416666665,0.2786396012075645,0.3928839274978196,0.551417101688659,81,p5,v5,source1,data-videos\VIPL\VIPL\p1-5\p5\v5\source1\video.avi
165.0586791666667,124.42095833333332,87.37948750000001,1.6331778042235099,1.4319094881025316,1.8941022735516715,81,p5,v5,source1,data-videos\VIPL\VIPL\p1-5\p5\v5\source1\video.avi
88.47525833333331,73.65484166666667,59.020391666666676,3.5848838441879036,2.7578487148424844,1.929342549415761,104,p5,v6,source1,data-videos\VIPL\VIPL\p1-5\p5\v6\source1\video.avi
74.66017083333332,63.31160416666667,50.99807083333333,5.726383142058587,4.36408135398919,3.311396583926737,103,p5,v6,source1,data-videos\VIPL\VIPL\p1-5\p5\v6\source1\video.avi
63.770466666666664,54.84666666666667,44.90495,1.0256926746242159,0.7638713828802162,0.6020201705046472,105,p5,v6,source1,data-videos\VIPL\VIPL\p1-5\p5\v6\source1\video.avi
67.92650833333335,57.91240833333333,47.27274166666667,1.1692302088785458,0.9640467727062204,0.6946106409099114,106,p5,v6,source1,data-videos\VIPL\VIPL\p1-5\p5\v6\source1\video.avi
71.93834583333334,60.973479166666664,49.40174583333332,0.6442425969425455,0.42032866914376266,0.4022814109257208,106,p5,v6,source1,data-videos\VIPL\VIPL\p1-5\p5\v6\source1\video.avi
74.40942916666668,62.75632916666667,50.611295833333344,1.989677779416249,1.4566937233137458,1.0190567602567586,107,p5,v6,source1,data-videos\VIPL\VIPL\p1-5\p5\v6\source1\video.avi
79.19998749999999,66.2508375,52.95422083333333,1.4079414973024944,0.9880224793432086,0.7198481587334538,107,p5,v6,source1,data-videos\VIPL\VIPL\p1-5\p5\v6\source1\video.avi
80.94606666666668,67.63866666666667,54.17883333333333,0.8143814393239055,0.6507060875129335,0.6490292825047355,107,p5,v6,source1,data-videos\VIPL\VIPL\p1-5\p5\v6\source1\video.avi
86.41855833333335,72.500175,58.26385833333334,0.9206138608551425,0.896701477464769,0.8899404725527997,106,p5,v6,source1,data-videos\VIPL\VIPL\p1-5\p5\v6\source1\video.avi
86.12909583333334,71.96179583333334,57.32402916666667,0.3420719264744544,0.25538197881637453,0.2968486533923194,106,p5,v6,source1,data-videos\VIPL\VIPL\p1-5\p5\v6\source1\video.avi
85.87819999999999,72.05133333333333,57.47916666666667,0.6607422991364006,0.3924296922609908,0.3245860518178842,107,p5,v6,source1,data-videos\VIPL\VIPL\p1-5\p5\v6\source1\video.avi
85.30698749999999,71.4544375,56.744954166666666,0.29625067381545517,0.2280706936882608,0.29512763846531115,107,p5,v6,source1,data-videos\VIPL\VIPL\p1-5\p5\v6\source1\video.avi
81.86342083333334,68.95693750000001,55.192470833333346,1.4965270187262838,1.0427088419912194,0.7309297871546889,107,p5,v6,source1,data-videos\VIPL\VIPL\p1-5\p5\v6\source1\video.avi
79.77742500000001,67.19964166666666,53.581775,2.9094526157029685,2.1732659173385294,1.4408113164285636,107,p5,v6,source1,data-videos\VIPL\VIPL\p1-5\p5\v6\source1\video.avi
82.667625,69.04780833333334,54.86705833333333,0.8940890688409252,0.7052045356126201,0.48891760436106907,106,p5,v6,source1,data-videos\VIPL\VIPL\p1-5\p5\v6\source1\video.avi
60.77695416666668,53.59377083333334,44.79430416666667,14.674446359998228,10.771640506626326,7.501259970884799,104,p5,v6,source1,data-videos\VIPL\VIPL\p1-5\p5\v6\source1\video.avi
85.69533333333335,71.75318333333334,57.5695,2.9091520197401746,1.8548142436755402,1.033902621240672,103,p5,v6,source1,data-videos\VIPL\VIPL\p1-5\p5\v6\source1\video.avi
88.62004166666668,73.95835833333332,59.52482500000001,1.336660895600074,0.8700704574558893,0.7329708323503661,103,p5,v6,source1,data-videos\VIPL\VIPL\p1-5\p5\v6\source1\video.avi
91.19417083333332,75.49652083333334,60.52730416666666,1.0749747871235824,0.7357652343205155,0.570854085176326,103,p5,v6,source1,data-videos\VIPL\VIPL\p1-5\p5\v6\source1\video.avi
91.80599583333334,75.7518625,60.78521666666668,0.8842924451456473,0.5919666891318006,0.37896920673423856,103,p5,v6,source1,data-videos\VIPL\VIPL\p1-5\p5\v6\source1\video.avi
87.64765833333333,72.82124166666667,59.34894166666667,0.6425533971272124,0.4405279118017277,0.4895955199547088,104,p5,v6,source1,data-videos\VIPL\VIPL\p1-5\p5\v6\source1\video.avi
85.23898750000001,71.16113750000001,58.58627083333333,2.418321440378234,1.7273280840148428,1.1728460454612812,103,p5,v6,source1,data-videos\VIPL\VIPL\p1-5\p5\v6\source1\video.avi
80.90370833333333,68.54022499999999,56.676725,2.7140031287083812,1.948978533139574,1.3424956671769517,103,p5,v6,source1,data-videos\VIPL\VIPL\p1-5\p5\v6\source1\video.avi
86.07484999999998,72.30735,59.132000000000005,0.577092225473009,0.543398158102478,0.5118587527946553,103,p5,v6,source1,data-videos\VIPL\VIPL\p1-5\p5\v6\source1\video.avi
87.5939625,72.86069583333334,58.685100000000006,2.0872734092923437,1.5117774027797721,0.7483271195454715,103,p5,v6,source1,data-videos\VIPL\VIPL\p1-5\p5\v6\source1\video.avi
97.30992083333335,79.9357375,62.542587499999996,1.6047879006187153,1.1807400052509442,0.7476186178878237,103,p5,v6,source1,data-videos\VIPL\VIPL\p1-5\p5\v6\source1\video.avi
94.0376375,77.1090375,60.577129166666666,1.8327965726361088,1.5279506362917752,1.0444328168549724,104,p5,v6,source1,data-videos\VIPL\VIPL\p1-5\p5\v6\source1\video.avi
92.10417500000001,75.321775,59.38344166666668,0.2454965930262564,0.22557669050371942,0.20374776643288353,105,p5,v6,source1,data-videos\VIPL\VIPL\p1-5\p5\v6\source1\video.avi
109.94472083333332,109.19763333333334,104.7844625,0.4988829133326559,0.8125318564908697,1.195355628190717,96,p5,v7,source1,data-videos\VIPL\VIPL\p1-5\p5\v7\source1\video.avi
109.37992083333334,108.57418333333334,104.67114166666666,0.9591620362978291,1.1339224379155444,1.420873843960606,96,p5,v7,source1,data-videos\VIPL\VIPL\p1-5\p5\v7\source1\video.avi
107.72732083333332,106.64452500000002,102.29553750000001,0.15770675780806998,0.2836340761120641,0.2762604803818906,95,p5,v7,source1,data-videos\VIPL\VIPL\p1-5\p5\v7\source1\video.avi
107.76209583333335,106.73725833333334,102.16018333333334,0.31100780447513654,0.41326843799191515,0.4800759653791494,96,p5,v7,source1,data-videos\VIPL\VIPL\p1-5\p5\v7\source1\video.avi
108.97239166666667,107.8138125,103.18990416666665,1.133299234122436,0.9566166095534889,0.7357463460286058,96,p5,v7,source1,data-videos\VIPL\VIPL\p1-5\p5\v7\source1\video.avi
111.13820416666667,109.59549166666667,104.54409166666666,0.6172591405538057,0.6800345167914481,0.7409043516297437,95,p5,v7,source1,data-videos\VIPL\VIPL\p1-5\p5\v7\source1\video.avi
109.48374166666666,108.1923375,103.32507916666667,1.3608709198600855,1.5097517266461753,1.5186037256034455,95,p5,v7,source1,data-videos\VIPL\VIPL\p1-5\p5\v7\source1\video.avi
107.91142916666668,106.18159583333332,101.1461125,0.5599120168358793,0.43391055978034043,0.39759202804368254,95,p5,v7,source1,data-videos\VIPL\VIPL\p1-5\p5\v7\source1\video.avi
108.69982916666666,106.45389166666664,100.85121666666667,0.39297277555371235,0.2079216492388964,0.24719763502891579,96,p5,v7,source1,data-videos\VIPL\VIPL\p1-5\p5\v7\source1\video.avi
109.21252083333333,107.184525,101.8146625,0.3141780087475168,0.24765238378510374,0.340906744182581,96,p5,v7,source1,data-videos\VIPL\VIPL\p1-5\p5\v7\source1\video.avi
109.14620416666666,107.67089166666669,102.79382083333334,0.37340149591663196,0.5102852339963632,0.6209432534962444,96,p5,v7,source1,data-videos\VIPL\VIPL\p1-5\p5\v7\source1\video.avi
107.06593749999998,105.58989583333332,100.67215416666666,0.6331004026153084,0.6924444760632831,0.7545887934184933,96,p5,v7,source1,data-videos\VIPL\VIPL\p1-5\p5\v7\source1\video.avi
106.37553333333334,104.89051249999999,100.28729583333333,0.4329544480626357,0.6073545592933708,0.8580298646787021,97,p5,v7,source1,data-videos\VIPL\VIPL\p1-5\p5\v7\source1\video.avi
107.82408333333333,106.50247916666667,102.38876250000001,0.5004827868821045,0.5006332274951619,0.4785015332176772,98,p5,v7,source1,data-videos\VIPL\VIPL\p1-5\p5\v7\source1\video.avi
106.83638749999999,105.5908125,101.561425,0.3090297199502013,0.3586441154717312,0.3659707431289958,99,p5,v7,source1,data-videos\VIPL\VIPL\p1-5\p5\v7\source1\video.avi
146.3851625,121.30997916666666,100.84012916666667,0.8016701663558408,0.7970697931852228,0.6259767168748728,68,p11,v1,source1,data-videos\VIPL\VIPL\p11-15\p11\v1\source1\video.avi
147.77244583333334,122.53614583333334,102.44227916666667,0.35161437595041534,0.3101585196180608,0.4583793104969569,68,p11,v1,source1,data-videos\VIPL\VIPL\p11-15\p11\v1\source1\video.avi
147.5197208333333,122.19418749999998,101.98533749999999,0.19609363843511707,0.12423580639363814,0.43703269316589355,69,p11,v1,source1,data-videos\VIPL\VIPL\p11-15\p11\v1\source1\video.avi
147.26668750000002,121.73300416666667,100.89532083333333,0.5348801227001466,0.5218561512564223,0.5992091930608302,70,p11,v1,source1,data-videos\VIPL\VIPL\p11-15\p11\v1\source1\video.avi
146.87339583333332,121.54659583333334,101.00766250000001,0.43274287396245004,0.5202196198548699,0.6140761474169063,71,p11,v1,source1,data-videos\VIPL\VIPL\p11-15\p11\v1\source1\video.avi
148.30608333333333,122.96356666666667,103.03561666666667,0.8722097978259657,0.7551860159231204,0.8438325550765055,71,p11,v1,source1,data-videos\VIPL\VIPL\p11-15\p11\v1\source1\video.avi
148.42290833333334,123.24539166666668,103.96155833333333,0.3904088756782206,0.1977576187252695,0.3338634618830791,71,p11,v1,source1,data-videos\VIPL\VIPL\p11-15\p11\v1\source1\video.avi
145.2531375,120.81300416666667,101.66515416666667,1.6535242894492383,1.389048144901453,1.3675417346236645,71,p11,v1,source1,data-videos\VIPL\VIPL\p11-15\p11\v1\source1\video.avi
143.80467499999997,119.26880833333334,100.146825,0.20247913627087694,0.1601816137232984,0.29789720670709163,71,p11,v1,source1,data-videos\VIPL\VIPL\p11-15\p11\v1\source1\video.avi
142.97615416666665,118.40735416666668,99.08827083333334,0.2571322547996122,0.3047280065666936,0.32661125965060617,72,p11,v1,source1,data-videos\VIPL\VIPL\p11-15\p11\v1\source1\video.avi
143.49569583333331,118.83749583333332,99.19369583333334,0.4723825827064805,0.4997525815618949,0.30736349883593217,72,p11,v1,source1,data-videos\VIPL\VIPL\p11-15\p11\v1\source1\video.avi
144.14389583333335,119.08042916666668,99.2182625,0.2382439135138377,0.28407534474687407,0.3590735688991101,72,p11,v1,source1,data-videos\VIPL\VIPL\p11-15\p11\v1\source1\video.avi
145.38120416666666,119.95128749999999,99.5728875,0.7738999720481377,0.7557556584950083,0.6636982674441244,72,p11,v1,source1,data-videos\VIPL\VIPL\p11-15\p11\v1\source1\video.avi
145.78667916666666,120.40576249999998,100.62277916666667,0.4264672378568818,0.43782699061990016,0.43029779913160027,72,p11,v1,source1,data-videos\VIPL\VIPL\p11-15\p11\v1\source1\video.avi
145.25056666666669,119.859,99.64741666666667,0.6592670521695971,0.5994593911450086,0.8088735195688644,72,p11,v1,source1,data-videos\VIPL\VIPL\p11-15\p11\v1\source1\video.avi
145.57898749999998,120.06565416666666,99.5668875,0.622567843051173,0.6178892473406272,0.6203107065605191,72,p11,v1,source1,data-videos\VIPL\VIPL\p11-15\p11\v1\source1\video.avi
147.2145125,121.99662916666666,101.94449583333335,0.10430246448297673,0.27107379210076543,0.44207226038598973,72,p11,v1,source1,data-videos\VIPL\VIPL\p11-15\p11\v1\source1\video.avi
147.8304125,122.9045625,103.36571249999999,0.3986045586375892,0.35527991214283716,0.5605220220671276,72,p11,v1,source1,data-videos\VIPL\VIPL\p11-15\p11\v1\source1\video.avi
148.91363333333334,123.94623333333332,104.41278333333334,0.29642641301566613,0.2878912670899672,0.3634183094436617,72,p11,v1,source1,data-videos\VIPL\VIPL\p11-15\p11\v1\source1\video.avi
148.0367,123.42881666666668,103.24348333333333,0.7914405135968806,0.816308063210513,1.1898775056147814,72,p11,v1,source1,data-videos\VIPL\VIPL\p11-15\p11\v1\source1\video.avi
145.46550416666668,121.02190416666666,100.47795416666666,0.8451817228782811,0.8703941748131198,0.8685238563977056,72,p11,v1,source1,data-videos\VIPL\VIPL\p11-15\p11\v1\source1\video.avi
145.9432875,121.34963749999999,101.04610416666667,1.424254432479497,1.264656904820324,1.1543539615630858,72,p11,v1,source1,data-videos\VIPL\VIPL\p11-15\p11\v1\source1\video.avi
146.88474583333334,121.94277916666665,101.67334583333333,0.4380603129057194,0.533279005794185,0.3938755171635235,71,p11,v1,source1,data-videos\VIPL\VIPL\p11-15\p11\v1\source1\video.avi
147.43100833333332,122.52512499999999,102.07019166666664,0.3756674704683068,0.24162375517009957,0.4514506062636662,70,p11,v1,source1,data-videos\VIPL\VIPL\p11-15\p11\v1\source1\video.avi
146.4631375,121.8338875,101.31275416666665,0.3333906634553031,0.2820225927341644,0.34763739674847266,69,p11,v1,source1,data-videos\VIPL\VIPL\p11-15\p11\v1\source1\video.avi
147.37773333333334,122.75461666666666,101.78493333333334,0.28745598588209215,0.23197303019125035,0.25363792831624266,68,p11,v1,source1,data-videos\VIPL\VIPL\p11-15\p11\v1\source1\video.avi
149.35523750000002,124.38693749999999,103.7533375,0.5937516546175795,0.41073170227047395,0.6958890449753229,68,p11,v1,source1,data-videos\VIPL\VIPL\p11-15\p11\v1\source1\video.avi
149.81832083333333,124.62215416666668,104.43815416666666,0.2208565894200956,0.20330526556620201,0.3762884445567575,68,p11,v1,source1,data-videos\VIPL\VIPL\p11-15\p11\v1\source1\video.avi
103.95650416666668,89.73187083333335,75.77687083333333,4.39444448341059,3.8522307413295547,3.319257132272053,66,p11,v2,source1,data-videos\VIPL\VIPL\p11-15\p11\v2\source1\video.avi
98.60267916666666,85.26057916666667,72.18417916666667,1.4895211221041622,1.1145487977827129,0.7461389645665522,66,p11,v2,source1,data-videos\VIPL\VIPL\p11-15\p11\v2\source1\video.avi
85.29730416666665,74.72195416666666,64.71198749999999,5.090012823528105,3.905626179441866,2.7963918362800824,66,p11,v2,source1,data-videos\VIPL\VIPL\p11-15\p11\v2\source1\video.avi
83.80570416666667,76.72817083333334,68.75977083333333,2.7446965595919903,3.0207359668331564,3.2496081780368367,67,p11,v2,source1,data-videos\VIPL\VIPL\p11-15\p11\v2\source1\video.avi
108.08823333333335,92.9625,78.36543333333333,6.007154915534982,5.024891182314023,3.7521985992011704,67,p11,v2,source1,data-videos\VIPL\VIPL\p11-15\p11\v2\source1\video.avi
107.55897083333335,92.56410416666665,77.6147375,1.3554284481504573,0.9251999220889134,0.6234133952594286,67,p11,v2,source1,data-videos\VIPL\VIPL\p11-15\p11\v2\source1\video.avi
94.00793750000003,82.07978750000001,70.1446375,5.600492183852138,4.593136391414789,3.3858881098817903,67,p11,v2,source1,data-videos\VIPL\VIPL\p11-15\p11\v2\source1\video.avi
74.99716666666666,67.18395,59.43333333333334,5.129824139167416,3.8766926100495125,2.941235787169939,67,p11,v2,source1,data-videos\VIPL\VIPL\p11-15\p11\v2\source1\video.avi
92.2774,80.03433333333334,68.79208333333332,1.7684244600008125,1.3122149270439436,1.031169712783739,67,p11,v2,source1,data-videos\VIPL\VIPL\p11-15\p11\v2\source1\video.avi
116.23504166666666,106.69310833333333,95.82350833333334,16.997739461173374,20.10688853452102,21.378905479075957,66,p11,v2,source1,data-videos\VIPL\VIPL\p11-15\p11\v2\source1\video.avi
92.5221125,80.61332916666667,70.26449583333333,2.379184576428504,1.992115946423064,1.5376874486794734,67,p11,v2,source1,data-videos\VIPL\VIPL\p11-15\p11\v2\source1\video.avi
106.641175,93.80769166666667,82.02784166666666,6.007714067826789,5.061338702338706,4.359999949182913,67,p11,v2,source1,data-videos\VIPL\VIPL\p11-15\p11\v2\source1\video.avi
104.57000416666668,89.61228749999998,76.25407083333333,16.21442302582218,12.284374256602765,8.928514971110271,68,p11,v2,source1,data-videos\VIPL\VIPL\p11-15\p11\v2\source1\video.avi
90.04300833333333,80.62894166666666,71.768925,4.464629944083179,4.490491841437956,4.435889255952676,66,p11,v2,source1,data-videos\VIPL\VIPL\p11-15\p11\v2\source1\video.avi
94.82225,85.54891666666667,76.50231666666667,2.9542383941691863,3.0386294596504446,3.0079206620927423,66,p11,v2,source1,data-videos\VIPL\VIPL\p11-15\p11\v2\source1\video.avi
89.18824166666667,80.33710833333333,72.09590833333334,1.28602911777721,0.9713038935962716,0.6789167015210078,66,p11,v2,source1,data-videos\VIPL\VIPL\p11-15\p11\v2\source1\video.avi
87.26397499999999,77.94387499999999,69.639725,1.227038096817563,1.8749242211538686,2.3660438090448443,66,p11,v2,source1,data-videos\VIPL\VIPL\p11-15\p11\v2\source1\video.avi
83.3334375,73.54957083333333,65.17407083333333,4.292800380494164,3.042404033242964,1.9712452857250036,66,p11,v2,source1,data-videos\VIPL\VIPL\p11-15\p11\v2\source1\video.avi
92.02684166666666,80.03229166666667,69.90834166666667,13.20019348641337,9.59607693315057,6.727381054751792,66,p11,v2,source1,data-videos\VIPL\VIPL\p11-15\p11\v2\source1\video.avi
121.27544166666667,104.62040833333333,90.04379166666666,6.527463784480793,6.378448180739183,7.49582226131756,66,p11,v2,source1,data-videos\VIPL\VIPL\p11-15\p11\v2\source1\video.avi
130.64658749999998,111.07430416666666,95.77823750000002,10.925617371607151,6.410410192332339,5.2625144619028,66,p11,v2,source1,data-videos\VIPL\VIPL\p11-15\p11\v2\source1\video.avi
135.04966666666667,110.42995,92.84873749999998,5.075626824915187,4.513117322744243,3.0317081054639985,66,p11,v2,source1,data-videos\VIPL\VIPL\p11-15\p11\v2\source1\video.avi
137.92146666666665,113.71553333333333,94.82492916666666,2.9169379492767,1.8306512707041056,1.840064668936408,66,p11,v2,source1,data-videos\VIPL\VIPL\p11-15\p11\v2\source1\video.avi
128.52139166666666,107.311625,89.92929166666667,6.293266915552044,5.338445904263061,4.237962587316345,66,p11,v2,source1,data-videos\VIPL\VIPL\p11-15\p11\v2\source1\video.avi
139.16997916666668,114.23497916666668,98.57427916666667,0.5173733767188833,0.4757188666682944,0.3867942687710941,68,p11,v3,source1,data-videos\VIPL\VIPL\p11-15\p11\v3\source1\video.avi
139.49475,114.53121666666667,98.61476666666667,1.3459663988655122,1.2380193735862937,0.4411496928009043,68,p11,v3,source1,data-videos\VIPL\VIPL\p11-15\p11\v3\source1\video.avi
134.298725,109.36330833333335,95.800025,1.0240495734528157,0.9902285340880774,0.8056106429631856,69,p11,v3,source1,data-videos\VIPL\VIPL\p11-15\p11\v3\source1\video.avi
136.0720541666667,110.86363749999998,97.04732083333334,0.5855334977726613,0.6748673634603246,0.5238383987320056,71,p11,v3,source1,data-videos\VIPL\VIPL\p11-15\p11\v3\source1\video.avi
133.98668333333333,108.88291666666666,95.81173333333332,0.47438372364252285,0.3418886892952957,0.41783588854590525,72,p11,v3,source1,data-videos\VIPL\VIPL\p11-15\p11\v3\source1\video.avi
134.25164166666667,109.319025,97.26235833333334,1.0559587818791896,1.0527449746575221,0.8523286703040226,72,p11,v3,source1,data-videos\VIPL\VIPL\p11-15\p11\v3\source1\video.avi
135.07500833333333,110.20515833333333,97.786425,0.6608775435243063,0.6767981130795625,0.605027538772916,73,p11,v3,source1,data-videos\VIPL\VIPL\p11-15\p11\v3\source1\video.avi
137.15404583333333,112.31494583333333,99.08391250000001,0.7406596608626423,0.6894419480688303,0.47736907661944333,74,p11,v3,source1,data-videos\VIPL\VIPL\p11-15\p11\v3\source1\video.avi
134.79884583333333,109.98974583333333,97.15252916666668,2.8765963172343754,2.7750492133211218,2.250715143779306,75,p11,v3,source1,data-videos\VIPL\VIPL\p11-15\p11\v3\source1\video.avi
128.90507916666667,103.9236125,92.11492916666666,0.7027357807170495,0.6923559459074025,0.5629730069264223,75,p11,v3,source1,data-videos\VIPL\VIPL\p11-15\p11\v3\source1\video.avi
134.03492500000002,108.71767500000001,96.771125,1.070600597892761,0.9549272844989583,1.0841825253451973,74,p11,v3,source1,data-videos\VIPL\VIPL\p11-15\p11\v3\source1\video.avi
137.79399583333333,112.10934583333334,98.67672916666665,1.0122475602142615,1.014178316883919,0.8591710045760201,74,p11,v3,source1,data-videos\VIPL\VIPL\p11-15\p11\v3\source1\video.avi
138.99557083333332,113.48983750000001,100.32185416666667,0.34828488513755446,0.362701492229184,0.36915496948172927,73,p11,v3,source1,data-videos\VIPL\VIPL\p11-15\p11\v3\source1\video.avi
138.6762125,113.30489583333333,99.45572916666666,0.6757588994409234,0.5488609488256865,0.46478635791828526,73,p11,v3,source1,data-videos\VIPL\VIPL\p11-15\p11\v3\source1\video.avi
138.15369583333336,112.95052916666667,98.98957916666669,0.9208352941721213,0.7794316087656799,0.5386680392347922,73,p11,v3,source1,data-videos\VIPL\VIPL\p11-15\p11\v3\source1\video.avi
139.60557083333336,114.24145416666666,99.08322083333334,0.8167327976626007,0.7628562376395414,1.433348319301503,74,p11,v3,source1,data-videos\VIPL\VIPL\p11-15\p11\v3\source1\video.avi
137.76927083333334,112.99072083333334,99.73518750000001,0.7656531281681072,0.7481437856872832,0.6544772199424591,74,p11,v3,source1,data-videos\VIPL\VIPL\p11-15\p11\v3\source1\video.avi
138.83865,113.9632,99.41390000000001,1.0105097214366885,0.9796616074108043,0.9295309165895628,74,p11,v3,source1,data-videos\VIPL\VIPL\p11-15\p11\v3\source1\video.avi
136.96980833333336,112.11735833333333,97.95420833333334,0.6711000043719685,0.6982138272097912,0.478910544774108,74,p11,v3,source1,data-videos\VIPL\VIPL\p11-15\p11\v3\source1\video.avi
137.31957916666667,112.41082916666666,98.07552916666667,0.4901830896248529,0.38780375581063403,0.4463680875114291,74,p11,v3,source1,data-videos\VIPL\VIPL\p11-15\p11\v3\source1\video.avi
136.90508749999998,112.29745416666667,98.19455416666666,1.4936683487330624,1.4276905518008396,0.9173925669958133,74,p11,v3,source1,data-videos\VIPL\VIPL\p11-15\p11\v3\source1\video.avi
138.02938333333333,113.46340000000001,98.73293333333334,0.8893864018555467,0.8131742196649965,0.28544039390426534,75,p11,v3,source1,data-videos\VIPL\VIPL\p11-15\p11\v3\source1\video.avi
136.8630375,112.37330416666667,98.1665875,1.1577471338498315,1.1153198464236114,0.45694103706514266,75,p11,v3,source1,data-videos\VIPL\VIPL\p11-15\p11\v3\source1\video.avi
196.11640416666665,144.37591249999997,123.21067916666667,3.0648937463343544,2.7536409748365185,2.3693646095276133,73,p11,v4,source1,data-videos\VIPL\VIPL\p11-15\p11\v4\source1\video.avi
193.16059583333333,141.48497916666668,120.87432916666667,1.7828880500644206,1.6808033003224996,1.3297617163581104,70,p11,v4,source1,data-videos\VIPL\VIPL\p11-15\p11\v4\source1\video.avi
196.34897916666668,144.05013749999998,123.17610416666666,1.5906899582894105,1.486123761319472,1.209022130547153,70,p11,v4,source1,data-videos\VIPL\VIPL\p11-15\p11\v4\source1\video.avi
193.17259583333333,141.54703333333333,121.69853333333333,5.7690432047432685,4.7868563793612955,3.8173654633345913,67,p11,v4,source1,data-videos\VIPL\VIPL\p11-15\p11\v4\source1\video.avi
197.34063749999999,145.7158125,124.72786250000001,2.8718690402126534,2.6617603962637317,2.308068440374199,67,p11,v4,source1,data-videos\VIPL\VIPL\p11-15\p11\v4\source1\video.avi
197.78007916666667,146.79535416666667,125.67555416666669,0.8993018773262393,0.6186381380365534,0.5796896699719778,67,p11,v4,source1,data-videos\VIPL\VIPL\p11-15\p11\v4\source1\video.avi
172.0207041666667,130.46776666666665,111.55181666666665,15.63359411613626,10.710009111178561,8.66566378062004,67,p11,v4,source1,data-videos\VIPL\VIPL\p11-15\p11\v4\source1\video.avi
162.90309166666665,122.22695000000002,104.82844999999999,12.478033375596489,7.920181752226309,6.4037176360228205,66,p11,v4,source1,data-videos\VIPL\VIPL\p11-15\p11\v4\source1\video.avi
187.25041666666667,137.7777,117.75296666666667,3.5921626233370905,2.820058541108281,2.562410728987018,64,p11,v4,source1,data-videos\VIPL\VIPL\p11-15\p11\v4\source1\video.avi
183.75375,134.5154875,114.80050416666667,1.7981189812300276,1.387441068793555,1.239962184991273,62,p11,v4,source1,data-videos\VIPL\VIPL\p11-15\p11\v4\source1\video.avi
183.2243666666667,134.122475,115.17160833333331,1.6783272340691051,1.5268906458924558,0.9497446038643458,62,p11,v4,source1,data-videos\VIPL\VIPL\p11-15\p11\v4\source1\video.avi
177.7218375,129.448325,111.02434166666667,2.9658221405731475,2.359547432609929,2.072954354079517,62,p11,v4,source1,data-videos\VIPL\VIPL\p11-15\p11\v4\source1\video.avi
177.66997500000002,129.27078333333333,110.80003333333332,1.7380559700224179,1.2873926573780168,1.1923631872223555,61,p11,v4,source1,data-videos\VIPL\VIPL\p11-15\p11\v4\source1\video.avi
180.48655416666665,131.61727499999998,112.78265833333333,0.37686148160755417,0.2981115980565578,0.31210682783170013,61,p11,v4,source1,data-videos\VIPL\VIPL\p11-15\p11\v4\source1\video.avi
176.45590416666667,128.68800833333336,110.57540833333333,3.1851315440468,2.239501558065184,1.6983627074966283,61,p11,v4,source1,data-videos\VIPL\VIPL\p11-15\p11\v4\source1\video.avi
159.886925,117.16581666666667,102.16491666666667,6.135344903309791,4.169305334354441,3.2360910746727125,61,p11,v4,source1,data-videos\VIPL\VIPL\p11-15\p11\v4\source1\video.avi
149.54828333333333,109.47785,95.3991,3.9048801258142567,3.345571428868276,2.4553690493077833,61,p11,v4,source1,data-videos\VIPL\VIPL\p11-15\p11\v4\source1\video.avi
164.54591250000001,121.25752083333334,104.76012083333333,2.7023961289782554,1.6407498045122364,1.1630818976281412,61,p11,v4,source1,data-videos\VIPL\VIPL\p11-15\p11\v4\source1\video.avi
166.3603875,121.84106666666666,105.16680000000001,2.8420058183670127,2.18162018811899,1.7233198584861653,61,p11,v4,source1,data-videos\VIPL\VIPL\p11-15\p11\v4\source1\video.avi
163.59402916666667,118.96350416666667,102.98660416666665,3.2111741439183006,2.675825728422703,1.9930274038855778,61,p11,v4,source1,data-videos\VIPL\VIPL\p11-15\p11\v4\source1\video.avi
161.1163625,116.80023333333334,101.41225,4.335146876408541,3.07293969585721,2.386834549132081,61,p11,v4,source1,data-videos\VIPL\VIPL\p11-15\p11\v4\source1\video.avi
155.71910416666668,113.32096250000001,98.96381249999999,1.8798028872637897,1.3424236184044138,1.0183699137592397,61,p11,v4,source1,data-videos\VIPL\VIPL\p11-15\p11\v4\source1\video.avi
157.586125,114.95010833333333,99.56345833333334,1.3123554884067774,1.0214548271746198,0.49186867142617996,61,p11,v4,source1,data-videos\VIPL\VIPL\p11-15\p11\v4\source1\video.avi
157.8432125,115.0950375,99.67892083333334,0.8486860819492946,0.6199612743282178,0.6345842052959645,62,p11,v4,source1,data-videos\VIPL\VIPL\p11-15\p11\v4\source1\video.avi
159.61241666666666,116.34822083333333,101.22918750000001,0.795769717134511,0.4755755156766489,0.5110709479992857,63,p11,v4,source1,data-videos\VIPL\VIPL\p11-15\p11\v4\source1\video.avi
160.58360000000002,116.75436249999998,101.57857916666666,0.2447146759777417,0.31325071677890776,0.30950389834423275,64,p11,v4,source1,data-videos\VIPL\VIPL\p11-15\p11\v4\source1\video.avi
169.95469583333335,123.84886666666667,107.01353333333334,8.214747339057277,6.396747075019526,4.987530396464741,64,p11,v4,source1,data-videos\VIPL\VIPL\p11-15\p11\v4\source1\video.avi
171.63771666666668,126.04632916666665,108.49551249999999,4.29613282549211,3.383753573203382,2.862182435975309,64,p11,v4,source1,data-videos\VIPL\VIPL\p11-15\p11\v4\source1\video.avi
163.16136250000002,118.77144583333333,102.16172916666666,2.6262472122916076,2.051972067905718,1.8997074406979255,64,p11,v4,source1,data-videos\VIPL\VIPL\p11-15\p11\v4\source1\video.avi
177.67847083333334,148.16338333333334,142.53515,3.930100687933034,4.896237313573899,5.165384671014214,65,p11,v5,source1,data-videos\VIPL\VIPL\p11-15\p11\v5\source1\video.avi
183.8434125,155.24472916666664,148.49914166666665,6.5612099310206204,6.04083146267272,4.917577161570525,65,p11,v5,source1,data-videos\VIPL\VIPL\p11-15\p11\v5\source1\video.avi
192.92483333333334,162.82337083333334,154.55391666666665,4.416329547472087,3.960333809504995,3.223261755657787,65,p11,v5,source1,data-videos\VIPL\VIPL\p11-15\p11\v5\source1\video.avi
182.7529458333333,152.994475,146.61668333333333,3.986769996910266,4.001373130902482,3.4159793774788962,65,p11,v5,source1,data-videos\VIPL\VIPL\p11-15\p11\v5\source1\video.avi
182.05088333333333,152.4441875,146.05994583333333,1.8565143830894606,1.892340306358621,1.802048782934689,65,p11,v5,source1,data-videos\VIPL\VIPL\p11-15\p11\v5\source1\video.avi
180.43810416666665,151.58827916666667,145.33934583333334,1.1762553979832457,1.147788859763512,0.9644504648949644,65,p11,v5,source1,data-videos\VIPL\VIPL\p11-15\p11\v5\source1\video.avi
172.94627916666667,146.4026041666667,140.83103749999998,8.339122215971935,5.621094871679683,4.852503960449754,65,p11,v5,source1,data-videos\VIPL\VIPL\p11-15\p11\v5\source1\video.avi
105.93159166666666,94.78708333333333,94.69531666666667,40.8861969101508,31.298861014231722,28.919801720100548,65,p11,v5,source1,data-videos\VIPL\VIPL\p11-15\p11\v5\source1\video.avi
191.749775,172.88269583333334,169.67735833333333,59.705730482227494,54.57499798913571,52.310504277691244,65,p11,v5,source1,data-videos\VIPL\VIPL\p11-15\p11\v5\source1\video.avi
211.41225416666666,180.62664583333333,173.836325,6.098048864006626,7.220955494194098,6.8635724896560895,65,p11,v5,source1,data-videos\VIPL\VIPL\p11-15\p11\v5\source1\video.avi
226.69554166666668,196.1340625,188.484525,1.8294419831243762,1.6928296887267564,1.4891697159080897,65,p11,v5,source1,data-videos\VIPL\VIPL\p11-15\p11\v5\source1\video.avi
230.40834583333336,199.58255,191.29487083333333,0.7609227860886351,0.704295129504986,0.6057628285143681,65,p11,v5,source1,data-videos\VIPL\VIPL\p11-15\p11\v5\source1\video.avi
236.1529208333333,204.7395791666667,196.06395416666666,1.8206213123794535,1.8763891651328046,1.670297658956003,65,p11,v5,source1,data-videos\VIPL\VIPL\p11-15\p11\v5\source1\video.avi
226.74915000000001,195.17708750000003,187.25016249999996,5.841497115249249,4.957807514440539,4.6378587770284385,65,p11,v5,source1,data-videos\VIPL\VIPL\p11-15\p11\v5\source1\video.avi
227.18907916666666,196.05307083333338,188.25382083333338,3.266750861569106,3.000730564853702,2.870567349603752,65,p11,v5,source1,data-videos\VIPL\VIPL\p11-15\p11\v5\source1\video.avi
235.5894083333333,204.8257375,196.23806249999998,1.8437899039278833,2.0377876507328145,1.9880661601897618,65,p11,v5,source1,data-videos\VIPL\VIPL\p11-15\p11\v5\source1\video.avi
118.12127916666667,110.75727083333331,100.50315833333335,0.3246373972411363,0.17744718257601674,0.2742664755002573,67,p11,v6,source1,data-videos\VIPL\VIPL\p11-15\p11\v6\source1\video.avi
117.69995833333334,110.30647083333334,100.07726250000002,0.3179879998609301,0.4669974806989511,0.5716446823093003,67,p11,v6,source1,data-videos\VIPL\VIPL\p11-15\p11\v6\source1\video.avi
117.06962916666667,109.38253333333334,99.23756250000001,0.22860276090123294,0.13760991414946142,0.25929054515264405,67,p11,v6,source1,data-videos\VIPL\VIPL\p11-15\p11\v6\source1\video.avi
117.3745125,109.7061,99.58385416666665,0.3495330102834049,0.26625533230184617,0.2487216692409411,67,p11,v6,source1,data-videos\VIPL\VIPL\p11-15\p11\v6\source1\video.avi
117.9494625,110.08768750000002,99.84977500000001,0.30378235092926453,0.1376361573335848,0.28576166448439033,67,p11,v6,source1,data-videos\VIPL\VIPL\p11-15\p11\v6\source1\video.avi
117.31629166666666,109.73145416666667,99.60705416666667,0.1565288428559828,0.1374118987953934,0.22560448991111856,67,p11,v6,source1,data-videos\VIPL\VIPL\p11-15\p11\v6\source1\video.avi
117.42953750000001,109.86962500000001,99.69777916666668,0.6824841732749793,0.4390665218281593,0.32598171403001097,67,p11,v6,source1,data-videos\VIPL\VIPL\p11-15\p11\v6\source1\video.avi
117.78142083333334,109.9684125,99.87155833333333,0.8186306141118294,0.5372625180150642,0.5148215318127772,68,p11,v6,source1,data-videos\VIPL\VIPL\p11-15\p11\v6\source1\video.avi
118.83227083333335,111.01493333333332,100.67935416666666,0.3214961376020795,0.30566907328205756,0.4677313246019437,71,p11,v6,source1,data-videos\VIPL\VIPL\p11-15\p11\v6\source1\video.avi
118.61278333333334,110.94214166666667,100.6344125,0.22950980280444153,0.16532547097820952,0.3107878441915363,72,p11,v6,source1,data-videos\VIPL\VIPL\p11-15\p11\v6\source1\video.avi
121.0093375,112.86260416666666,101.65270000000001,3.0888821859614524,2.4940147327109305,1.7782488606343099,74,p11,v6,source1,data-videos\VIPL\VIPL\p11-15\p11\v6\source1\video.avi
131.07342083333333,119.62303750000001,105.8431625,1.9738681328731709,1.3184148783250629,0.6075588498015823,76,p11,v6,source1,data-videos\VIPL\VIPL\p11-15\p11\v6\source1\video.avi
121.82032500000001,113.31994166666665,102.4331875,1.3715735625930414,0.7485854258709486,0.5160360104319273,76,p11,v6,source1,data-videos\VIPL\VIPL\p11-15\p11\v6\source1\video.avi
118.80314166666668,111.53237500000002,101.34580833333334,0.4864792337408768,0.35953835900668746,0.40983950669743935,76,p11,v6,source1,data-videos\VIPL\VIPL\p11-15\p11\v6\source1\video.avi
117.75005833333334,110.62225833333333,100.46173333333333,0.18020080205842506,0.16745077977075173,0.38405270688626436,76,p11,v6,source1,data-videos\VIPL\VIPL\p11-15\p11\v6\source1\video.avi
118.36041666666668,110.79395833333332,100.84407083333332,0.368105283852324,0.20838147360470155,0.2260454414431366,76,p11,v6,source1,data-videos\VIPL\VIPL\p11-15\p11\v6\source1\video.avi
119.2135625,111.35515833333334,101.15559166666667,0.17102065948949716,0.14477838704090704,0.17717355721156539,76,p11,v6,source1,data-videos\VIPL\VIPL\p11-15\p11\v6\source1\video.avi
119.58379166666667,111.54580833333331,101.05828333333334,0.19768665801450602,0.10935091909510632,0.33455662658044716,76,p11,v6,source1,data-videos\VIPL\VIPL\p11-15\p11\v6\source1\video.avi
119.78630833333335,111.61585,100.78671666666668,0.452566330006504,0.33230368275035055,0.4092065388329111,76,p11,v6,source1,data-videos\VIPL\VIPL\p11-15\p11\v6\source1\video.avi
121.82697916666667,113.02735416666668,101.93351666666668,1.216592767447496,0.9514978068229529,0.9166751686537525,76,p11,v6,source1,data-videos\VIPL\VIPL\p11-15\p11\v6\source1\video.avi
122.21316666666665,111.7510875,99.83622916666666,0.32513886856874974,0.933587201838959,1.0714207731280343,76,p11,v6,source1,data-videos\VIPL\VIPL\p11-15\p11\v6\source1\video.avi
121.6476125,110.96422916666668,98.92487916666666,0.35516463797715686,0.35780025876683097,0.41550404848275185,76,p11,v6,source1,data-videos\VIPL\VIPL\p11-15\p11\v6\source1\video.avi
121.75286666666665,111.44026249999999,99.4739,0.619826899642821,0.4288999364491806,0.3389793069725009,76,p11,v6,source1,data-videos\VIPL\VIPL\p11-15\p11\v6\source1\video.avi
120.50991666666667,110.72928750000001,99.21070000000002,0.2875262080445886,0.31128388046301475,0.33365407162791927,76,p11,v6,source1,data-videos\VIPL\VIPL\p11-15\p11\v6\source1\video.avi
120.4701875,110.7014,98.61863333333335,1.250293912321221,1.1438455284483946,0.9962833263804093,76,p11,v6,source1,data-videos\VIPL\VIPL\p11-15\p11\v6\source1\video.avi
127.36272500000001,117.17211249999998,104.42167083333334,1.4405009619655271,1.3167530211397107,1.380867991254353,76,p11,v6,source1,data-videos\VIPL\VIPL\p11-15\p11\v6\source1\video.avi
100.93782916666667,79.65669583333333,56.6958875,1.6386111152054967,0.42060824582779277,1.098371510828013,90,p12,v1,source1,data-videos\VIPL\VIPL\p11-15\p12\v1\source1\video.avi
96.14990416666666,75.9248875,53.54175416666667,3.2375748357020018,1.8042264185929136,1.1102889915186496,90,p12,v1,source1,data-videos\VIPL\VIPL\p11-15\p12\v1\source1\video.avi
93.89798333333333,74.67349999999999,52.4975,0.4836688758779649,0.35203357020121095,0.246426274683051,90,p12,v1,source1,data-videos\VIPL\VIPL\p11-15\p12\v1\source1\video.avi
95.254525,76.01639166666666,53.471025,0.29467260563868036,0.42980935381282703,0.4622002948608367,90,p12,v1,source1,data-videos\VIPL\VIPL\p11-15\p12\v1\source1\video.avi
94.09015833333333,75.069875,52.570758333333345,1.7479134274701809,1.605352603293987,1.3803994771794217,90,p12,v1,source1,data-videos\VIPL\VIPL\p11-15\p12\v1\source1\video.avi
102.81254166666666,79.07070833333333,52.790791666666664,6.516100588025317,4.312051570686961,2.239208818685867,90,p12,v1,source1,data-videos\VIPL\VIPL\p11-15\p12\v1\source1\video.avi
106.87822916666666,81.9098125,54.76497916666666,0.48331001649935856,0.42746065750578216,0.3046865405967806,90,p12,v1,source1,data-videos\VIPL\VIPL\p11-15\p12\v1\source1\video.avi
101.76652083333335,78.55873749999999,52.78597083333333,1.429141761809241,0.7821642863004473,0.49062918144007256,90,p12,v1,source1,data-videos\VIPL\VIPL\p11-15\p12\v1\source1\video.avi
100.73297916666667,78.04847916666667,52.752562499999996,0.3410643598640058,0.2994649134289355,0.3040164840423042,90,p12,v1,source1,data-videos\VIPL\VIPL\p11-15\p12\v1\source1\video.avi
100.62567083333333,77.96332083333334,52.789720833333334,0.6432753462370449,0.5077355358941533,0.30074093358228543,90,p12,v1,source1,data-videos\VIPL\VIPL\p11-15\p12\v1\source1\video.avi
98.3456125,76.35379583333334,51.97084583333334,0.38231742002265234,0.32080931739118806,0.249564833621557,90,p12,v1,source1,data-videos\VIPL\VIPL\p11-15\p12\v1\source1\video.avi
98.96829166666669,76.71075833333333,52.294241666666665,1.9553975865164004,1.2153971453551713,0.8002336239386244,90,p12,v1,source1,data-videos\VIPL\VIPL\p11-15\p12\v1\source1\video.avi
101.36308333333332,78.19515,52.89208333333334,0.33520753703033657,0.3335398853273279,0.24378059458991155,90,p12,v1,source1,data-videos\VIPL\VIPL\p11-15\p12\v1\source1\video.avi
98.95692083333333,76.6885375,51.74340416666666,2.179234641243852,1.3733320219198835,0.9593822541890061,90,p12,v1,source1,data-videos\VIPL\VIPL\p11-15\p12\v1\source1\video.avi
96.28604999999999,75.08771666666667,50.7286,1.024028728472063,0.8128116090067317,0.4535787403313291,90,p12,v1,source1,data-videos\VIPL\VIPL\p11-15\p12\v1\source1\video.avi
93.28713333333333,72.84238333333333,49.47860000000001,0.48434263881144535,0.3558516673165157,0.2454072102733881,90,p12,v1,source1,data-videos\VIPL\VIPL\p11-15\p12\v1\source1\video.avi
95.36973333333333,74.35066666666667,50.54708333333333,0.32470554780874594,0.200755214751697,0.28593248401793486,92,p12,v1,source1,data-videos\VIPL\VIPL\p11-15\p12\v1\source1\video.avi
106.36762916666666,82.05352916666666,55.16699583333333,7.89066914186113,5.361065341169763,3.2354597054821443,92,p12,v1,source1,data-videos\VIPL\VIPL\p11-15\p12\v1\source1\video.avi
117.58200416666665,89.9432375,60.166070833333336,0.7260481433713999,0.6664938948780575,0.3676667994956694,92,p12,v1,source1,data-videos\VIPL\VIPL\p11-15\p12\v1\source1\video.avi
115.72984583333333,88.56244583333333,59.588104166666675,3.8642191613140513,2.640438297660068,1.6602393945519491,92,p12,v1,source1,data-videos\VIPL\VIPL\p11-15\p12\v1\source1\video.avi
105.74646249999998,81.43821249999999,55.2274625,1.89695487258161,1.4226947837251986,0.9236517477443058,92,p12,v1,source1,data-videos\VIPL\VIPL\p11-15\p12\v1\source1\video.avi
104.48317500000002,80.245475,54.350225,0.21241596402067645,0.16814667115596757,0.1984659716669893,92,p12,v1,source1,data-videos\VIPL\VIPL\p11-15\p12\v1\source1\video.avi
103.77687916666666,79.66372916666666,53.7759125,1.0526567692530002,0.7076749630293632,0.4645510641633252,94,p12,v1,source1,data-videos\VIPL\VIPL\p11-15\p12\v1\source1\video.avi
99.13604166666666,76.88560833333332,52.04839166666667,0.4832735828728682,0.3293499406448682,0.29362488482094146,95,p12,v1,source1,data-videos\VIPL\VIPL\p11-15\p12\v1\source1\video.avi
98.2665,76.38173333333333,51.77408333333334,0.28165199820039727,0.20048121768842353,0.20540210605933729,87,p12,v1,source1,data-videos\VIPL\VIPL\p11-15\p12\v1\source1\video.avi
100.70102083333333,78.0229875,52.42130416666666,1.580076217285279,1.16388625556915,0.6819405464982504,87,p12,v1,source1,data-videos\VIPL\VIPL\p11-15\p12\v1\source1\video.avi
97.93742499999999,75.98972499999999,51.25710833333333,0.4795204459564568,0.33403885216684565,0.29588814967493277,87,p12,v1,source1,data-videos\VIPL\VIPL\p11-15\p12\v1\source1\video.avi
98.7540375,76.44243750000001,51.927820833333335,0.6664551131004829,0.4459089811210862,0.3141533235451191,81,p12,v1,source1,data-videos\VIPL\VIPL\p11-15\p12\v1\source1\video.avi
99.2044375,76.66957083333334,52.32400416666666,0.6796917934091733,0.4655459574222749,0.38749355514353867,74,p12,v1,source1,data-videos\VIPL\VIPL\p11-15\p12\v1\source1\video.avi
78.54172083333334,64.09677083333334,47.14870416666667,7.817195368531586,5.3179319358800345,3.081031293804524,67,p12,v2,source1,data-videos\VIPL\VIPL\p11-15\p12\v2\source1\video.avi
94.33886666666666,74.92025,52.99516666666668,17.964258911150225,12.629238977887397,7.5037721961029,67,p12,v2,source1,data-videos\VIPL\VIPL\p11-15\p12\v2\source1\video.avi
126.12220416666668,97.58608333333333,66.13015,17.071716689237906,12.006125272321936,7.325487642630105,67,p12,v2,source1,data-videos\VIPL\VIPL\p11-15\p12\v2\source1\video.avi
69.76286666666667,57.08558333333333,40.438833333333335,23.59801734337651,16.870941809537445,10.118061783738455,66,p12,v2,source1,data-videos\VIPL\VIPL\p11-15\p12\v2\source1\video.avi
117.48317500000002,91.11885833333334,61.114558333333335,13.3083082941452,9.29418231876129,5.892216022484665,66,p12,v2,source1,data-videos\VIPL\VIPL\p11-15\p12\v2\source1\video.avi
104.93406666666665,82.50903333333333,55.82726666666667,9.475447085679225,6.9453217300913535,4.3560688610395095,66,p12,v2,source1,data-videos\VIPL\VIPL\p11-15\p12\v2\source1\video.avi
65.76746250000001,54.99112916666667,38.80244583333333,21.856241516057356,15.74693181216957,9.614926102869738,66,p12,v2,source1,data-videos\VIPL\VIPL\p11-15\p12\v2\source1\video.avi
87.70937083333334,70.56085416666667,47.91117083333334,11.389473560057246,8.0107814682321,4.739188584319372,66,p12,v2,source1,data-videos\VIPL\VIPL\p11-15\p12\v2\source1\video.avi
83.42847083333334,66.72353749999999,45.4101375,8.023257270464134,5.997077607491651,3.7988441780581983,66,p12,v2,source1,data-videos\VIPL\VIPL\p11-15\p12\v2\source1\video.avi
103.89040416666667,80.88283750000001,54.36518749999999,24.63932613863963,17.420324398541396,10.97330407834547,66,p12,v2,source1,data-videos\VIPL\VIPL\p11-15\p12\v2\source1\video.avi
155.11645416666667,118.36344166666666,78.46700416666667,3.0131079833233105,2.469402732007726,1.76909691589028,66,p12,v2,source1,data-videos\VIPL\VIPL\p11-15\p12\v2\source1\video.avi
103.53224166666666,80.97150833333333,55.098633333333325,40.1278992182094,28.174475563246837,16.926473986860998,66,p12,v2,source1,data-videos\VIPL\VIPL\p11-15\p12\v2\source1\video.avi
34.209266666666664,34.16315,27.267516666666666,1.187549339062732,0.8044413602946939,0.9201009331333044,66,p12,v2,source1,data-videos\VIPL\VIPL\p11-15\p12\v2\source1\video.avi
70.50520833333334,57.759741666666656,40.51349166666667,21.03105084231689,13.937496792791109,8.28332702119352,66,p12,v2,source1,data-videos\VIPL\VIPL\p11-15\p12\v2\source1\video.avi
103.91801666666666,81.3143,54.848916666666675,12.61212606088245,9.217742176950338,5.666949684491869,66,p12,v2,source1,data-videos\VIPL\VIPL\p11-15\p12\v2\source1\video.avi
98.23615416666668,78.14170416666666,53.316704166666675,12.2684666955149,8.976238057446913,5.320261815175442,66,p12,v2,source1,data-videos\VIPL\VIPL\p11-15\p12\v2\source1\video.avi
90.39755,72.3048,49.60503333333334,1.4552374612689691,0.9644652267146111,0.5985524528555909,66,p12,v2,source1,data-videos\VIPL\VIPL\p11-15\p12\v2\source1\video.avi
87.55555,69.60528333333333,47.698233333333334,7.395539990515869,5.350244273817214,3.1177970886798505,66,p12,v2,source1,data-videos\VIPL\VIPL\p11-15\p12\v2\source1\video.avi
56.38699583333333,49.179512499999994,37.12752916666666,14.308511018986266,9.135319609125236,4.943164504285045,65,p12,v2,source1,data-videos\VIPL\VIPL\p11-15\p12\v2\source1\video.avi
58.495262499999995,50.901379166666665,38.0264625,23.06841521817343,15.107929628652151,8.505002193790952,65,p12,v2,source1,data-videos\VIPL\VIPL\p11-15\p12\v2\source1\video.avi
83.58254583333333,67.96997916666666,47.15157916666667,33.874681501706895,23.269350838558356,12.966819290141835,65,p12,v2,source1,data-videos\VIPL\VIPL\p11-15\p12\v2\source1\video.avi
100.639825,79.56445833333333,54.260875,28.45439125113815,19.77817571463451,11.202041421640645,64,p12,v2,source1,data-videos\VIPL\VIPL\p11-15\p12\v2\source1\video.avi
45.11994583333334,41.973412499999995,32.78119583333333,3.1702851376920083,1.689694289482486,0.8928146913110434,64,p12,v2,source1,data-videos\VIPL\VIPL\p11-15\p12\v2\source1\video.avi
91.59192916666667,73.2627625,49.747045833333324,24.430836815707504,17.40581525644299,10.117165900808347,64,p12,v2,source1,data-videos\VIPL\VIPL\p11-15\p12\v2\source1\video.avi
101.10221666666666,80.0785,54.25643333333334,8.647805350379686,6.02894828330595,3.300726355415325,64,p12,v2,source1,data-videos\VIPL\VIPL\p11-15\p12\v2\source1\video.avi
72.08694583333333,59.7853125,41.9510625,14.51161143557883,10.110141228647326,5.632209750498565,64,p12,v2,source1,data-videos\VIPL\VIPL\p11-15\p12\v2\source1\video.avi
117.23109166666666,91.79915833333332,61.26099166666667,13.791588986410138,9.634709724693174,5.983511849350634,64,p12,v2,source1,data-videos\VIPL\VIPL\p11-15\p12\v2\source1\video.avi
131.9066875,101.8019875,67.52630416666666,8.545694395861887,5.94628568567469,3.430985742090828,64,p12,v2,source1,data-videos\VIPL\VIPL\p11-15\p12\v2\source1\video.avi
91.83903333333333,72.96016666666667,49.42756249999999,37.18129962453637,26.021021751769787,15.285889502278499,63,p12,v2,source1,data-videos\VIPL\VIPL\p11-15\p12\v2\source1\video.avi
62.22705833333333,52.40190833333333,38.16019166666666,31.013010133325608,20.95022960767591,12.59040115637179,63,p12,v2,source1,data-videos\VIPL\VIPL\p11-15\p12\v2\source1\video.avi
126.29477916666667,96.60341249999999,64.11072916666667,8.410460465594815,5.998541716395191,3.8101263143431336,63,p12,v2,source1,data-videos\VIPL\VIPL\p11-15\p12\v2\source1\video.avi
78.94197083333333,63.11013749999999,43.518587499999995,8.711676337845775,6.408993180276164,3.703415777974248,63,p12,v2,source1,data-videos\VIPL\VIPL\p11-15\p12\v2\source1\video.avi
73.53678749999999,59.05535416666667,40.812287500000004,1.4671669615116705,1.0393621879847763,0.6968077069402929,63,p12,v2,source1,data-videos\VIPL\VIPL\p11-15\p12\v2\source1\video.avi
100.67991666666667,78.24719999999999,53.962508333333346,0.25926917185084314,0.2154940148047427,0.25335744115006975,62,p12,v3,source1,data-videos\VIPL\VIPL\p11-15\p12\v3\source1\video.avi
100.6592875,78.14607083333334,54.101304166666665,0.25647431523448916,0.14769852905872516,0.41292808922983115,62,p12,v3,source1,data-videos\VIPL\VIPL\p11-15\p12\v3\source1\video.avi
100.86749583333334,77.35507916666667,52.84509583333333,0.7759075625070007,0.41101372104698525,0.38451205654952425,62,p12,v3,source1,data-videos\VIPL\VIPL\p11-15\p12\v3\source1\video.avi
103.75597500000002,78.91050833333333,53.29930416666667,0.23326075857943895,0.15567278750903488,0.22887241662174515,62,p12,v3,source1,data-videos\VIPL\VIPL\p11-15\p12\v3\source1\video.avi
105.77119166666667,79.92959166666667,53.787041666666674,1.9413543588426174,1.390492885709357,0.8311186675700003,62,p12,v3,source1,data-videos\VIPL\VIPL\p11-15\p12\v3\source1\video.avi
111.80755416666665,83.8919375,56.179025,1.1545549042873153,0.7640919481373516,0.568895325511547,62,p12,v3,source1,data-videos\VIPL\VIPL\p11-15\p12\v3\source1\video.avi
113.02363333333335,84.77196666666667,56.548424999999995,1.6878953580898028,1.0543099607484183,0.6801521865035469,62,p12,v3,source1,data-videos\VIPL\VIPL\p11-15\p12\v3\source1\video.avi
112.07356666666666,84.30765,56.18600833333333,0.7523060429024218,0.5311886705449194,0.30506275071696304,61,p12,v3,source1,data-videos\VIPL\VIPL\p11-15\p12\v3\source1\video.avi
111.12293333333335,84.12571666666666,56.11995833333334,0.5984765378767066,0.4925972446295928,0.37901375121637937,61,p12,v3,source1,data-videos\VIPL\VIPL\p11-15\p12\v3\source1\video.avi
111.7015,84.51176666666666,56.43761666666667,1.8094077602100451,1.4957675213238253,0.9599430332128508,61,p12,v3,source1,data-videos\VIPL\VIPL\p11-15\p12\v3\source1\video.avi
108.4647,82.06995,55.50152916666667,1.204167785942388,0.8620553171901624,0.4120225864392768,61,p12,v3,source1,data-videos\VIPL\VIPL\p11-15\p12\v3\source1\video.avi
108.13535,81.63776666666666,54.219729166666674,0.49181190199551134,0.5169268851426997,0.5045094882999944,61,p12,v3,source1,data-videos\VIPL\VIPL\p11-15\p12\v3\source1\video.avi
110.04633749999999,82.86367083333334,55.32426666666666,0.9245248027139858,0.6843916381031812,0.4644705099178352,61,p12,v3,source1,data-videos\VIPL\VIPL\p11-15\p12\v3\source1\video.avi
108.59912083333333,81.9074375,54.58609166666667,0.8563279679019653,0.5682676037259603,0.5317894255809554,61,p12,v3,source1,data-videos\VIPL\VIPL\p11-15\p12\v3\source1\video.avi
108.9757625,82.3858625,55.1989625,0.2263501192689232,0.13407689323150054,0.25027103967221487,61,p12,v3,source1,data-videos\VIPL\VIPL\p11-15\p12\v3\source1\video.avi
110.11137916666667,83.50676250000001,56.044695833333336,1.008671901785406,0.7417185485832881,0.6333466849743952,61,p12,v3,source1,data-videos\VIPL\VIPL\p11-15\p12\v3\source1\video.avi
113.71748333333335,86.53978333333335,57.90421666666666,1.0410837917899673,0.7597379561949854,0.4928993138675598,61,p12,v3,source1,data-videos\VIPL\VIPL\p11-15\p12\v3\source1\video.avi
114.27512916666666,86.92199583333336,57.95364583333333,1.7065904117791095,1.3036036040503485,0.8861414753918933,61,p12,v3,source1,data-videos\VIPL\VIPL\p11-15\p12\v3\source1\video.avi
114.89895833333334,86.924675,57.8226625,0.90967286883726,0.4384775856981999,0.32154769642525693,61,p12,v3,source1,data-videos\VIPL\VIPL\p11-15\p12\v3\source1\video.avi
115.754375,87.71667500000001,58.22590833333333,0.3466892032438188,0.30062388097504894,0.38179243347261865,61,p12,v3,source1,data-videos\VIPL\VIPL\p11-15\p12\v3\source1\video.avi
118.1755625,89.1772625,59.423545833333336,0.5347763526894512,0.32148133764091,0.2976948846390846,60,p12,v3,source1,data-videos\VIPL\VIPL\p11-15\p12\v3\source1\video.avi
118.90500416666667,89.71955416666665,60.2784375,1.309853445629617,1.1219026047052592,0.6519971348778213,60,p12,v3,source1,data-videos\VIPL\VIPL\p11-15\p12\v3\source1\video.avi
120.33595833333335,90.68247500000001,60.97754166666666,1.5983788787176065,1.0789597739579748,0.8485074569583281,60,p12,v3,source1,data-videos\VIPL\VIPL\p11-15\p12\v3\source1\video.avi
119.82430833333333,90.34410833333334,60.679191666666654,1.2030593996834367,0.8747866317629192,0.4855790548121096,60,p12,v3,source1,data-videos\VIPL\VIPL\p11-15\p12\v3\source1\video.avi
122.70184583333334,92.21674583333333,61.876779166666665,1.0467001365236426,0.6347052932431176,0.4434330723880435,60,p12,v3,source1,data-videos\VIPL\VIPL\p11-15\p12\v3\source1\video.avi
120.92547499999999,91.26340833333336,61.201224999999994,1.0571940283652341,0.7363985298207908,0.5591825889436984,60,p12,v3,source1,data-videos\VIPL\VIPL\p11-15\p12\v3\source1\video.avi
121.64496249999998,91.90874583333334,61.374295833333335,2.4218998867681907,1.689525265257802,0.9976939736211702,60,p12,v3,source1,data-videos\VIPL\VIPL\p11-15\p12\v3\source1\video.avi
125.49507916666667,93.99834583333333,62.15042916666666,2.1843869200278783,1.6748819579882162,1.0529171927844616,60,p12,v3,source1,data-videos\VIPL\VIPL\p11-15\p12\v3\source1\video.avi
122.10955416666667,91.69490416666667,60.96600416666667,0.8145536932587021,0.44142312754852653,0.38522308638595665,60,p12,v3,source1,data-videos\VIPL\VIPL\p11-15\p12\v3\source1\video.avi
120.12604166666667,90.25559166666667,60.25972500000001,0.3133380803607609,0.23362272552545968,0.3060998127767222,60,p12,v3,source1,data-videos\VIPL\VIPL\p11-15\p12\v3\source1\video.avi
120.72750416666668,90.79745416666665,60.3704375,0.9827183398543603,0.6813524490244877,0.5846855057421891,60,p12,v3,source1,data-videos\VIPL\VIPL\p11-15\p12\v3\source1\video.avi
146.41216250000002,99.19323333333334,66.74760416666666,0.4538865231944009,0.25641939265694286,0.4507568076610449,60,p12,v4,source1,data-videos\VIPL\VIPL\p11-15\p12\v4\source1\video.avi
147.89673333333332,99.67005416666667,66.72832083333334,0.39762100586557975,0.34629836344946674,0.48084657722950735,60,p12,v4,source1,data-videos\VIPL\VIPL\p11-15\p12\v4\source1\video.avi
150.85915416666666,101.14710416666667,67.05200416666668,2.7456598826602674,1.8591397477227205,1.2771390751429332,60,p12,v4,source1,data-videos\VIPL\VIPL\p11-15\p12\v4\source1\video.avi
153.858275,103.34329583333334,68.47959583333333,0.28661238445609943,0.21315219743374353,0.19937279979628922,60,p12,v4,source1,data-videos\VIPL\VIPL\p11-15\p12\v4\source1\video.avi
152.39765833333334,102.33583333333334,67.78396666666667,0.9072178716257857,0.5186684951030862,0.5258352407849727,60,p12,v4,source1,data-videos\VIPL\VIPL\p11-15\p12\v4\source1\video.avi
154.37598333333335,103.51754166666666,68.678575,0.8818025705944291,0.34383525710400686,0.33948989348400044,60,p12,v4,source1,data-videos\VIPL\VIPL\p11-15\p12\v4\source1\video.avi
150.59071666666668,100.84284583333333,66.68569583333333,0.8165664300305095,0.7434026521537069,0.7110843073209072,60,p12,v4,source1,data-videos\VIPL\VIPL\p11-15\p12\v4\source1\video.avi
155.74403750000002,104.25558333333335,68.59875833333332,4.920905181284682,3.5378719203535893,2.480527657051184,60,p12,v4,source1,data-videos\VIPL\VIPL\p11-15\p12\v4\source1\video.avi
161.91450833333334,109.1062125,72.29079583333333,0.7407349206521943,0.6132322252202768,0.559312250422089,60,p12,v4,source1,data-videos\VIPL\VIPL\p11-15\p12\v4\source1\video.avi
163.285625,109.15906666666666,71.88079583333334,0.5493479784152199,0.5388728281290805,0.49654736829262586,59,p12,v4,source1,data-videos\VIPL\VIPL\p11-15\p12\v4\source1\video.avi
159.14680416666667,106.37544166666665,70.25292499999999,1.4307780904813263,0.9688170470884416,0.5882337372321104,59,p12,v4,source1,data-videos\VIPL\VIPL\p11-15\p12\v4\source1\video.avi
154.16356666666667,103.02626666666667,68.23875,1.621334971987244,1.174734389187143,0.6387783180285125,59,p12,v4,source1,data-videos\VIPL\VIPL\p11-15\p12\v4\source1\video.avi
152.540275,101.57611666666666,67.16805000000001,2.719731951482841,1.9920109394570766,1.327677496346742,59,p12,v4,source1,data-videos\VIPL\VIPL\p11-15\p12\v4\source1\video.avi
146.4802666666667,97.24432083333333,64.41392083333334,1.4062467571197186,1.2615851048053255,1.0719338989648566,59,p12,v4,source1,data-videos\VIPL\VIPL\p11-15\p12\v4\source1\video.avi
142.04721250000003,93.86806666666668,61.86858333333333,2.7935990193916242,1.7408627770168368,1.6217457323779556,59,p12,v4,source1,data-videos\VIPL\VIPL\p11-15\p12\v4\source1\video.avi
149.70726666666667,98.83992500000001,65.78849166666667,0.8952721863039405,0.4108650781346041,0.5239566278302272,58,p12,v4,source1,data-videos\VIPL\VIPL\p11-15\p12\v4\source1\video.avi
150.28961666666666,99.06188333333334,66.4009,0.34575027833000693,0.35971149574848277,0.2208730465077404,58,p12,v4,source1,data-videos\VIPL\VIPL\p11-15\p12\v4\source1\video.avi
148.97174166666667,98.0120625,65.7470125,0.40646772746704296,0.3209658343816012,0.3321532440526856,58,p12,v4,source1,data-videos\VIPL\VIPL\p11-15\p12\v4\source1\video.avi
147.9917125,97.2709,65.16505000000001,0.2744949735802702,0.38840693137517185,0.2149380929121737,57,p12,v4,source1,data-videos\VIPL\VIPL\p11-15\p12\v4\source1\video.avi
148.413925,97.71124166666667,65.29079166666666,0.2986306911345539,0.2522796410566406,0.2633179221492521,57,p12,v4,source1,data-videos\VIPL\VIPL\p11-15\p12\v4\source1\video.avi
149.03654583333332,98.4216375,65.43067083333332,0.2948244868066971,0.13378310701363577,0.22399501265529326,57,p12,v4,source1,data-videos\VIPL\VIPL\p11-15\p12\v4\source1\video.avi
148.17089583333333,98.36290833333332,65.367875,0.5093807642823115,0.22347260683793985,0.25628936858829837,57,p12,v4,source1,data-videos\VIPL\VIPL\p11-15\p12\v4\source1\video.avi
148.85556666666668,98.84645833333335,65.60659166666667,0.27216733976238183,0.20167819138901721,0.15043793282262552,57,p12,v4,source1,data-videos\VIPL\VIPL\p11-15\p12\v4\source1\video.avi
149.47412083333333,99.49395,65.95093333333334,0.5942917324546001,0.5010123188910177,0.30450872102544885,57,p12,v4,source1,data-videos\VIPL\VIPL\p11-15\p12\v4\source1\video.avi
147.91835,98.17977916666665,65.32449583333333,1.4623756768976781,0.8613174281780979,0.6668963898995952,57,p12,v4,source1,data-videos\VIPL\VIPL\p11-15\p12\v4\source1\video.avi
145.101775,95.9639875,63.89510416666666,0.9664695284254949,0.6731768895196378,0.5008376282400439,57,p12,v4,source1,data-videos\VIPL\VIPL\p11-15\p12\v4\source1\video.avi
143.90866666666668,95.19310416666667,63.3807375,1.2058999852000802,0.8708639179238434,0.5157701596345436,57,p12,v4,source1,data-videos\VIPL\VIPL\p11-15\p12\v4\source1\video.avi
142.90318333333332,94.85517916666666,62.92417916666666,0.2374837916252854,0.19002817892281695,0.25907015439033837,57,p12,v4,source1,data-videos\VIPL\VIPL\p11-15\p12\v4\source1\video.avi
143.15569166666666,95.67522916666665,63.44095833333333,0.458663215451526,0.37489986162974165,0.2791104747551692,57,p12,v4,source1,data-videos\VIPL\VIPL\p11-15\p12\v4\source1\video.avi
161.12717916666668,99.01362083333332,52.26148333333334,0.8756795114089344,0.7816684542001595,0.5734535864985552,61,p12,v5,source1,data-videos\VIPL\VIPL\p11-15\p12\v5\source1\video.avi
161.646175,99.93662916666668,53.507241666666665,0.5193959077219735,0.24426059214494747,0.22627724690140144,61,p12,v5,source1,data-videos\VIPL\VIPL\p11-15\p12\v5\source1\video.avi
160.15857916666667,99.82914166666666,53.652475,0.22528902516792,0.18056365567300559,0.24724290673456206,61,p12,v5,source1,data-videos\VIPL\VIPL\p11-15\p12\v5\source1\video.avi
159.58661666666666,99.82462500000001,53.76182083333333,0.21344022818331676,0.19554656530194736,0.29600167029840335,61,p12,v5,source1,data-videos\VIPL\VIPL\p11-15\p12\v5\source1\video.avi
158.29659166666667,98.8584375,53.05469166666667,0.4280122170180029,0.42768568092311376,0.27066376178654583,61,p12,v5,source1,data-videos\VIPL\VIPL\p11-15\p12\v5\source1\video.avi
157.18275833333334,98.07722083333333,52.79830416666667,0.5361580025981123,0.402834645348504,0.2717721796632043,61,p12,v5,source1,data-videos\VIPL\VIPL\p11-15\p12\v5\source1\video.avi
156.5785,97.77144583333333,52.653912500000004,0.3548347240950509,0.12880469550188622,0.27408240390792105,61,p12,v5,source1,data-videos\VIPL\VIPL\p11-15\p12\v5\source1\video.avi
155.33522916666664,96.98779583333335,52.22452083333334,0.50894703050623,0.4492010110555547,0.35322079452871913,61,p12,v5,source1,data-videos\VIPL\VIPL\p11-15\p12\v5\source1\video.avi
153.35850416666665,95.78112083333333,51.71949999999999,1.5971132967664943,0.9433157795591451,0.361259108160842,61,p12,v5,source1,data-videos\VIPL\VIPL\p11-15\p12\v5\source1\video.avi
150.02935416666668,94.07989166666667,51.3741,0.3481731489742774,0.1395736889703011,0.2454906383992405,61,p12,v5,source1,data-videos\VIPL\VIPL\p11-15\p12\v5\source1\video.avi
149.203,93.62387083333331,51.16465416666667,0.6716849388798729,0.3895888532140144,0.2706649953124705,61,p12,v5,source1,data-videos\VIPL\VIPL\p11-15\p12\v5\source1\video.avi
150.3697958333333,94.25179166666665,50.84222916666667,0.21443949159508072,0.2526607608423672,0.24812617722922578,61,p12,v5,source1,data-videos\VIPL\VIPL\p11-15\p12\v5\source1\video.avi
150.23209583333335,94.16164166666665,50.88397916666667,0.16946886831034383,0.15354539310267643,0.25540069960967454,61,p12,v5,source1,data-videos\VIPL\VIPL\p11-15\p12\v5\source1\video.avi
149.64589166666667,93.93650833333334,50.9559,0.28203480792615776,0.17699499786952594,0.22432535794082217,61,p12,v5,source1,data-videos\VIPL\VIPL\p11-15\p12\v5\source1\video.avi
150.09740416666668,94.28757916666667,51.35010833333334,0.39557554316113114,0.2160172143024709,0.2659894370553083,61,p12,v5,source1,data-videos\VIPL\VIPL\p11-15\p12\v5\source1\video.avi
148.8283,93.57002499999999,50.971483333333325,0.5127394001491152,0.2546787912280667,0.3785602743546185,61,p12,v5,source1,data-videos\VIPL\VIPL\p11-15\p12\v5\source1\video.avi
148.92591666666667,93.22537083333334,50.28100416666666,0.2503463694314334,0.15719321720329632,0.22763173627838232,60,p12,v5,source1,data-videos\VIPL\VIPL\p11-15\p12\v5\source1\video.avi
147.52448333333334,92.57587083333334,50.17507083333333,0.8347436147263355,0.3181777732368244,0.2984701846848916,60,p12,v5,source1,data-videos\VIPL\VIPL\p11-15\p12\v5\source1\video.avi
144.7237375,91.00598749999999,49.7085625,0.8829994058880273,0.4116135826519955,0.45683001374508336,60,p12,v5,source1,data-videos\VIPL\VIPL\p11-15\p12\v5\source1\video.avi
143.45133333333334,90.63375416666666,50.4797125,0.6667963103110596,0.2569138580368701,0.6422779733376527,60,p12,v5,source1,data-videos\VIPL\VIPL\p11-15\p12\v5\source1\video.avi
142.66079166666665,89.23581666666666,49.3775625,0.29884034256977915,0.3464377144596116,0.48371923262047795,60,p12,v5,source1,data-videos\VIPL\VIPL\p11-15\p12\v5\source1\video.avi
146.48153333333332,90.73057083333332,49.11867916666667,3.8872505560959216,2.1967111415736684,0.822947375334197,60,p12,v5,source1,data-videos\VIPL\VIPL\p11-15\p12\v5\source1\video.avi
151.8141875,93.5904125,49.883791666666674,1.6528585016759605,1.0346651193844487,0.4068619898926964,60,p12,v5,source1,data-videos\VIPL\VIPL\p11-15\p12\v5\source1\video.avi
150.23635416666667,93.24029583333333,51.579375,2.693569649801791,1.7187127469902197,0.8820885667456151,60,p12,v5,source1,data-videos\VIPL\VIPL\p11-15\p12\v5\source1\video.avi
162.40199583333333,101.3222875,55.219416666666675,1.7190916033459196,1.0790923926660405,0.5571608429000653,60,p12,v5,source1,data-videos\VIPL\VIPL\p11-15\p12\v5\source1\video.avi
171.77042083333333,107.36277083333334,58.810425,2.991270400937997,2.022409606035169,1.4735827489442563,60,p12,v5,source1,data-videos\VIPL\VIPL\p11-15\p12\v5\source1\video.avi
175.06945,110.09090833333333,61.09172083333334,1.3827677494391066,0.9968314769844208,0.404827265247167,60,p12,v5,source1,data-videos\VIPL\VIPL\p11-15\p12\v5\source1\video.avi
169.89849166666667,107.11969166666665,59.75623333333334,1.705347515476441,0.8372740701062122,0.30045860155768556,60,p12,v5,source1,data-videos\VIPL\VIPL\p11-15\p12\v5\source1\video.avi
164.0802,104.12862083333333,59.32756666666666,1.375451866382864,1.0512560180664048,0.6750621787719516,60,p12,v5,source1,data-videos\VIPL\VIPL\p11-15\p12\v5\source1\video.avi
161.5746,101.38459583333335,56.3895375,0.9047293404160854,1.0114429574526458,0.8541907385225959,60,p12,v5,source1,data-videos\VIPL\VIPL\p11-15\p12\v5\source1\video.avi
159.69642916666666,98.63376250000002,53.699641666666665,0.9677381200654341,1.3767026365861779,1.2393307565084377,60,p12,v5,source1,data-videos\VIPL\VIPL\p11-15\p12\v5\source1\video.avi
143.44787083333335,126.68564166666667,110.92599166666665,0.1799899184097981,0.31305565832345794,0.41832175876251815,59,p12,v6,source1,data-videos\VIPL\VIPL\p11-15\p12\v6\source1\video.avi
142.7272458333333,126.4043875,110.61101666666666,0.4490421413269583,0.41329659333522223,0.3956874811114623,59,p12,v6,source1,data-videos\VIPL\VIPL\p11-15\p12\v6\source1\video.avi
142.48519166666665,126.33735,110.74612083333334,0.2381042289716154,0.19782007090128378,0.48700315251090026,59,p12,v6,source1,data-videos\VIPL\VIPL\p11-15\p12\v6\source1\video.avi
141.57367083333335,124.65890833333333,108.51067916666666,0.6653395744843378,0.8482848535795622,1.0116670794377247,60,p12,v6,source1,data-videos\VIPL\VIPL\p11-15\p12\v6\source1\video.avi
139.43708333333333,120.88507500000001,104.25337083333334,0.8848896490366613,1.6745423489946107,2.162277897208621,60,p12,v6,source1,data-videos\VIPL\VIPL\p11-15\p12\v6\source1\video.avi
137.658975,115.55360416666669,97.13915833333334,0.24895190661160982,0.9534854263874907,1.7205145631204997,60,p12,v6,source1,data-videos\VIPL\VIPL\p11-15\p12\v6\source1\video.avi
138.80005416666665,114.51197083333335,94.82272916666666,0.34181639899952077,0.44817242883986386,0.6030135446815804,60,p12,v6,source1,data-videos\VIPL\VIPL\p11-15\p12\v6\source1\video.avi
137.58635833333335,113.86822083333333,94.61731249999998,0.5142976159220032,0.6020677895340741,0.593277343302768,60,p12,v6,source1,data-videos\VIPL\VIPL\p11-15\p12\v6\source1\video.avi
136.7082625,112.62854166666668,93.23227916666667,0.4760844024581011,0.6130318325974419,0.5908799782657024,61,p12,v6,source1,data-videos\VIPL\VIPL\p11-15\p12\v6\source1\video.avi
135.56915833333332,111.61270000000002,92.35194583333333,0.641159778767916,0.44295112942124276,0.4280042324800461,62,p12,v6,source1,data-videos\VIPL\VIPL\p11-15\p12\v6\source1\video.avi
132.66903333333335,109.58495833333335,91.08789583333333,1.0623559847332784,1.0796279391434656,1.0135877528919255,62,p12,v6,source1,data-videos\VIPL\VIPL\p11-15\p12\v6\source1\video.avi
132.9193791666667,109.61768749999999,91.05342499999999,0.24210715330314916,0.33227704774530176,0.4908513564178292,62,p12,v6,source1,data-videos\VIPL\VIPL\p11-15\p12\v6\source1\video.avi
133.54982083333334,110.39265833333332,92.1248375,0.1769773666280834,0.1457405541774299,0.29575483125104374,62,p12,v6,source1,data-videos\VIPL\VIPL\p11-15\p12\v6\source1\video.avi
133.303975,110.10916666666667,92.27937083333335,0.28932994711680005,0.3640999056844767,0.3755159211190509,62,p12,v6,source1,data-videos\VIPL\VIPL\p11-15\p12\v6\source1\video.avi
133.3051625,109.70928333333333,91.6228125,0.238405807526787,0.17935775255833777,0.24046434030503167,62,p12,v6,source1,data-videos\VIPL\VIPL\p11-15\p12\v6\source1\video.avi
134.07513333333333,110.80717916666667,92.3461875,0.2962522042229288,0.5210334623171206,0.40910002215228514,62,p12,v6,source1,data-videos\VIPL\VIPL\p11-15\p12\v6\source1\video.avi
133.33490416666666,110.15123750000001,91.62749583333333,0.28918246522644675,0.7415352788116168,0.9628195133809981,62,p12,v6,source1,data-videos\VIPL\VIPL\p11-15\p12\v6\source1\video.avi
135.10346666666666,112.383125,93.69201666666667,2.216852907965602,3.5459401823648586,4.022714996982069,62,p12,v6,source1,data-videos\VIPL\VIPL\p11-15\p12\v6\source1\video.avi
146.8127333333333,127.21844166666666,108.76048333333333,3.3598921203126277,4.046456102781311,4.058180651418639,62,p12,v6,source1,data-videos\VIPL\VIPL\p11-15\p12\v6\source1\video.avi
150.90775000000002,132.59955416666668,114.49917083333334,0.43908046967972286,0.6103981933495926,0.6391439814803075,62,p12,v6,source1,data-videos\VIPL\VIPL\p11-15\p12\v6\source1\video.avi
149.0482,130.2096125,112.00612083333331,0.5781280536856278,0.7554027545832407,0.7645100920188105,62,p12,v6,source1,data-videos\VIPL\VIPL\p11-15\p12\v6\source1\video.avi
146.12245416666667,127.34790833333332,109.58873333333335,0.7411136802465668,0.5738383290456838,0.45166619741673086,62,p12,v6,source1,data-videos\VIPL\VIPL\p11-15\p12\v6\source1\video.avi
146.9403125,128.54005416666666,110.88646666666665,0.21604180528764524,0.2684652320754661,0.30604058304777604,62,p12,v6,source1,data-videos\VIPL\VIPL\p11-15\p12\v6\source1\video.avi
146.43387916666666,128.0296875,110.76852083333331,1.029256175797194,1.0820837929982334,0.8147085389709765,62,p12,v6,source1,data-videos\VIPL\VIPL\p11-15\p12\v6\source1\video.avi
143.42302083333334,124.12329583333336,106.86395833333331,0.6414033347646573,0.7048669778710421,0.7630434385161186,63,p12,v6,source1,data-videos\VIPL\VIPL\p11-15\p12\v6\source1\video.avi
142.76229166666667,123.22220000000002,106.07231250000001,0.3580207684754063,0.6235355825240537,0.7138266687514775,63,p12,v6,source1,data-videos\VIPL\VIPL\p11-15\p12\v6\source1\video.avi
142.2467916666667,122.69180416666666,105.50918333333333,0.14443932549690117,0.09626743943739932,0.2502839198207358,63,p12,v6,source1,data-videos\VIPL\VIPL\p11-15\p12\v6\source1\video.avi
141.70807499999998,121.84562916666668,104.59389999999999,0.5762902049122288,0.5826229264069523,0.5415692990052154,63,p12,v6,source1,data-videos\VIPL\VIPL\p11-15\p12\v6\source1\video.avi
139.9349125,120.8311,104.09106249999999,0.2884084284434526,0.38510200565167696,0.6075804094875472,63,p12,v6,source1,data-videos\VIPL\VIPL\p11-15\p12\v6\source1\video.avi
106.39412083333335,84.15935416666667,56.20598749999999,3.98399229742447,2.8201136949783017,1.6951919497897405,75,p12,v7,source1,data-videos\VIPL\VIPL\p11-15\p12\v7\source1\video.avi
110.63338749999998,87.18325416666667,58.55460416666667,1.524166519762612,1.02987868600236,0.7699559843795905,76,p12,v7,source1,data-videos\VIPL\VIPL\p11-15\p12\v7\source1\video.avi
120.61566250000001,93.83927916666666,62.628554166666675,2.588109510183328,1.5650211790033917,1.1947884602252825,76,p12,v7,source1,data-videos\VIPL\VIPL\p11-15\p12\v7\source1\video.avi
120.34240416666667,93.56848749999999,61.632549999999995,0.7121485310751545,0.4703931627210593,0.25690393037951803,76,p12,v7,source1,data-videos\VIPL\VIPL\p11-15\p12\v7\source1\video.avi
115.93870000000001,90.80326666666667,60.39040833333333,2.7367365602308467,1.704102472782389,0.7554318662977195,76,p12,v7,source1,data-videos\VIPL\VIPL\p11-15\p12\v7\source1\video.avi
116.037475,90.47054166666666,60.63575833333334,1.667891157551205,0.9582379132749339,0.5371198223640505,76,p12,v7,source1,data-videos\VIPL\VIPL\p11-15\p12\v7\source1\video.avi
121.93595,93.88442916666666,62.38639166666667,0.9967660486961486,0.6463185322033134,0.34409877493202773,77,p12,v7,source1,data-videos\VIPL\VIPL\p11-15\p12\v7\source1\video.avi
121.31907083333334,93.34237083333333,61.744075,0.5471195190812715,0.31194296503928254,0.3434165798653126,77,p12,v7,source1,data-videos\VIPL\VIPL\p11-15\p12\v7\source1\video.avi
120.77976666666667,93.36721666666666,61.91021250000001,1.400889660985812,1.1561470136267527,0.7349095634082394,77,p12,v7,source1,data-videos\VIPL\VIPL\p11-15\p12\v7\source1\video.avi
123.28349166666669,95.36265833333333,63.284845833333335,2.461166004139207,1.8058160866542998,1.5612733671634471,77,p12,v7,source1,data-videos\VIPL\VIPL\p11-15\p12\v7\source1\video.avi
119.97609166666668,92.947475,61.201641666666674,0.6123937848097498,0.4023441493040099,0.3363714287662937,77,p12,v7,source1,data-videos\VIPL\VIPL\p11-15\p12\v7\source1\video.avi
121.48815,93.4038,61.82403333333334,0.25885487555234915,0.29596506914292564,0.3230035709941927,77,p12,v7,source1,data-videos\VIPL\VIPL\p11-15\p12\v7\source1\video.avi
121.55709166666665,93.21615833333334,62.315625,0.9707362558402661,0.8985796847973785,0.47952019385990885,78,p12,v7,source1,data-videos\VIPL\VIPL\p11-15\p12\v7\source1\video.avi
121.684175,93.506775,62.348525,0.24095622570984407,0.3363321080048712,0.21149791435798493,78,p12,v7,source1,data-videos\VIPL\VIPL\p11-15\p12\v7\source1\video.avi
122.83390833333333,94.55295833333334,62.781758333333336,1.082336143263213,0.8001961380655356,0.6398529143591429,78,p12,v7,source1,data-videos\VIPL\VIPL\p11-15\p12\v7\source1\video.avi
121.00899583333332,93.38171249999999,61.873912499999996,0.332224542436622,0.17265546557137165,0.2697970753640595,78,p12,v7,source1,data-videos\VIPL\VIPL\p11-15\p12\v7\source1\video.avi
120.44983750000002,92.81097083333334,61.557104166666676,0.5797208432908313,0.48267656862109554,0.2679393733897654,78,p12,v7,source1,data-videos\VIPL\VIPL\p11-15\p12\v7\source1\video.avi
121.30075416666665,93.38202083333331,62.091520833333334,1.332437469960286,0.8940107345979617,0.6046750095609209,78,p12,v7,source1,data-videos\VIPL\VIPL\p11-15\p12\v7\source1\video.avi
124.06452916666667,95.21187916666668,63.29924583333334,0.5064969683261794,0.19249919164693044,0.3153381621260826,78,p12,v7,source1,data-videos\VIPL\VIPL\p11-15\p12\v7\source1\video.avi
123.320925,94.47955833333333,62.80120000000001,0.5389515834521279,0.520922803381973,0.3249013954584268,77,p12,v7,source1,data-videos\VIPL\VIPL\p11-15\p12\v7\source1\video.avi
124.77032916666667,95.51947916666666,63.367162500000006,1.4441881434977373,1.1627461544944646,0.5510328380515181,75,p12,v7,source1,data-videos\VIPL\VIPL\p11-15\p12\v7\source1\video.avi
124.65701666666668,95.40605,62.9635,0.40402423379428154,0.32113505958249805,0.2962204011233304,73,p12,v7,source1,data-videos\VIPL\VIPL\p11-15\p12\v7\source1\video.avi
125.36489583333332,95.73312916666667,63.148316666666666,0.39729449505198516,0.37529500373224867,0.31810016640683425,73,p12,v7,source1,data-videos\VIPL\VIPL\p11-15\p12\v7\source1\video.avi
122.41753333333334,93.61223333333334,62.12044166666667,1.7166839419943862,1.2935444492776216,0.6615135123179012,71,p12,v7,source1,data-videos\VIPL\VIPL\p11-15\p12\v7\source1\video.avi
122.64585416666667,94.2421875,63.1557125,1.1438531996550572,0.7820696478113551,0.6552655610143027,71,p12,v7,source1,data-videos\VIPL\VIPL\p11-15\p12\v7\source1\video.avi
120.33945,93.04385000000002,62.626599999999996,0.27526943164833817,0.27290662271594274,0.3211127758691467,71,p12,v7,source1,data-videos\VIPL\VIPL\p11-15\p12\v7\source1\video.avi
120.85062916666666,92.99112916666667,62.60917499999999,0.2513278615534997,0.3552845234515083,0.2925487671834482,71,p12,v7,source1,data-videos\VIPL\VIPL\p11-15\p12\v7\source1\video.avi
120.28672916666666,92.55797916666668,62.4746625,0.4521348588148851,0.5158129303988663,0.34431987772193,71,p12,v7,source1,data-videos\VIPL\VIPL\p11-15\p12\v7\source1\video.avi
123.37956249999999,95.24214583333332,64.362275,1.14131614296585,0.815448151325392,0.5421231967792108,71,p12,v7,source1,data-videos\VIPL\VIPL\p11-15\p12\v7\source1\video.avi
177.6940875,137.42522083333333,93.43613749999999,0.22892243667646406,0.3360462496071011,0.27536006717972294,69,p13,v1,source1,data-videos\VIPL\VIPL\p11-15\p13\v1\source1\video.avi
177.1822458333333,136.9305791666667,92.6622625,0.1905677147076281,0.24220102216730963,0.39614582349461064,69,p13,v1,source1,data-videos\VIPL\VIPL\p11-15\p13\v1\source1\video.avi
176.21708333333333,136.52556666666666,93.15056666666668,0.523500752811727,0.3597150759049909,0.634168989592767,66,p13,v1,source1,data-videos\VIPL\VIPL\p11-15\p13\v1\source1\video.avi
176.25379583333333,136.46429583333335,93.4007125,0.2763330742987343,0.20790538187478586,0.32395570561635356,66,p13,v1,source1,data-videos\VIPL\VIPL\p11-15\p13\v1\source1\video.avi
176.12646249999997,136.25937916666666,93.14972916666667,0.16383585662688893,0.2177747236889036,0.292996432951362,68,p13,v1,source1,data-videos\VIPL\VIPL\p11-15\p13\v1\source1\video.avi
176.41859583333334,136.2012625,92.66879583333335,0.3722733337213406,0.28522199005531024,0.4687481056258018,70,p13,v1,source1,data-videos\VIPL\VIPL\p11-15\p13\v1\source1\video.avi
175.88022500000002,135.78922500000002,92.92544166666667,0.30012895185745875,0.16492817533955048,0.25633069237640294,68,p13,v1,source1,data-videos\VIPL\VIPL\p11-15\p13\v1\source1\video.avi
175.57100833333334,135.496375,92.14104166666667,0.3753594477760253,0.23220329223249916,0.35509702923794084,66,p13,v1,source1,data-videos\VIPL\VIPL\p11-15\p13\v1\source1\video.avi
174.26740833333332,134.48555833333333,91.36600833333334,0.3409254794958045,0.173511959442121,0.2973671107262308,67,p13,v1,source1,data-videos\VIPL\VIPL\p11-15\p13\v1\source1\video.avi
172.70707083333335,133.28662083333333,90.22705416666666,0.3071708778423557,0.19336155074252637,0.4525711073657061,67,p13,v1,source1,data-videos\VIPL\VIPL\p11-15\p13\v1\source1\video.avi
172.06114999999997,132.51353333333333,89.22728333333333,0.20372695097987503,0.18023454510720047,0.290629002242455,66,p13,v1,source1,data-videos\VIPL\VIPL\p11-15\p13\v1\source1\video.avi
171.13232916666666,131.98287916666666,88.88987916666667,0.2962535804401562,0.28083702377644415,0.2243632128596892,66,p13,v1,source1,data-videos\VIPL\VIPL\p11-15\p13\v1\source1\video.avi
170.5767166666667,131.53314999999998,88.97786666666669,0.37550519340985933,0.3666185352879304,0.24897900039740095,66,p13,v1,source1,data-videos\VIPL\VIPL\p11-15\p13\v1\source1\video.avi
169.3576,130.5193,88.0241,0.4394768872699063,0.5226248783517911,0.3298869793833442,66,p13,v1,source1,data-videos\VIPL\VIPL\p11-15\p13\v1\source1\video.avi
168.71009999999998,129.82836666666665,87.60571666666667,0.25041535024612654,0.20244981099576753,0.21793710930245733,67,p13,v1,source1,data-videos\VIPL\VIPL\p11-15\p13\v1\source1\video.avi
169.16064166666666,130.043325,87.65454166666666,0.4986391852317784,0.45477839242347057,0.3593569959258244,67,p13,v1,source1,data-videos\VIPL\VIPL\p11-15\p13\v1\source1\video.avi
168.10200416666666,129.17822083333334,87.17035833333334,0.5921619759817519,0.5484644290792964,0.30702911959255297,67,p13,v1,source1,data-videos\VIPL\VIPL\p11-15\p13\v1\source1\video.avi
166.8981,128.15893333333332,86.33238333333333,0.4025553892185353,0.38841626135286156,0.3597375204383203,67,p13,v1,source1,data-videos\VIPL\VIPL\p11-15\p13\v1\source1\video.avi
166.0941875,127.6083875,85.7523875,0.4431721785729672,0.25798348811288113,0.31892173195176166,67,p13,v1,source1,data-videos\VIPL\VIPL\p11-15\p13\v1\source1\video.avi
165.62467083333334,127.41023750000002,85.8096875,0.34728349905412725,0.21735664680363867,0.27848037377235185,66,p13,v1,source1,data-videos\VIPL\VIPL\p11-15\p13\v1\source1\video.avi
165.25285833333336,127.33475833333334,85.95420833333331,0.32438877898373064,0.22542678797363733,0.25156400706933035,66,p13,v1,source1,data-videos\VIPL\VIPL\p11-15\p13\v1\source1\video.avi
164.5683541666667,126.84150416666665,85.78970416666667,0.3658327282644932,0.2532512272373464,0.22383862630252238,66,p13,v1,source1,data-videos\VIPL\VIPL\p11-15\p13\v1\source1\video.avi
163.27842916666668,125.82502916666668,85.18469583333334,0.4615477875297556,0.3966166553294532,0.3280350417955879,66,p13,v1,source1,data-videos\VIPL\VIPL\p11-15\p13\v1\source1\video.avi
164.93134583333332,126.89859583333335,85.6065625,0.3164804001522935,0.30328937856901206,0.20446915941720364,66,p13,v1,source1,data-videos\VIPL\VIPL\p11-15\p13\v1\source1\video.avi
163.69209583333333,126.27609583333334,85.48097916666666,0.5084625197183508,0.3873347083846788,0.3817939948635774,66,p13,v1,source1,data-videos\VIPL\VIPL\p11-15\p13\v1\source1\video.avi
163.17259583333333,125.57567916666667,84.70684583333333,0.2834433991484604,0.23225624939265824,0.25730398168908153,65,p13,v1,source1,data-videos\VIPL\VIPL\p11-15\p13\v1\source1\video.avi
163.05285833333335,125.46394166666667,84.94814166666667,0.3182345438443715,0.2627118931162459,0.32667790781041317,65,p13,v1,source1,data-videos\VIPL\VIPL\p11-15\p13\v1\source1\video.avi
163.63285,125.99406666666665,84.99293333333333,0.35766104070015914,0.35596389764077274,0.22225026691959965,65,p13,v1,source1,data-videos\VIPL\VIPL\p11-15\p13\v1\source1\video.avi
163.19344583333333,125.91369583333334,85.25062916666666,0.31097820004427806,0.3632781818807125,0.6436603109581768,64,p13,v1,source1,data-videos\VIPL\VIPL\p11-15\p13\v1\source1\video.avi
163.42315833333336,126.50632500000002,86.79579166666669,0.17807768796620618,0.23626981199996716,0.3473957190154727,64,p13,v1,source1,data-videos\VIPL\VIPL\p11-15\p13\v1\source1\video.avi
107.03869583333335,88.55809583333334,64.76221249999999,0.5151530972884013,0.40566437760412766,0.38928602099977,72,p13,v2,source1,data-videos\VIPL\VIPL\p11-15\p13\v2\source1\video.avi
127.02939166666665,104.42984166666668,75.9693125,23.311583381977634,18.696786964970002,13.659477113487503,72,p13,v2,source1,data-videos\VIPL\VIPL\p11-15\p13\v2\source1\video.avi
150.501325,125.23559166666668,93.18134583333332,10.595077314403818,9.446521668362028,8.248688648615945,72,p13,v2,source1,data-videos\VIPL\VIPL\p11-15\p13\v2\source1\video.avi
62.39646666666667,56.02791666666667,43.99791666666667,14.192807830015772,10.375743535480359,6.574081883577293,72,p13,v2,source1,data-videos\VIPL\VIPL\p11-15\p13\v2\source1\video.avi
80.21447083333332,74.34180416666666,61.5198375,14.169223653061804,9.930462523702145,5.770048858840173,73,p13,v2,source1,data-videos\VIPL\VIPL\p11-15\p13\v2\source1\video.avi
132.5660125,106.53549583333333,74.76049583333334,5.635221269449826,4.14840155506294,2.644534916361318,73,p13,v2,source1,data-videos\VIPL\VIPL\p11-15\p13\v2\source1\video.avi
87.0962875,76.24078750000001,58.054520833333335,36.8521157887631,26.212691788959525,16.042475354670437,74,p13,v2,source1,data-videos\VIPL\VIPL\p11-15\p13\v2\source1\video.avi
77.50175833333334,69.34424166666666,53.741525,9.566495165933363,6.894220938540461,4.112461857079953,74,p13,v2,source1,data-videos\VIPL\VIPL\p11-15\p13\v2\source1\video.avi
110.9073875,92.80312083333334,67.26320416666667,19.5000242924733,13.621873284312043,7.676298983919323,74,p13,v2,source1,data-videos\VIPL\VIPL\p11-15\p13\v2\source1\video.avi
118.61387083333334,98.74835416666664,70.8770375,5.17829493130273,3.2362511903993334,1.8554415294389281,74,p13,v2,source1,data-videos\VIPL\VIPL\p11-15\p13\v2\source1\video.avi
54.154,53.79746666666667,45.23541666666667,9.086160848621043,6.494622318476476,4.387636057363349,74,p13,v2,source1,data-videos\VIPL\VIPL\p11-15\p13\v2\source1\video.avi
105.67454583333333,87.56197916666667,63.473129166666666,16.204435181034672,12.036860938636632,8.113133907751317,74,p13,v2,source1,data-videos\VIPL\VIPL\p11-15\p13\v2\source1\video.avi
116.48091249999999,95.7613125,69.16891249999999,15.135298674702964,12.089897571128628,9.559735915196537,74,p13,v2,source1,data-videos\VIPL\VIPL\p11-15\p13\v2\source1\video.avi
126.64217500000001,103.81425833333333,74.52309166666667,11.152440689769186,8.895305410287591,7.380415204505962,74,p13,v2,source1,data-videos\VIPL\VIPL\p11-15\p13\v2\source1\video.avi
111.10587499999998,92.51592500000001,66.414225,0.40693310410346045,0.3663781242995776,0.4048556981866088,74,p13,v2,source1,data-videos\VIPL\VIPL\p11-15\p13\v2\source1\video.avi
92.82193333333333,78.63705,57.055166666666665,14.192871704811402,10.827562773391623,7.341838704354918,74,p13,v2,source1,data-videos\VIPL\VIPL\p11-15\p13\v2\source1\video.avi
106.48016249999999,88.62232916666666,63.64737916666666,12.202123893566986,8.943018683358702,5.887735724055509,74,p13,v2,source1,data-videos\VIPL\VIPL\p11-15\p13\v2\source1\video.avi
116.52478333333333,95.95678333333333,68.41308333333333,1.9184089237025737,1.6051993046252686,1.0950338663268713,74,p13,v2,source1,data-videos\VIPL\VIPL\p11-15\p13\v2\source1\video.avi
109.09054166666667,92.41394166666667,67.71254166666667,1.4866391942061787,0.9903675996119382,0.5808796520268964,74,p13,v2,source1,data-videos\VIPL\VIPL\p11-15\p13\v2\source1\video.avi
106.48019166666667,90.16835833333333,65.98076666666667,1.0911015823087535,0.9634856953473097,0.7461318797732,74,p13,v2,source1,data-videos\VIPL\VIPL\p11-15\p13\v2\source1\video.avi
103.02975416666666,86.64358750000001,63.11909166666667,1.4236702143530682,1.5346668329848963,1.1769250809990932,74,p13,v2,source1,data-videos\VIPL\VIPL\p11-15\p13\v2\source1\video.avi
103.30828749999999,87.98147083333333,65.69837916666667,10.618864819987756,11.436795911590275,11.629275893845394,74,p13,v2,source1,data-videos\VIPL\VIPL\p11-15\p13\v2\source1\video.avi
138.64309999999998,135.01968749999997,122.24347499999998,14.010648236942508,21.86849280988614,29.140336046256994,74,p13,v2,source1,data-videos\VIPL\VIPL\p11-15\p13\v2\source1\video.avi
92.58647083333334,75.68547083333333,52.559420833333334,1.7993819652522343,1.286552813372704,1.1377154481862615,73,p13,v2,source1,data-videos\VIPL\VIPL\p11-15\p13\v2\source1\video.avi
116.23742083333333,105.46805416666666,86.79073749999999,21.289801280204337,28.316680852025215,33.61649636905974,73,p13,v2,source1,data-videos\VIPL\VIPL\p11-15\p13\v2\source1\video.avi
132.23606666666666,115.35163333333333,90.06463333333333,16.434203118417265,20.955915940931046,26.866284149632317,72,p13,v2,source1,data-videos\VIPL\VIPL\p11-15\p13\v2\source1\video.avi
115.6902916666667,94.779025,66.82417500000001,13.38324477165592,11.955076154365,11.626628121274743,72,p13,v2,source1,data-videos\VIPL\VIPL\p11-15\p13\v2\source1\video.avi
153.908125,159.13164166666667,154.89025416666667,15.070820216592992,17.79057796869771,20.506065123960887,71,p13,v2,source1,data-videos\VIPL\VIPL\p11-15\p13\v2\source1\video.avi
148.6826958333333,115.13784583333334,77.49402916666666,3.9406608519296014,3.211442072982946,2.4737173101399663,73,p13,v3,source1,data-videos\VIPL\VIPL\p11-15\p13\v3\source1\video.avi
152.93619166666667,118.64320833333335,80.651875,0.3710342188565625,0.32285511375718773,0.178091076204315,73,p13,v3,source1,data-videos\VIPL\VIPL\p11-15\p13\v3\source1\video.avi
151.11870000000002,117.51736666666666,80.08578333333332,0.2891960241461559,0.28648703571356265,0.2785973736989372,73,p13,v3,source1,data-videos\VIPL\VIPL\p11-15\p13\v3\source1\video.avi
151.1177,117.23626666666667,79.78275,0.3709580032946235,0.3850127046063976,0.3141929338046574,74,p13,v3,source1,data-videos\VIPL\VIPL\p11-15\p13\v3\source1\video.avi
152.14368749999997,117.7099375,79.71288750000001,0.5144440364769185,0.2511076019912153,0.22463845087409004,75,p13,v3,source1,data-videos\VIPL\VIPL\p11-15\p13\v3\source1\video.avi
152.69812083333332,118.31118750000002,79.9505875,0.2626005965974447,0.36275829399354953,0.24758664112005466,75,p13,v3,source1,data-videos\VIPL\VIPL\p11-15\p13\v3\source1\video.avi
151.62956666666668,118.71461666666666,80.57798333333334,0.3509668548868486,0.2547173605876179,0.3554691733880269,75,p13,v3,source1,data-videos\VIPL\VIPL\p11-15\p13\v3\source1\video.avi
148.19345833333333,117.20270833333333,80.48675416666666,1.8107615621323057,0.8861163514844191,0.5678496954581773,75,p13,v3,source1,data-videos\VIPL\VIPL\p11-15\p13\v3\source1\video.avi
149.54944166666667,117.42050833333333,80.069475,1.2431823096811558,0.5097545802134696,0.46714020940511697,75,p13,v3,source1,data-videos\VIPL\VIPL\p11-15\p13\v3\source1\video.avi
153.80010416666667,119.5462875,81.24260416666667,1.5770284465900315,1.0513581336742757,0.9417340181481709,75,p13,v3,source1,data-videos\VIPL\VIPL\p11-15\p13\v3\source1\video.avi
154.44497499999997,119.52105833333333,81.636325,0.3650230304282892,0.359051149588514,0.36166218617616414,75,p13,v3,source1,data-videos\VIPL\VIPL\p11-15\p13\v3\source1\video.avi
155.723975,119.83449583333334,81.20589583333333,2.483137079542452,1.5803356075640136,1.03228364906069,75,p13,v3,source1,data-videos\VIPL\VIPL\p11-15\p13\v3\source1\video.avi
150.816775,116.98917499999999,79.60829166666666,0.5703017814670112,0.33096850974744535,0.5402841587740862,75,p13,v3,source1,data-videos\VIPL\VIPL\p11-15\p13\v3\source1\video.avi
151.45735416666668,118.25837083333336,80.41492083333334,1.4876974900995865,0.7604318342551246,0.3981673253709494,75,p13,v3,source1,data-videos\VIPL\VIPL\p11-15\p13\v3\source1\video.avi
153.20237916666667,119.68812916666667,80.92574583333334,0.21580894263728428,0.22511974529619133,0.23877898253405858,74,p13,v3,source1,data-videos\VIPL\VIPL\p11-15\p13\v3\source1\video.avi
153.38012916666668,119.72889583333334,81.0615625,0.7585148136096455,0.44366050642949695,0.4066390903816166,74,p13,v3,source1,data-videos\VIPL\VIPL\p11-15\p13\v3\source1\video.avi
153.50398333333334,119.29145,81.11285,1.0116790628873966,0.6430078994730332,0.3356021380067819,74,p13,v3,source1,data-videos\VIPL\VIPL\p11-15\p13\v3\source1\video.avi
155.49964583333332,120.10257916666667,81.61454583333334,0.9997344395652149,0.7187127594700121,0.41969495047990996,74,p13,v3,source1,data-videos\VIPL\VIPL\p11-15\p13\v3\source1\video.avi
153.24194583333332,119.62206250000001,82.49307916666666,1.5966544497945103,0.3128120761180388,0.9011254349692994,74,p13,v3,source1,data-videos\VIPL\VIPL\p11-15\p13\v3\source1\video.avi
151.08124166666667,119.16570833333333,82.868775,1.5654192307449484,0.4846781237899593,1.611852847980133,74,p13,v3,source1,data-videos\VIPL\VIPL\p11-15\p13\v3\source1\video.avi
152.26720416666666,119.22498750000001,81.74425416666666,1.4806934241142835,1.383691921181538,1.2983589584414923,75,p13,v3,source1,data-videos\VIPL\VIPL\p11-15\p13\v3\source1\video.avi
154.80128333333334,122.03505000000001,84.12934999999999,0.8854713275872739,0.4952885786547417,1.2025990251008902,75,p13,v3,source1,data-videos\VIPL\VIPL\p11-15\p13\v3\source1\video.avi
156.82420416666668,122.18290416666665,82.41842083333334,1.3323258481671976,0.8399922682349179,0.38889860914439545,76,p13,v3,source1,data-videos\VIPL\VIPL\p11-15\p13\v3\source1\video.avi
154.9670916666667,120.55010833333331,81.15329166666668,0.751565351934991,0.7070567083231178,0.6201186945355698,76,p13,v3,source1,data-videos\VIPL\VIPL\p11-15\p13\v3\source1\video.avi
153.88281666666666,119.36431666666667,80.10818333333333,1.276280888623919,0.8496242480747994,0.5233244675469843,76,p13,v3,source1,data-videos\VIPL\VIPL\p11-15\p13\v3\source1\video.avi
154.59528333333333,120.05583333333334,80.52816666666666,1.1741818341373123,0.900454143231347,0.5267199645038568,76,p13,v3,source1,data-videos\VIPL\VIPL\p11-15\p13\v3\source1\video.avi
154.66160833333333,120.40194166666666,80.71617499999999,0.4481088348238894,0.310220711192496,0.3071896999186523,76,p13,v3,source1,data-videos\VIPL\VIPL\p11-15\p13\v3\source1\video.avi
156.06550833333333,121.50845833333332,81.464225,0.5683246549923918,0.3856771777233739,0.3405445318815793,77,p13,v3,source1,data-videos\VIPL\VIPL\p11-15\p13\v3\source1\video.avi
221.43436250000002,158.20057916666667,105.0367125,0.19530699730026088,0.2642878699343651,0.22846094001187792,71,p13,v4,source1,data-videos\VIPL\VIPL\p11-15\p13\v4\source1\video.avi
221.18123749999998,158.2549875,104.8902375,0.1940726509690809,0.1594918071955422,0.3994876759415315,71,p13,v4,source1,data-videos\VIPL\VIPL\p11-15\p13\v4\source1\video.avi
221.1954958333333,158.48438750000003,105.27348749999999,0.41642509067758043,0.4185754822078755,0.2716903509614489,71,p13,v4,source1,data-videos\VIPL\VIPL\p11-15\p13\v4\source1\video.avi
219.87369166666667,157.61520833333333,104.69009166666669,0.5382075850295461,0.48790841510244454,0.3778238634675638,71,p13,v4,source1,data-videos\VIPL\VIPL\p11-15\p13\v4\source1\video.avi
219.8291125,157.49553333333333,104.76243333333332,0.20630654132396037,0.21429511047851768,0.21045961789352574,70,p13,v4,source1,data-videos\VIPL\VIPL\p11-15\p13\v4\source1\video.avi
219.94775416666667,157.27373749999998,104.74785416666666,0.6629107172108907,0.5947766287649461,0.37949752277408355,69,p13,v4,source1,data-videos\VIPL\VIPL\p11-15\p13\v4\source1\video.avi
220.73145000000005,157.72537083333336,105.15137083333335,0.6252678321405335,0.5142439763934453,0.3581836129560906,68,p13,v4,source1,data-videos\VIPL\VIPL\p11-15\p13\v4\source1\video.avi
219.97563333333335,156.87967083333334,104.48325416666667,1.0903433160273681,0.8873166025689164,0.6138892756660426,68,p13,v4,source1,data-videos\VIPL\VIPL\p11-15\p13\v4\source1\video.avi
217.67662083333337,155.040675,103.38430833333334,0.16544280356062652,0.2608976876148506,0.23607093610819452,68,p13,v4,source1,data-videos\VIPL\VIPL\p11-15\p13\v4\source1\video.avi
219.71915,156.34827916666666,103.71334583333334,1.082515425088969,0.8452557377841006,0.35597519776469255,67,p13,v4,source1,data-videos\VIPL\VIPL\p11-15\p13\v4\source1\video.avi
220.6536,157.06331666666665,104.34291666666667,0.4196216498972604,0.34022461391948855,0.3131975880601029,67,p13,v4,source1,data-videos\VIPL\VIPL\p11-15\p13\v4\source1\video.avi
219.94972083333334,156.60017083333335,104.56467083333332,0.36741241364628663,0.4623237407004717,0.2083467634837818,67,p13,v4,source1,data-videos\VIPL\VIPL\p11-15\p13\v4\source1\video.avi
220.2559083333333,156.8939333333333,104.34551666666668,0.1867903108917978,0.28222546160925244,0.3106245255976691,67,p13,v4,source1,data-videos\VIPL\VIPL\p11-15\p13\v4\source1\video.avi
221.79406666666665,158.2176125,105.07565833333334,0.6340137062847628,0.48761922413196196,0.5727533856112657,67,p13,v4,source1,data-videos\VIPL\VIPL\p11-15\p13\v4\source1\video.avi
222.80461666666667,158.94061666666664,106.01115,0.21893747069971314,0.19104972929187866,0.23232253061028385,67,p13,v4,source1,data-videos\VIPL\VIPL\p11-15\p13\v4\source1\video.avi
222.0448125,158.23908333333335,105.52757083333334,0.38711131604093413,0.3299963830820302,0.3659931049650331,67,p13,v4,source1,data-videos\VIPL\VIPL\p11-15\p13\v4\source1\video.avi
221.46048750000003,157.64667083333336,105.17650416666667,0.3696177275427796,0.38950542723718556,0.27544073281137577,67,p13,v4,source1,data-videos\VIPL\VIPL\p11-15\p13\v4\source1\video.avi
222.50736249999997,158.455175,105.69274583333332,0.4637452537193464,0.5095588554696083,0.31510015476784825,67,p13,v4,source1,data-videos\VIPL\VIPL\p11-15\p13\v4\source1\video.avi
221.88067499999997,158.23251666666667,105.51198333333332,0.28784624247252866,0.2416785731262371,0.24349107059260747,67,p13,v4,source1,data-videos\VIPL\VIPL\p11-15\p13\v4\source1\video.avi
221.852125,158.35634583333334,105.51744583333333,0.17784499678637383,0.28303753235608514,0.35787064255894857,67,p13,v4,source1,data-videos\VIPL\VIPL\p11-15\p13\v4\source1\video.avi
221.92187083333334,158.3465,104.85855000000001,0.3768028048134444,0.4115062524838864,0.3097996579332444,66,p13,v4,source1,data-videos\VIPL\VIPL\p11-15\p13\v4\source1\video.avi
221.75362916666666,158.16035416666668,105.18053749999999,0.2748164281236998,0.19146212818147307,0.4793829472758589,66,p13,v4,source1,data-videos\VIPL\VIPL\p11-15\p13\v4\source1\video.avi
222.72143333333332,158.82127499999999,105.91182500000001,0.2224996591757669,0.21939093856313308,0.20064585414287195,66,p13,v4,source1,data-videos\VIPL\VIPL\p11-15\p13\v4\source1\video.avi
221.933725,158.14476666666667,105.25950416666666,0.310255243654767,0.3600911997231472,0.31564826547915703,66,p13,v4,source1,data-videos\VIPL\VIPL\p11-15\p13\v4\source1\video.avi
220.5351875,157.17720416666668,104.61813750000002,0.22145724364736497,0.15529301291787573,0.21945343311407883,66,p13,v4,source1,data-videos\VIPL\VIPL\p11-15\p13\v4\source1\video.avi
221.30866666666668,157.84055416666664,104.99857083333332,0.5870286924536899,0.6057869435185098,0.3476210552035548,66,p13,v4,source1,data-videos\VIPL\VIPL\p11-15\p13\v4\source1\video.avi
222.11901250000003,158.62506666666667,105.32747083333335,0.22983111273703694,0.33490965287712804,0.3152009314508759,66,p13,v4,source1,data-videos\VIPL\VIPL\p11-15\p13\v4\source1\video.avi
221.76957916666666,158.22341666666665,105.30804166666667,0.20222516174222077,0.31932670867780355,0.30229360928620025,66,p13,v4,source1,data-videos\VIPL\VIPL\p11-15\p13\v4\source1\video.avi
221.32705416666667,157.73785,105.28948333333334,0.20154247751542415,0.32015906674781364,0.18369955722970263,66,p13,v4,source1,data-videos\VIPL\VIPL\p11-15\p13\v4\source1\video.avi
221.2521833333333,157.44423333333333,105.19505000000001,0.28375985280250365,0.32014288921337647,0.21274071970228012,66,p13,v4,source1,data-videos\VIPL\VIPL\p11-15\p13\v4\source1\video.avi
227.42038333333335,173.31208333333336,98.00012916666668,0.7055363206504287,0.8408697526800558,0.9025709206129519,70,p13,v5,source1,data-videos\VIPL\VIPL\p11-15\p13\v5\source1\video.avi
230.60705416666664,175.75690833333334,99.56002916666665,1.2813548698681094,1.153327800113173,0.7410984360693549,70,p13,v5,source1,data-videos\VIPL\VIPL\p11-15\p13\v5\source1\video.avi
228.35807499999999,172.40974583333332,97.53677083333334,0.9801103338896184,1.3114421146998168,0.8169126935960375,70,p13,v5,source1,data-videos\VIPL\VIPL\p11-15\p13\v5\source1\video.avi
228.0485541666667,172.02795833333334,97.32889583333333,0.2594519352430983,0.4082713760393383,0.3549380594437102,70,p13,v5,source1,data-videos\VIPL\VIPL\p11-15\p13\v5\source1\video.avi
228.72452916666668,172.978925,98.02004166666666,0.5395503554272433,0.6583048495420293,0.4094062180632923,70,p13,v5,source1,data-videos\VIPL\VIPL\p11-15\p13\v5\source1\video.avi
230.86897083333332,175.57836666666665,99.42558333333335,0.43909787898188324,0.48905087953890813,0.2651379554433255,70,p13,v5,source1,data-videos\VIPL\VIPL\p11-15\p13\v5\source1\video.avi
229.2985375,174.20525416666666,98.70759166666667,0.8438268979773053,0.9219325297868418,0.4041698553568369,70,p13,v5,source1,data-videos\VIPL\VIPL\p11-15\p13\v5\source1\video.avi
228.69754166666667,173.29096249999998,98.13110833333332,0.5840265278590143,0.49749638057030543,0.3392205627222658,69,p13,v5,source1,data-videos\VIPL\VIPL\p11-15\p13\v5\source1\video.avi
227.48164583333337,172.44051249999995,97.71797916666667,0.6669363647180537,0.5032082772004605,0.3644096812635614,69,p13,v5,source1,data-videos\VIPL\VIPL\p11-15\p13\v5\source1\video.avi
226.67184999999998,171.96603333333337,97.53047083333333,0.3013354323304476,0.3763435433273247,0.22984996638810196,68,p13,v5,source1,data-videos\VIPL\VIPL\p11-15\p13\v5\source1\video.avi
227.49252916666669,172.93500833333331,98.0791125,0.4881810960795653,0.5540691063245933,0.4442263807577291,68,p13,v5,source1,data-videos\VIPL\VIPL\p11-15\p13\v5\source1\video.avi
226.68345416666668,172.121475,97.76163749999999,0.6769816062555422,0.6622661620076018,0.30574155003314124,69,p13,v5,source1,data-videos\VIPL\VIPL\p11-15\p13\v5\source1\video.avi
225.65599583333332,171.15405416666664,97.13410416666667,0.40689804624097353,0.4016475227975928,0.4021422636003449,69,p13,v5,source1,data-videos\VIPL\VIPL\p11-15\p13\v5\source1\video.avi
225.32411250000004,170.9824875,96.939725,0.27242674397594124,0.3074623951147872,0.2643911948021122,69,p13,v5,source1,data-videos\VIPL\VIPL\p11-15\p13\v5\source1\video.avi
224.86778749999996,170.40716250000003,96.67309166666668,0.13186721698992127,0.22149192924850064,0.2571576029267961,69,p13,v5,source1,data-videos\VIPL\VIPL\p11-15\p13\v5\source1\video.avi
225.83842083333332,171.14113333333336,96.98186666666666,0.5355271000573498,0.53321941192158,0.4271143930982268,69,p13,v5,source1,data-videos\VIPL\VIPL\p11-15\p13\v5\source1\video.avi
224.69085416666664,170.15282916666666,96.36020416666666,0.5731789854012079,0.4627876195390406,0.29786434342387114,69,p13,v5,source1,data-videos\VIPL\VIPL\p11-15\p13\v5\source1\video.avi
225.18253750000002,170.60656666666665,96.83084583333333,0.8030300218806642,0.7650181282347334,0.44446446231829284,69,p13,v5,source1,data-videos\VIPL\VIPL\p11-15\p13\v5\source1\video.avi
225.64091666666667,170.68383749999998,96.97767916666668,0.3890360404880361,0.5712269785356302,0.3251203670266697,69,p13,v5,source1,data-videos\VIPL\VIPL\p11-15\p13\v5\source1\video.avi
149.5554833333333,142.24667083333333,129.67160833333332,0.6497199188774408,1.0016709643903916,1.41377021552007,75,p13,v6,source1,data-videos\VIPL\VIPL\p11-15\p13\v6\source1\video.avi
149.08149166666666,141.40139166666665,128.56593333333333,0.23675835173876322,0.3823482563474621,0.5109562211826737,75,p13,v6,source1,data-videos\VIPL\VIPL\p11-15\p13\v6\source1\video.avi
149.41809166666667,142.17570833333332,129.60577916666665,0.14341581238850667,0.11527046245196185,0.24802522854148687,75,p13,v6,source1,data-videos\VIPL\VIPL\p11-15\p13\v6\source1\video.avi
149.6905625,142.64123750000002,130.075425,0.2677048556842823,0.36923388604537194,0.511322860469676,75,p13,v6,source1,data-videos\VIPL\VIPL\p11-15\p13\v6\source1\video.avi
149.7214,142.55272499999998,129.8545,0.14259966081267236,0.15663267494718933,0.3030028806129134,75,p13,v6,source1,data-videos\VIPL\VIPL\p11-15\p13\v6\source1\video.avi
149.56967916666667,142.24078749999998,129.73287499999998,0.1103642875762896,0.10636760272621681,0.24800171860403722,75,p13,v6,source1,data-videos\VIPL\VIPL\p11-15\p13\v6\source1\video.avi
149.49987083333332,142.21507499999998,129.83960000000002,0.12426823753924908,0.18469166431665276,0.26264866438415296,75,p13,v6,source1,data-videos\VIPL\VIPL\p11-15\p13\v6\source1\video.avi
149.6905958333333,142.34662083333333,129.97301249999998,0.14745190046719678,0.11046414105189628,0.16937817729697374,75,p13,v6,source1,data-videos\VIPL\VIPL\p11-15\p13\v6\source1\video.avi
149.78876250000002,142.61381666666668,130.41281666666669,0.147721295035426,0.22155216905079317,0.32795619530917175,75,p13,v6,source1,data-videos\VIPL\VIPL\p11-15\p13\v6\source1\video.avi
149.75912499999998,142.54514583333332,130.32009166666666,0.11368505090208988,0.11250436334130968,0.20046290899301958,75,p13,v6,source1,data-videos\VIPL\VIPL\p11-15\p13\v6\source1\video.avi
149.69004166666664,142.40757916666666,130.17802916666668,0.12090527312505743,0.09943632489353724,0.23533583959064344,75,p13,v6,source1,data-videos\VIPL\VIPL\p11-15\p13\v6\source1\video.avi
149.61053333333334,142.27802916666667,129.85128333333333,0.15609887780755607,0.19200711819487218,0.23157921146026034,75,p13,v6,source1,data-videos\VIPL\VIPL\p11-15\p13\v6\source1\video.avi
149.67153333333334,142.34757916666666,129.802425,0.13450981454278227,0.13920782911711682,0.21014379484983284,75,p13,v6,source1,data-videos\VIPL\VIPL\p11-15\p13\v6\source1\video.avi
149.74302916666664,142.35398750000002,129.79238333333333,0.09110536920846514,0.05880962193335652,0.14862939882285975,75,p13,v6,source1,data-videos\VIPL\VIPL\p11-15\p13\v6\source1\video.avi
149.79380833333332,142.34900833333333,129.84329166666666,0.11181824708849625,0.10931182350022349,0.20692736623229513,75,p13,v6,source1,data-videos\VIPL\VIPL\p11-15\p13\v6\source1\video.avi
149.68027916666665,142.1529541666667,129.48347083333337,0.10021397991714259,0.08976605821987277,0.21521695432877927,74,p13,v6,source1,data-videos\VIPL\VIPL\p11-15\p13\v6\source1\video.avi
149.730175,142.26357083333332,129.51050416666666,0.13134986187764844,0.14372001957896435,0.2540547921134987,73,p13,v6,source1,data-videos\VIPL\VIPL\p11-15\p13\v6\source1\video.avi
147.20689166666665,139.79162916666667,127.27265416666667,4.54776702529812,4.205380051596769,3.3919758265525233,73,p13,v6,source1,data-videos\VIPL\VIPL\p11-15\p13\v6\source1\video.avi
148.10313333333332,140.4356625,127.26170416666666,1.2008015414482303,0.9790668397162412,1.1806231022718714,73,p13,v6,source1,data-videos\VIPL\VIPL\p11-15\p13\v6\source1\video.avi
149.13101666666668,141.67521666666667,129.63466250000002,0.11241490717056353,0.09480656897511516,0.35978979236145786,73,p13,v6,source1,data-videos\VIPL\VIPL\p11-15\p13\v6\source1\video.avi
149.23216666666667,141.5608916666667,129.23705416666667,0.10312072381706848,0.06857228976497308,0.1989654045863796,73,p13,v6,source1,data-videos\VIPL\VIPL\p11-15\p13\v6\source1\video.avi
149.3815625,141.65022083333332,129.30725416666667,0.12097420667462902,0.11497183879227957,0.2354956060129123,73,p13,v6,source1,data-videos\VIPL\VIPL\p11-15\p13\v6\source1\video.avi
149.36915833333333,141.48347916666668,129.17283333333336,0.11191253606797968,0.10321554947185863,0.22095068815738633,73,p13,v6,source1,data-videos\VIPL\VIPL\p11-15\p13\v6\source1\video.avi
149.3253791666667,141.60844166666666,129.2278,0.11666024863298995,0.14879035248649541,0.275345678130739,73,p13,v6,source1,data-videos\VIPL\VIPL\p11-15\p13\v6\source1\video.avi
149.5350375,141.97681666666668,129.70603333333332,0.11396259087110738,0.11539320263896757,0.25584705263160223,73,p13,v6,source1,data-videos\VIPL\VIPL\p11-15\p13\v6\source1\video.avi
149.57730416666666,141.88947083333332,129.54654583333334,0.13922112931312594,0.13313092357713094,0.31403839484607504,73,p13,v6,source1,data-videos\VIPL\VIPL\p11-15\p13\v6\source1\video.avi
149.59137500000003,141.7727708333333,129.22455416666665,0.132404449955641,0.10008670286445392,0.19139033186643395,71,p13,v6,source1,data-videos\VIPL\VIPL\p11-15\p13\v6\source1\video.avi
147.21471250000002,110.7668125,68.98584583333333,0.6206235868284268,0.5303038240794908,0.5249541450874001,87,p14,v1,source1,data-videos\VIPL\VIPL\p11-15\p14\v1\source1\video.avi
146.874475,110.66145833333331,69.25570833333335,0.4917179400171626,0.3492716292614435,0.3535512066577708,87,p14,v1,source1,data-videos\VIPL\VIPL\p11-15\p14\v1\source1\video.avi
148.56953333333334,111.63408333333332,69.92869999999999,2.1563969710620423,1.4968757045927348,1.210227337860765,87,p14,v1,source1,data-videos\VIPL\VIPL\p11-15\p14\v1\source1\video.avi
154.66909166666667,115.66299166666667,72.836575,0.6437310558970967,0.3421670301081852,0.3831275436294016,88,p14,v1,source1,data-videos\VIPL\VIPL\p11-15\p14\v1\source1\video.avi
152.20184583333332,113.72569583333333,72.0411125,1.234647198019087,0.889762153046002,0.4719060472861921,88,p14,v1,source1,data-videos\VIPL\VIPL\p11-15\p14\v1\source1\video.avi
147.76246666666665,110.52039999999997,69.7405875,1.5282427052827698,1.0973311704489608,0.9808895520209656,88,p14,v1,source1,data-videos\VIPL\VIPL\p11-15\p14\v1\source1\video.avi
145.38918333333334,109.05261666666665,68.4077,0.3742872563193339,0.32814438741665863,0.3143103408765683,89,p14,v1,source1,data-videos\VIPL\VIPL\p11-15\p14\v1\source1\video.avi
148.64244166666666,111.782075,69.89639166666667,0.7355713695167693,0.5943336458332527,0.450343538698206,89,p14,v1,source1,data-videos\VIPL\VIPL\p11-15\p14\v1\source1\video.avi
149.31584583333333,112.65139583333334,70.27614583333335,0.27366659263346677,0.2897879867367601,0.27134781422506854,88,p14,v1,source1,data-videos\VIPL\VIPL\p11-15\p14\v1\source1\video.avi
149.28514166666668,112.76769166666666,70.41089166666667,0.5441399837766423,0.39612309534621426,0.23558150217422913,88,p14,v1,source1,data-videos\VIPL\VIPL\p11-15\p14\v1\source1\video.avi
148.59362916666666,112.06459583333333,70.38029583333334,0.28040906329464144,0.254602618473049,0.2758409107720532,88,p14,v1,source1,data-videos\VIPL\VIPL\p11-15\p14\v1\source1\video.avi
147.62955416666665,111.07770416666666,70.1530875,0.6835181949642782,0.5886980208830889,0.38724042928062674,90,p14,v1,source1,data-videos\VIPL\VIPL\p11-15\p14\v1\source1\video.avi
147.12009583333332,110.48071250000001,69.92201250000001,0.3107223577586762,0.1938144688441325,0.2346332146493047,90,p14,v1,source1,data-videos\VIPL\VIPL\p11-15\p14\v1\source1\video.avi
148.33699166666668,111.33760833333332,70.25005833333333,1.3154372363110305,0.9466746577017475,0.6703512961966285,91,p14,v1,source1,data-videos\VIPL\VIPL\p11-15\p14\v1\source1\video.avi
153.92032083333334,115.48482083333333,72.72130833333334,0.5859633160386911,0.49143818359851826,0.22307351584673282,95,p14,v1,source1,data-videos\VIPL\VIPL\p11-15\p14\v1\source1\video.avi
155.33978333333332,116.77699999999999,73.1549,0.7823549707631292,0.5892993986506342,0.28481260969080713,95,p14,v1,source1,data-videos\VIPL\VIPL\p11-15\p14\v1\source1\video.avi
155.78703333333334,117.26341666666667,73.75428333333335,0.4245483835386456,0.19353935457894197,0.27845700115647115,96,p14,v1,source1,data-videos\VIPL\VIPL\p11-15\p14\v1\source1\video.avi
153.26615833333332,115.25962500000001,72.54434583333334,1.0962395564876941,0.9745507182443376,0.7435686476612119,97,p14,v1,source1,data-videos\VIPL\VIPL\p11-15\p14\v1\source1\video.avi
150.94955833333333,113.25345833333333,71.340725,0.7822053166280016,0.6460638540208111,0.5237791463648266,98,p14,v1,source1,data-videos\VIPL\VIPL\p11-15\p14\v1\source1\video.avi
150.63486666666668,112.92836666666668,70.97358333333332,0.40985233146965483,0.2704013778420691,0.274877744289267,96,p14,v1,source1,data-videos\VIPL\VIPL\p11-15\p14\v1\source1\video.avi
149.11279583333334,111.89027916666667,69.9053625,0.38478259179878427,0.2577852851292481,0.30553071727960257,95,p14,v1,source1,data-videos\VIPL\VIPL\p11-15\p14\v1\source1\video.avi
149.8506375,112.64970416666667,70.40257083333334,0.7424742421645173,0.5228644393573191,0.4632118383873857,94,p14,v1,source1,data-videos\VIPL\VIPL\p11-15\p14\v1\source1\video.avi
149.99181249999998,112.8584625,70.31122916666665,0.13727118271569852,0.1214896267576883,0.27041466839271955,91,p14,v1,source1,data-videos\VIPL\VIPL\p11-15\p14\v1\source1\video.avi
148.92984166666668,112.10170833333332,69.982125,0.37001212339372636,0.33006850877675464,0.27945194068529655,90,p14,v1,source1,data-videos\VIPL\VIPL\p11-15\p14\v1\source1\video.avi
149.17254166666666,111.94910833333333,69.95739166666667,0.5934632757991213,0.3737854429497106,0.32355701090465616,89,p14,v1,source1,data-videos\VIPL\VIPL\p11-15\p14\v1\source1\video.avi
150.14870416666668,112.42713750000001,70.17600416666667,0.8280270194028182,0.60639206892076,0.4007582774496914,89,p14,v1,source1,data-videos\VIPL\VIPL\p11-15\p14\v1\source1\video.avi
149.83273749999998,112.28298750000002,70.04861666666666,0.24677508793996722,0.1880802935066714,0.26303440232326036,89,p14,v1,source1,data-videos\VIPL\VIPL\p11-15\p14\v1\source1\video.avi
150.34244166666667,112.803625,70.17554166666666,0.26254476318070236,0.15002849555723224,0.1746002105008615,89,p14,v1,source1,data-videos\VIPL\VIPL\p11-15\p14\v1\source1\video.avi
151.24050833333334,113.34582499999999,70.63485833333333,0.30643922629082904,0.28529010107403346,0.31071237296779525,89,p14,v1,source1,data-videos\VIPL\VIPL\p11-15\p14\v1\source1\video.avi
139.71817916666666,109.21567916666667,71.67130416666667,1.5248364145868227,1.1893747427745387,1.1781380835259365,83,p14,v2,source1,data-videos\VIPL\VIPL\p11-15\p14\v2\source1\video.avi
93.45086666666666,75.43176666666668,50.78678333333333,25.92796494200058,18.527250535633694,10.556357334017838,83,p14,v2,source1,data-videos\VIPL\VIPL\p11-15\p14\v2\source1\video.avi
53.68210833333333,47.62849166666667,36.78455833333334,7.797613672717977,4.976117109636735,2.4821915774477956,83,p14,v2,source1,data-videos\VIPL\VIPL\p11-15\p14\v2\source1\video.avi
101.1155875,80.7437875,54.185304166666675,6.4325455275060035,4.656450935064142,2.6341402753805547,83,p14,v2,source1,data-videos\VIPL\VIPL\p11-15\p14\v2\source1\video.avi
85.88129583333334,70.44097916666668,48.53612916666666,9.349550959168589,6.510169544176528,3.607744754330029,83,p14,v2,source1,data-videos\VIPL\VIPL\p11-15\p14\v2\source1\video.avi
92.2041125,75.2903125,51.73744583333333,6.935882768714749,5.009791991464621,3.172049141103648,83,p14,v2,source1,data-videos\VIPL\VIPL\p11-15\p14\v2\source1\video.avi
94.22283750000001,76.38328750000001,52.33055416666668,1.7790034788744018,1.7713738067567464,1.2842911795844159,84,p14,v2,source1,data-videos\VIPL\VIPL\p11-15\p14\v2\source1\video.avi
91.04881666666668,73.33191666666667,50.19761666666666,1.051348987891403,0.7470976858864861,0.47284362258955265,85,p14,v2,source1,data-videos\VIPL\VIPL\p11-15\p14\v2\source1\video.avi
97.29812083333334,82.27770416666667,59.56012083333333,8.08400950702175,10.719092996191746,11.572271235852789,86,p14,v2,source1,data-videos\VIPL\VIPL\p11-15\p14\v2\source1\video.avi
116.56252916666665,114.10839583333335,98.58452500000001,3.5536461491792326,4.651367166381627,5.630494019893417,86,p14,v2,source1,data-videos\VIPL\VIPL\p11-15\p14\v2\source1\video.avi
91.36649583333333,84.0544125,67.6187125,15.957482805089347,17.471594509783746,16.665321765603903,86,p14,v2,source1,data-videos\VIPL\VIPL\p11-15\p14\v2\source1\video.avi
54.09534583333334,47.04522916666668,35.96437916666666,3.5532812234443174,3.5182268156296113,2.8242671307681753,86,p14,v2,source1,data-videos\VIPL\VIPL\p11-15\p14\v2\source1\video.avi
64.31822916666667,55.55657916666667,41.389295833333335,4.5113460837070765,2.2158309351638645,1.4216189895532256,87,p14,v2,source1,data-videos\VIPL\VIPL\p11-15\p14\v2\source1\video.avi
97.39964166666665,77.28404166666667,50.916275000000006,18.92423714891758,14.46624241217386,8.924892015437623,87,p14,v2,source1,data-videos\VIPL\VIPL\p11-15\p14\v2\source1\video.avi
136.22838333333334,107.3632125,71.75179583333333,6.469484493869943,3.949488755777625,2.3932232607435293,87,p14,v2,source1,data-videos\VIPL\VIPL\p11-15\p14\v2\source1\video.avi
88.52718333333334,71.90991666666667,49.28543333333333,29.791103173859153,21.396987361668046,12.11754797856163,87,p14,v2,source1,data-videos\VIPL\VIPL\p11-15\p14\v2\source1\video.avi
70.38424166666667,63.976274999999994,50.322141666666674,17.932772624044905,19.153515706555027,17.76945556661064,87,p14,v2,source1,data-videos\VIPL\VIPL\p11-15\p14\v2\source1\video.avi
103.47235833333332,101.59198333333333,87.7040875,8.129011582424244,9.558807956806339,10.891514774280393,87,p14,v2,source1,data-videos\VIPL\VIPL\p11-15\p14\v2\source1\video.avi
129.095125,108.56523749999998,78.382175,12.31208454784138,7.993011029148111,4.560420650915725,87,p14,v2,source1,data-videos\VIPL\VIPL\p11-15\p14\v2\source1\video.avi
70.757925,63.615275000000004,48.39435416666666,29.813304810254294,21.86034482869403,13.551127990058665,87,p14,v2,source1,data-videos\VIPL\VIPL\p11-15\p14\v2\source1\video.avi
57.996325000000006,56.358491666666666,45.975008333333335,3.7028788378707977,2.4882623947035474,1.6193835415422912,87,p14,v2,source1,data-videos\VIPL\VIPL\p11-15\p14\v2\source1\video.avi
85.64666666666668,74.36828333333332,54.49478333333334,11.830201154462028,8.158126127035427,4.089630878366008,87,p14,v2,source1,data-videos\VIPL\VIPL\p11-15\p14\v2\source1\video.avi
76.49805833333333,66.275375,48.771791666666665,11.484925153598086,8.095876700861714,4.348816001862525,87,p14,v2,source1,data-videos\VIPL\VIPL\p11-15\p14\v2\source1\video.avi
52.676745833333335,51.18851250000001,41.782262499999995,1.4836207625546816,0.6183758966707331,0.6434162750937804,87,p14,v2,source1,data-videos\VIPL\VIPL\p11-15\p14\v2\source1\video.avi
98.2756625,80.31455,55.03103333333333,23.538136092095314,16.43044275524666,9.032380710884267,88,p14,v2,source1,data-videos\VIPL\VIPL\p11-15\p14\v2\source1\video.avi
134.5875583333333,108.70216250000001,76.35368333333332,4.573844969186511,4.2996385552709215,4.102108343719254,88,p14,v2,source1,data-videos\VIPL\VIPL\p11-15\p14\v2\source1\video.avi
118.6667625,95.51717083333335,63.70577916666666,15.99603199499801,12.185856844562904,9.464213534035064,88,p14,v2,source1,data-videos\VIPL\VIPL\p11-15\p14\v2\source1\video.avi
77.26179583333332,64.45352916666667,45.40649583333334,3.907934808914956,2.8856587553857995,2.2130483814830444,88,p14,v2,source1,data-videos\VIPL\VIPL\p11-15\p14\v2\source1\video.avi
82.42805833333334,68.13279166666666,48.487975,2.689263682735068,2.197217644766267,1.460792981140722,88,p14,v2,source1,data-videos\VIPL\VIPL\p11-15\p14\v2\source1\video.avi
66.27508333333333,56.85288333333333,42.387166666666666,6.125284596987901,5.311105964869223,3.913166995639706,88,p14,v2,source1,data-videos\VIPL\VIPL\p11-15\p14\v2\source1\video.avi
161.10749166666668,120.84434166666666,74.37689166666667,0.7959902789834263,0.6244324094394317,0.4650440966994423,90,p14,v3,source1,data-videos\VIPL\VIPL\p11-15\p14\v3\source1\video.avi
163.1926916666667,122.557675,75.71467916666667,1.357554564485554,1.0239450086959438,0.8304273168534303,90,p14,v3,source1,data-videos\VIPL\VIPL\p11-15\p14\v3\source1\video.avi
163.3262375,122.29025416666667,75.82932500000001,1.275244214533588,0.9426268036015388,0.6644710753674679,90,p14,v3,source1,data-videos\VIPL\VIPL\p11-15\p14\v3\source1\video.avi
162.41859166666666,121.71322500000001,75.23346666666667,2.478747593803114,1.9566924937694246,1.4415214969419754,90,p14,v3,source1,data-videos\VIPL\VIPL\p11-15\p14\v3\source1\video.avi
161.42125833333336,121.26755833333333,75.023675,2.131775015554983,1.5446489302679036,1.1389129973600078,90,p14,v3,source1,data-videos\VIPL\VIPL\p11-15\p14\v3\source1\video.avi
161.04385833333333,121.13914166666667,74.91282916666667,0.7800425082345024,0.6065621642480049,0.5953673991746602,90,p14,v3,source1,data-videos\VIPL\VIPL\p11-15\p14\v3\source1\video.avi
163.6605,122.74719999999999,76.5307875,2.3195224080376744,1.6239472178152843,1.3685112393481558,91,p14,v3,source1,data-videos\VIPL\VIPL\p11-15\p14\v3\source1\video.avi
166.84622916666666,124.75292916666666,78.07482916666667,0.6342428721186657,0.4152598712787512,0.3216340318073731,94,p14,v3,source1,data-videos\VIPL\VIPL\p11-15\p14\v3\source1\video.avi
167.82940416666668,124.83952083333334,78.23360833333334,0.5546804874517617,0.6177333981705053,0.4396266199856412,94,p14,v3,source1,data-videos\VIPL\VIPL\p11-15\p14\v3\source1\video.avi
165.34315000000004,122.6851,76.79631666666667,2.9507373283003364,2.2291586204060394,1.825697565715181,96,p14,v3,source1,data-videos\VIPL\VIPL\p11-15\p14\v3\source1\video.avi
170.02318333333332,126.09201666666667,79.38596666666666,2.2863458786089077,1.7869966205258578,1.4403101887050227,98,p14,v3,source1,data-videos\VIPL\VIPL\p11-15\p14\v3\source1\video.avi
168.7458916666667,125.212225,78.90449166666666,0.8877074479186683,0.6415901198119219,0.5281832999708106,98,p14,v3,source1,data-videos\VIPL\VIPL\p11-15\p14\v3\source1\video.avi
165.30068749999998,122.60872083333332,76.41392083333334,1.100555323445974,0.9287488029564598,0.8157377661935497,98,p14,v3,source1,data-videos\VIPL\VIPL\p11-15\p14\v3\source1\video.avi
163.93192916666666,121.87032916666666,75.61716249999999,1.017592267827183,0.8668741126327271,0.7505001331750939,98,p14,v3,source1,data-videos\VIPL\VIPL\p11-15\p14\v3\source1\video.avi
165.58195,123.69010000000002,76.88733333333333,0.47367029298693725,0.4228914508903088,0.34791686876241723,98,p14,v3,source1,data-videos\VIPL\VIPL\p11-15\p14\v3\source1\video.avi
164.51891666666666,123.33583333333333,76.34456666666667,2.7258355325834405,1.9831979829516093,1.3124278864712908,98,p14,v3,source1,data-videos\VIPL\VIPL\p11-15\p14\v3\source1\video.avi
139.67127916666666,105.56239583333334,65.56374583333333,3.806681524129097,2.6916168514804655,1.5851871955264805,98,p14,v3,source1,data-videos\VIPL\VIPL\p11-15\p14\v3\source1\video.avi
153.94341250000002,115.2598125,71.65127083333333,4.461408825147519,3.079995048556402,1.8854111655076267,98,p14,v3,source1,data-videos\VIPL\VIPL\p11-15\p14\v3\source1\video.avi
161.2109,120.28416666666666,74.43488333333333,2.1128400159632412,1.4813464314602443,0.9380622297084318,98,p14,v3,source1,data-videos\VIPL\VIPL\p11-15\p14\v3\source1\video.avi
163.995825,121.98525833333332,75.90470833333333,1.0990040483856567,0.7891388338324881,0.6906838581002737,99,p14,v3,source1,data-videos\VIPL\VIPL\p11-15\p14\v3\source1\video.avi
165.4026041666667,122.8995875,76.86325416666666,1.4470465766998946,1.0521263260522569,0.6593369731530812,99,p14,v3,source1,data-videos\VIPL\VIPL\p11-15\p14\v3\source1\video.avi
160.51992916666666,119.16361249999999,74.69657916666667,2.2246340149842614,1.71142649258269,1.2027456572532975,100,p14,v3,source1,data-videos\VIPL\VIPL\p11-15\p14\v3\source1\video.avi
160.58248333333333,119.39221666666668,74.82010833333332,1.590014380088711,1.3016023750127708,0.7307210102775975,99,p14,v3,source1,data-videos\VIPL\VIPL\p11-15\p14\v3\source1\video.avi
163.1065125,121.35442916666666,75.8770125,1.3903199175709318,0.9832216502255339,0.6375394723074004,97,p14,v3,source1,data-videos\VIPL\VIPL\p11-15\p14\v3\source1\video.avi
164.85789583333332,123.15602916666668,76.3505125,0.7252125556469988,0.41770009896289295,0.46152445060575414,96,p14,v3,source1,data-videos\VIPL\VIPL\p11-15\p14\v3\source1\video.avi
163.45405833333334,122.43050833333332,75.70170833333333,0.4906145712621284,0.33694223112880206,0.38359663624734436,95,p14,v3,source1,data-videos\VIPL\VIPL\p11-15\p14\v3\source1\video.avi
159.6764,119.83615000000002,73.68915,2.166060078766606,1.6274805435664967,1.1582476555843613,93,p14,v3,source1,data-videos\VIPL\VIPL\p11-15\p14\v3\source1\video.avi
160.50470833333333,120.32354166666669,74.25093333333334,1.6569287938163724,1.2746256476576439,1.0439428566337647,93,p14,v3,source1,data-videos\VIPL\VIPL\p11-15\p14\v3\source1\video.avi
163.24412916666665,122.24997916666665,75.72406666666667,1.9544404385519698,1.4645465316618573,1.0934403551691794,92,p14,v3,source1,data-videos\VIPL\VIPL\p11-15\p14\v3\source1\video.avi
206.09423750000002,139.0788875,86.54367083333332,0.7641806334601511,0.6346082225366416,0.49114797258282816,81,p14,v4,source1,data-videos\VIPL\VIPL\p11-15\p14\v4\source1\video.avi
201.26501666666667,135.43980833333333,84.026825,1.415019409245562,1.052887761227688,0.8057425126130204,79,p14,v4,source1,data-videos\VIPL\VIPL\p11-15\p14\v4\source1\video.avi
201.5908333333333,135.7158333333333,83.95133333333334,0.23055598937375463,0.2513760722254613,0.18842771187956023,79,p14,v4,source1,data-videos\VIPL\VIPL\p11-15\p14\v4\source1\video.avi
201.08764166666668,135.44859166666666,83.88834166666666,0.4722167920357705,0.53903776160627,0.526490039046587,80,p14,v4,source1,data-videos\VIPL\VIPL\p11-15\p14\v4\source1\video.avi
200.66556250000002,134.99674583333334,83.29099583333333,0.3438524077254796,0.49902976722475173,0.5939215812609436,81,p14,v4,source1,data-videos\VIPL\VIPL\p11-15\p14\v4\source1\video.avi
200.48522083333333,135.78622916666666,85.33124583333334,0.3920382217229189,0.2536573192129049,0.4250112636170821,83,p14,v4,source1,data-videos\VIPL\VIPL\p11-15\p14\v4\source1\video.avi
199.22609166666666,134.90057916666666,85.17719583333333,0.5843669652745308,0.40284918113737994,0.37486016017643176,84,p14,v4,source1,data-videos\VIPL\VIPL\p11-15\p14\v4\source1\video.avi
197.41847916666666,133.70625416666667,84.15637083333333,0.4460092672726145,0.3986700715347239,0.48664815771738035,84,p14,v4,source1,data-videos\VIPL\VIPL\p11-15\p14\v4\source1\video.avi
196.91235833333332,133.89513750000003,82.89470416666667,0.38059056229905847,0.30941454674289504,0.4937403389350181,84,p14,v4,source1,data-videos\VIPL\VIPL\p11-15\p14\v4\source1\video.avi
196.77695,133.79696666666666,82.28871666666666,0.5095552011858527,0.5138074450176389,0.38994416302565404,84,p14,v4,source1,data-videos\VIPL\VIPL\p11-15\p14\v4\source1\video.avi
196.37128333333334,132.41095833333333,81.42304999999999,5.715154729812172,4.874703918893434,3.4054855094595373,84,p14,v4,source1,data-videos\VIPL\VIPL\p11-15\p14\v4\source1\video.avi
198.93870833333335,133.12885,81.96616666666667,3.372438787692981,2.300352449874985,1.4727468174700131,84,p14,v4,source1,data-videos\VIPL\VIPL\p11-15\p14\v4\source1\video.avi
196.09364583333337,131.23947916666665,81.8148125,0.9155685818795911,0.6307616709901444,0.41726492987236347,85,p14,v4,source1,data-videos\VIPL\VIPL\p11-15\p14\v4\source1\video.avi
193.80729166666663,128.95725,80.44851666666666,1.221418169787116,1.0374395594007977,0.682711594870656,85,p14,v4,source1,data-videos\VIPL\VIPL\p11-15\p14\v4\source1\video.avi
196.137425,130.56028750000002,81.5270875,1.3919239799294967,0.8638438495605612,0.5795700824329977,86,p14,v4,source1,data-videos\VIPL\VIPL\p11-15\p14\v4\source1\video.avi
198.25414583333335,131.98355833333332,82.08352500000001,1.307062974020591,0.8123223847957652,0.5711472286900107,86,p14,v4,source1,data-videos\VIPL\VIPL\p11-15\p14\v4\source1\video.avi
193.61774583333332,129.43690833333335,80.028225,1.083485773681795,0.7557108872243715,0.6133450905236355,87,p14,v4,source1,data-videos\VIPL\VIPL\p11-15\p14\v4\source1\video.avi
194.67265833333332,130.61694166666663,80.49450833333333,1.2521878048900146,1.0121372090435954,0.6710168521749496,87,p14,v4,source1,data-videos\VIPL\VIPL\p11-15\p14\v4\source1\video.avi
197.7623291666667,133.06147916666666,81.80564583333332,1.6381399811939512,1.1767754984637984,0.8492994503846152,86,p14,v4,source1,data-videos\VIPL\VIPL\p11-15\p14\v4\source1\video.avi
194.49981249999996,130.66386666666668,80.4743,0.3895237042155871,0.31293714330472444,0.32501694736796205,86,p14,v4,source1,data-videos\VIPL\VIPL\p11-15\p14\v4\source1\video.avi
195.6917375,131.13446666666667,81.01358333333333,0.34910246491101277,0.44414661493200114,0.2947506891425373,86,p14,v4,source1,data-videos\VIPL\VIPL\p11-15\p14\v4\source1\video.avi
197.2258625,131.68585416666667,81.3501875,0.9026257835553366,0.6472655765313821,0.4670623963862371,86,p14,v4,source1,data-videos\VIPL\VIPL\p11-15\p14\v4\source1\video.avi
195.57651666666663,130.65154166666667,80.555125,1.2769835687242277,0.6837189568669038,0.3968300357293323,87,p14,v4,source1,data-videos\VIPL\VIPL\p11-15\p14\v4\source1\video.avi
193.15824166666664,129.24525833333334,81.18349166666667,0.4906361218838485,0.3744026400944895,0.6055495868940054,87,p14,v4,source1,data-videos\VIPL\VIPL\p11-15\p14\v4\source1\video.avi
193.46305,129.7927125,81.31279583333333,1.0729419614817635,0.8313689845294334,0.5921003418563356,87,p14,v4,source1,data-videos\VIPL\VIPL\p11-15\p14\v4\source1\video.avi
200.65465,134.97526666666667,83.7108,1.0942283588377357,0.9409766960082254,0.5887507229884675,87,p14,v4,source1,data-videos\VIPL\VIPL\p11-15\p14\v4\source1\video.avi
198.62645416666666,133.61469583333334,82.8365625,1.633659103747457,1.2469287296694214,0.7942942130438835,87,p14,v4,source1,data-videos\VIPL\VIPL\p11-15\p14\v4\source1\video.avi
195.62997916666671,130.9736,81.32623333333333,0.26824681738041395,0.30610760306267726,0.25208020259763814,89,p14,v4,source1,data-videos\VIPL\VIPL\p11-15\p14\v4\source1\video.avi
195.76661666666664,131.085525,80.73425833333334,0.1306349448633284,0.17047598417535242,0.5382275392046861,90,p14,v4,source1,data-videos\VIPL\VIPL\p11-15\p14\v4\source1\video.avi
196.23638333333335,131.96392916666665,80.82229583333333,0.7378311706541605,0.7990455181244193,0.523230537840794,90,p14,v4,source1,data-videos\VIPL\VIPL\p11-15\p14\v4\source1\video.avi
209.5003125,134.29288333333335,68.31427916666667,1.2990843209417418,0.914358011689985,0.6634252291349636,89,p14,v5,source1,data-videos\VIPL\VIPL\p11-15\p14\v5\source1\video.avi
208.71720000000002,134.10246666666666,68.06217916666667,0.8142297587930375,0.5862445922813857,0.618521021688698,89,p14,v5,source1,data-videos\VIPL\VIPL\p11-15\p14\v5\source1\video.avi
205.47410833333336,132.18801666666667,66.4829875,1.623875901553388,1.3295531463589767,0.8061128919379796,90,p14,v5,source1,data-videos\VIPL\VIPL\p11-15\p14\v5\source1\video.avi
201.50967916666667,129.2279708333333,64.61634583333334,0.7469280501382545,0.43278911049917174,0.27024809672728894,89,p14,v5,source1,data-videos\VIPL\VIPL\p11-15\p14\v5\source1\video.avi
200.11984166666664,128.54784583333333,64.021875,1.7343777617895932,1.3101212152756236,0.90887593837342,89,p14,v5,source1,data-videos\VIPL\VIPL\p11-15\p14\v5\source1\video.avi
196.23239166666667,128.15472916666667,63.87594166666667,1.1517253857287117,1.4961077806493248,1.275760016018773,89,p14,v5,source1,data-videos\VIPL\VIPL\p11-15\p14\v5\source1\video.avi
192.29755416666663,126.24340416666668,63.30375,1.2880231852721473,0.8733787816776424,0.6921935568458353,90,p14,v5,source1,data-videos\VIPL\VIPL\p11-15\p14\v5\source1\video.avi
199.94631250000003,132.23999583333332,66.9545875,2.8587351284654257,2.1168317298418566,1.2304072889782602,91,p14,v5,source1,data-videos\VIPL\VIPL\p11-15\p14\v5\source1\video.avi
204.6747666666667,135.88602916666667,69.20554999999999,2.2636252569854607,1.78286782970428,0.8793865392119792,91,p14,v5,source1,data-videos\VIPL\VIPL\p11-15\p14\v5\source1\video.avi
207.10413333333335,138.38719166666667,70.27265416666665,3.4922033681245255,2.587858671209226,1.4673597193977723,92,p14,v5,source1,data-videos\VIPL\VIPL\p11-15\p14\v5\source1\video.avi
197.76216250000002,130.5737875,65.01990833333335,6.9477335193427345,5.268454186443378,2.9595172929125813,93,p14,v5,source1,data-videos\VIPL\VIPL\p11-15\p14\v5\source1\video.avi
195.33574166666665,128.8237375,63.611395833333326,1.0493225200794205,0.9203123815412111,0.5041443753680864,92,p14,v5,source1,data-videos\VIPL\VIPL\p11-15\p14\v5\source1\video.avi
201.78786249999996,134.20996666666665,67.62377916666667,0.5503662662390292,0.6413480463813854,0.450927375357964,91,p14,v5,source1,data-videos\VIPL\VIPL\p11-15\p14\v5\source1\video.avi
201.70004583333335,132.32454583333333,67.24300833333332,0.39791651186733257,0.6557635458157405,0.43514915558250494,91,p14,v5,source1,data-videos\VIPL\VIPL\p11-15\p14\v5\source1\video.avi
199.46263333333337,130.0748625,65.91488333333334,1.4808373113926148,1.1769313385346636,0.7493626564639971,91,p14,v5,source1,data-videos\VIPL\VIPL\p11-15\p14\v5\source1\video.avi
200.07779166666668,131.128025,66.367175,1.2739858071444743,1.1219971414785854,0.7100121149690171,91,p14,v5,source1,data-videos\VIPL\VIPL\p11-15\p14\v5\source1\video.avi
202.84569166666665,133.15467916666665,67.73870833333334,3.8508278359938775,2.771210555137009,1.582139604005443,91,p14,v5,source1,data-videos\VIPL\VIPL\p11-15\p14\v5\source1\video.avi
206.52838333333332,135.17125416666667,69.34450833333334,5.440484651415869,3.6807576693368333,2.082611762857318,91,p14,v5,source1,data-videos\VIPL\VIPL\p11-15\p14\v5\source1\video.avi
205.8907458333333,134.08044583333333,68.66163750000001,2.085263755566131,1.2137697498536195,0.6739037693780509,89,p14,v5,source1,data-videos\VIPL\VIPL\p11-15\p14\v5\source1\video.avi
201.8809875,130.78202916666666,67.100075,0.9783409244807689,0.6966406644619176,0.3665184626147764,89,p14,v5,source1,data-videos\VIPL\VIPL\p11-15\p14\v5\source1\video.avi
123.33074166666667,96.56437083333333,69.43115,1.2209142110297682,1.0268781469654904,1.0421042345464875,86,p14,v6,source1,data-videos\VIPL\VIPL\p11-15\p14\v6\source1\video.avi
112.61383333333333,91.88215,70.03806666666667,3.7782390535123773,3.201544611329558,2.9060447953360957,86,p14,v6,source1,data-videos\VIPL\VIPL\p11-15\p14\v6\source1\video.avi
117.1605625,92.46098750000002,66.85105,1.71293079334157,1.4572142778236346,1.9664019498573466,86,p14,v6,source1,data-videos\VIPL\VIPL\p11-15\p14\v6\source1\video.avi
121.54506250000003,97.72650416666667,71.63311249999998,0.29267679397103824,0.4189816037379607,0.6497242646457376,86,p14,v6,source1,data-videos\VIPL\VIPL\p11-15\p14\v6\source1\video.avi
122.91713750000001,98.86967499999999,72.68775,0.3948748099784986,0.2644444424165501,0.3446451602131304,86,p14,v6,source1,data-videos\VIPL\VIPL\p11-15\p14\v6\source1\video.avi
122.61543749999998,98.81434583333333,73.21689583333335,0.8073956271771133,0.5298039818007626,0.4338968221328021,86,p14,v6,source1,data-videos\VIPL\VIPL\p11-15\p14\v6\source1\video.avi
126.37095833333333,101.58924999999999,75.79237083333334,0.5720433525723565,0.40865650795387704,0.4587997354965097,86,p14,v6,source1,data-videos\VIPL\VIPL\p11-15\p14\v6\source1\video.avi
125.62417916666668,100.31761666666665,73.99530416666667,0.5687373482414558,0.9676894469452322,1.2825303243653416,86,p14,v6,source1,data-videos\VIPL\VIPL\p11-15\p14\v6\source1\video.avi
124.56818750000001,99.48745,72.531,0.36279619005832137,0.15644694010892155,0.43451391463782657,86,p14,v6,source1,data-videos\VIPL\VIPL\p11-15\p14\v6\source1\video.avi
124.70059166666668,99.49725416666668,72.45277083333333,0.5809882166762661,0.7024808412769085,1.1497850531307046,86,p14,v6,source1,data-videos\VIPL\VIPL\p11-15\p14\v6\source1\video.avi
127.28219583333333,104.20205416666667,79.24337083333334,0.7066229508883952,1.3241691513638334,1.9856974868908004,86,p14,v6,source1,data-videos\VIPL\VIPL\p11-15\p14\v6\source1\video.avi
129.5289791666667,107.42155833333332,83.76254583333333,1.0814822984245094,1.453511561331251,1.724602951255495,86,p14,v6,source1,data-videos\VIPL\VIPL\p11-15\p14\v6\source1\video.avi
130.21957916666668,108.18632916666665,84.20190833333334,1.129186087425238,1.8883466511464018,2.516788975490948,86,p14,v6,source1,data-videos\VIPL\VIPL\p11-15\p14\v6\source1\video.avi
123.30404166666668,96.20351666666666,68.09725416666666,2.6904713493358785,4.404431414728648,5.717520380395952,86,p14,v6,source1,data-videos\VIPL\VIPL\p11-15\p14\v6\source1\video.avi
117.04862083333332,90.13246666666666,61.950775,1.4431095101906792,0.6011089243997766,1.1666448387392563,85,p14,v6,source1,data-videos\VIPL\VIPL\p11-15\p14\v6\source1\video.avi
118.6187125,95.19764166666666,69.63330416666668,1.1369700818006268,1.4756771491444003,2.107484073750288,85,p14,v6,source1,data-videos\VIPL\VIPL\p11-15\p14\v6\source1\video.avi
120.41991250000001,95.96669166666665,70.186775,1.1970059054754296,0.750231809824284,0.9352784254197015,85,p14,v6,source1,data-videos\VIPL\VIPL\p11-15\p14\v6\source1\video.avi
120.92400416666665,95.02151666666664,67.9285,0.8018830064119206,0.8656775866898853,1.5720011908149472,86,p14,v6,source1,data-videos\VIPL\VIPL\p11-15\p14\v6\source1\video.avi
121.80345833333332,96.34775416666666,68.41434166666666,0.44015737400262694,1.1070627405561877,1.7958840723497285,85,p14,v6,source1,data-videos\VIPL\VIPL\p11-15\p14\v6\source1\video.avi
123.711125,98.27419999999998,70.699525,0.921937275674315,1.4144923736465207,2.0791190851435926,85,p14,v6,source1,data-videos\VIPL\VIPL\p11-15\p14\v6\source1\video.avi
128.33577083333333,104.03386666666667,78.23864166666667,2.5540527049413164,2.1831607154488557,2.327132601403256,85,p14,v6,source1,data-videos\VIPL\VIPL\p11-15\p14\v6\source1\video.avi
126.17787916666666,99.90037916666667,72.90952499999999,2.306444891998591,3.1813625756221895,4.013770831990302,85,p14,v6,source1,data-videos\VIPL\VIPL\p11-15\p14\v6\source1\video.avi
122.38041666666666,94.32751250000001,66.06816250000001,0.5491772768638664,0.9272541005271663,1.6870245945257347,85,p14,v6,source1,data-videos\VIPL\VIPL\p11-15\p14\v6\source1\video.avi
122.781725,94.88393333333333,67.6561125,0.14987323370287148,0.211375955382556,0.26272811140194546,86,p14,v6,source1,data-videos\VIPL\VIPL\p11-15\p14\v6\source1\video.avi
122.64813750000002,94.64958333333334,67.42635833333333,0.1810383470159787,0.35415235755407687,0.5582919663469106,86,p14,v6,source1,data-videos\VIPL\VIPL\p11-15\p14\v6\source1\video.avi
123.10710833333333,94.33099583333335,66.96280833333333,0.6015405665409812,0.8533884005669534,1.2501546721944936,86,p14,v6,source1,data-videos\VIPL\VIPL\p11-15\p14\v6\source1\video.avi
122.75175833333333,94.38230833333336,67.17055833333333,0.5019146469050072,0.8217359507849832,1.1175905133148683,88,p14,v6,source1,data-videos\VIPL\VIPL\p11-15\p14\v6\source1\video.avi
121.89445416666666,93.93177083333335,66.20626666666668,0.42359078076441986,0.6322017062582425,0.9790016574970373,90,p14,v6,source1,data-videos\VIPL\VIPL\p11-15\p14\v6\source1\video.avi
121.624475,94.02539583333332,66.19389583333333,0.5956376364813213,0.5977834179340747,0.9686983942347879,90,p14,v6,source1,data-videos\VIPL\VIPL\p11-15\p14\v6\source1\video.avi
121.62525833333333,94.80369583333334,66.7904125,0.3735328465216362,0.7979290942896408,1.1185583741379643,91,p14,v6,source1,data-videos\VIPL\VIPL\p11-15\p14\v6\source1\video.avi
163.8979375,123.92943749999999,78.3192375,0.6509700393931372,0.5370003451206726,0.6507209341430049,99,p14,v7,source1,data-videos\VIPL\VIPL\p11-15\p14\v7\source1\video.avi
161.50004166666665,121.94365833333333,76.71105833333333,1.0142344198129611,0.8862390496110837,0.6699525530463591,100,p14,v7,source1,data-videos\VIPL\VIPL\p11-15\p14\v7\source1\video.avi
159.73624583333333,120.73989583333334,75.61317916666665,0.7250867234290332,0.6467233484340277,0.5559044027216168,100,p14,v7,source1,data-videos\VIPL\VIPL\p11-15\p14\v7\source1\video.avi
160.6773125,121.40229583333331,77.55562916666666,0.6835073292198316,0.5422473061635862,0.7710285712658994,98,p14,v7,source1,data-videos\VIPL\VIPL\p11-15\p14\v7\source1\video.avi
155.51982916666668,118.05097916666668,77.75777083333334,4.069024492669517,2.9459072668704294,1.5950268066364541,97,p14,v7,source1,data-videos\VIPL\VIPL\p11-15\p14\v7\source1\video.avi
159.20402916666666,121.67134583333335,80.79049583333332,3.1373104536480665,2.655787311977059,1.8200128660831851,98,p14,v7,source1,data-videos\VIPL\VIPL\p11-15\p14\v7\source1\video.avi
161.0031625,123.30962916666667,82.3417125,0.33607461850218495,0.2874450839459978,0.2969134669230711,98,p14,v7,source1,data-videos\VIPL\VIPL\p11-15\p14\v7\source1\video.avi
160.02593333333334,122.90386666666667,81.78276666666666,0.8155884950749477,0.6434078185237565,0.8194010097787209,98,p14,v7,source1,data-videos\VIPL\VIPL\p11-15\p14\v7\source1\video.avi
158.54474583333334,121.62167916666667,78.87186249999999,1.1867090878858382,0.8479398785315886,0.7291759042986267,98,p14,v7,source1,data-videos\VIPL\VIPL\p11-15\p14\v7\source1\video.avi
162.05177916666668,123.53067916666667,78.41297916666666,0.455345329232843,0.2571859062661574,0.40756313310366754,98,p14,v7,source1,data-videos\VIPL\VIPL\p11-15\p14\v7\source1\video.avi
162.3044875,123.44348750000003,77.91261250000001,0.9575419272623403,0.8790448612896402,0.7027320352016202,97,p14,v7,source1,data-videos\VIPL\VIPL\p11-15\p14\v7\source1\video.avi
161.04688750000003,122.07358749999999,77.0429375,0.7132231243476137,0.4102401535398365,0.4493337998807553,96,p14,v7,source1,data-videos\VIPL\VIPL\p11-15\p14\v7\source1\video.avi
161.40254583333333,122.32631249999999,77.63607916666666,0.4049565199568421,0.2764869647319127,0.2733272974435186,95,p14,v7,source1,data-videos\VIPL\VIPL\p11-15\p14\v7\source1\video.avi
163.26095833333335,123.00172500000001,78.02185833333334,1.1807056913928684,0.8597993028697327,0.7106729649355452,95,p14,v7,source1,data-videos\VIPL\VIPL\p11-15\p14\v7\source1\video.avi
163.26626666666667,122.69336666666666,77.75515,0.4372558650978854,0.3189569912338398,0.3604936997157115,96,p14,v7,source1,data-videos\VIPL\VIPL\p11-15\p14\v7\source1\video.avi
164.0462,123.43571666666666,78.26668333333333,0.700351117991697,0.4577886008361908,0.43541791435227917,97,p14,v7,source1,data-videos\VIPL\VIPL\p11-15\p14\v7\source1\video.avi
163.53702916666668,123.55731250000001,78.17369583333333,0.4446196721715619,0.33725064734103083,0.4181238479057384,98,p14,v7,source1,data-videos\VIPL\VIPL\p11-15\p14\v7\source1\video.avi
163.6368875,124.00157083333333,77.92675416666667,0.8258799486086897,0.6411647414081654,0.6814264970653682,98,p14,v7,source1,data-videos\VIPL\VIPL\p11-15\p14\v7\source1\video.avi
161.98370833333334,122.95539166666667,76.77403333333334,1.1201327317802803,0.964770047299699,0.8295023381061756,98,p14,v7,source1,data-videos\VIPL\VIPL\p11-15\p14\v7\source1\video.avi
163.30037500000003,124.18885833333331,77.96734166666666,0.6735282592231926,0.6082690123529949,0.46709854468986456,98,p14,v7,source1,data-videos\VIPL\VIPL\p11-15\p14\v7\source1\video.avi
162.10082083333336,122.78100416666666,77.29177083333333,0.21588725862704664,0.18306580357210367,0.2253878042982561,97,p14,v7,source1,data-videos\VIPL\VIPL\p11-15\p14\v7\source1\video.avi
162.03061666666667,122.12258333333334,77.33138333333333,1.4580493440509856,1.0411568181428177,1.080382792292596,96,p14,v7,source1,data-videos\VIPL\VIPL\p11-15\p14\v7\source1\video.avi
163.15884583333332,122.66862916666668,77.92692916666665,0.7680821601831868,0.6363057698216581,0.5638783783982153,95,p14,v7,source1,data-videos\VIPL\VIPL\p11-15\p14\v7\source1\video.avi
162.82334166666666,122.05470833333332,77.47434166666667,0.4981331580608968,0.3144839674746737,0.3218027261360777,93,p14,v7,source1,data-videos\VIPL\VIPL\p11-15\p14\v7\source1\video.avi
162.2365125,121.61407916666667,76.84207916666668,0.5658927129802669,0.3983821869884759,0.6525795446139965,93,p14,v7,source1,data-videos\VIPL\VIPL\p11-15\p14\v7\source1\video.avi
159.61536666666666,119.87750000000001,74.95968333333333,1.1180587358943714,0.7575954623336983,0.7175754627128089,92,p14,v7,source1,data-videos\VIPL\VIPL\p11-15\p14\v7\source1\video.avi
158.54886249999998,119.45524583333334,74.804075,0.29201404153120414,0.33384191394572477,0.44468921372746884,92,p14,v7,source1,data-videos\VIPL\VIPL\p11-15\p14\v7\source1\video.avi
158.69441666666668,119.95268333333334,75.36183750000001,0.238797622868196,0.21508566663786632,0.23272463737274876,90,p14,v7,source1,data-videos\VIPL\VIPL\p11-15\p14\v7\source1\video.avi
159.53653333333332,120.80645,75.56995416666666,1.438781533381146,1.0979634845014699,0.6250890228821631,90,p14,v7,source1,data-videos\VIPL\VIPL\p11-15\p14\v7\source1\video.avi
161.836725,122.56759166666669,76.88232916666666,0.5917990880862548,0.5133949801660707,0.40141468570025446,89,p14,v7,source1,data-videos\VIPL\VIPL\p11-15\p14\v7\source1\video.avi
160.62685000000002,121.40165,75.91188333333334,0.37446929145533114,0.2477658271517014,0.29555231506029356,90,p14,v7,source1,data-videos\VIPL\VIPL\p11-15\p14\v7\source1\video.avi
54.426191666666675,40.67904166666667,32.65444166666667,0.28112515451307435,0.2487433485989569,0.1703999352014745,68,p15,v1,source1,data-videos\VIPL\VIPL\p11-15\p15\v1\source1\video.avi
53.808225,40.17090833333334,31.977658333333334,0.4468154121887966,0.23151770075717512,0.29256390434399104,67,p15,v1,source1,data-videos\VIPL\VIPL\p11-15\p15\v1\source1\video.avi
53.064449999999994,39.71655,31.664366666666673,0.1665546694532063,0.15626953300129973,0.21374770531581758,66,p15,v1,source1,data-videos\VIPL\VIPL\p11-15\p15\v1\source1\video.avi
53.4217,40.065333333333335,31.95531666666666,0.16779221949664685,0.1873946949659695,0.22181044342523623,66,p15,v1,source1,data-videos\VIPL\VIPL\p11-15\p15\v1\source1\video.avi
52.929087499999994,39.88387083333333,31.714120833333332,0.8580785489977014,0.5708465142030543,0.4449883562771303,66,p15,v1,source1,data-videos\VIPL\VIPL\p11-15\p15\v1\source1\video.avi
51.99512916666666,39.343295833333336,31.270495833333328,0.4779582818266328,0.273295041271029,0.36419774047441106,65,p15,v1,source1,data-videos\VIPL\VIPL\p11-15\p15\v1\source1\video.avi
52.690641666666664,39.95084166666667,31.882408333333334,0.14308654165496437,0.12477101220279953,0.23074895103288748,65,p15,v1,source1,data-videos\VIPL\VIPL\p11-15\p15\v1\source1\video.avi
52.69074583333334,40.11909583333333,32.308362499999994,0.23124607481653747,0.20689035214939333,0.35882410737675136,64,p15,v1,source1,data-videos\VIPL\VIPL\p11-15\p15\v1\source1\video.avi
52.9956125,40.41267916666666,32.849962500000004,0.22250877854093287,0.12381817538453502,0.23621363417936397,63,p15,v1,source1,data-videos\VIPL\VIPL\p11-15\p15\v1\source1\video.avi
52.59673333333334,40.0603,32.607200000000006,0.1766965159532021,0.13522952556055695,0.2291793790413481,62,p15,v1,source1,data-videos\VIPL\VIPL\p11-15\p15\v1\source1\video.avi
52.419087499999996,39.8073875,32.323637500000004,0.25184043442172255,0.22955719928387283,0.37807496790209055,62,p15,v1,source1,data-videos\VIPL\VIPL\p11-15\p15\v1\source1\video.avi
51.82650833333333,39.255741666666665,31.85735833333333,0.23184824853171096,0.17074079383836613,0.22267726412531055,62,p15,v1,source1,data-videos\VIPL\VIPL\p11-15\p15\v1\source1\video.avi
52.40579166666667,39.72485833333333,32.433225,0.3816757481634262,0.19343962792762537,0.3706178710200634,62,p15,v1,source1,data-videos\VIPL\VIPL\p11-15\p15\v1\source1\video.avi
52.94162916666667,40.1461125,32.85547916666667,0.26794309401801103,0.17050411804655408,0.36663370945634843,62,p15,v1,source1,data-videos\VIPL\VIPL\p11-15\p15\v1\source1\video.avi
52.88888333333334,40.07421666666667,32.810700000000004,0.3617530816980773,0.24722089011033174,0.2625849011510376,62,p15,v1,source1,data-videos\VIPL\VIPL\p11-15\p15\v1\source1\video.avi
53.22371666666667,40.0901,32.54826666666667,0.13222195577996018,0.07631591800062344,0.2011564307151406,61,p15,v1,source1,data-videos\VIPL\VIPL\p11-15\p15\v1\source1\video.avi
53.02440416666667,39.95965416666667,32.48032083333334,0.13798450471580806,0.12215711905620215,0.2036684821591204,61,p15,v1,source1,data-videos\VIPL\VIPL\p11-15\p15\v1\source1\video.avi
53.12719583333333,40.118612500000005,32.63677916666666,0.16391047035399164,0.1363400719096679,0.22253423566199068,61,p15,v1,source1,data-videos\VIPL\VIPL\p11-15\p15\v1\source1\video.avi
53.137483333333336,40.26036666666666,32.92965,0.1645246801605901,0.1736688162654872,0.3228369496764408,61,p15,v1,source1,data-videos\VIPL\VIPL\p11-15\p15\v1\source1\video.avi
53.21456666666667,40.22429999999999,32.863,0.18631323190247262,0.15161447854399188,0.20454950288852902,61,p15,v1,source1,data-videos\VIPL\VIPL\p11-15\p15\v1\source1\video.avi
53.23798333333333,40.44703333333334,33.089,0.5102313463572742,0.39061984787713405,0.3659495164788601,61,p15,v1,source1,data-videos\VIPL\VIPL\p11-15\p15\v1\source1\video.avi
53.17778333333334,40.40218333333333,33.275816666666664,0.3105128004384211,0.23465445650644104,0.28764853300802096,61,p15,v1,source1,data-videos\VIPL\VIPL\p11-15\p15\v1\source1\video.avi
53.300825,40.53794166666667,33.46934166666667,0.14837539466857516,0.1301205380012012,0.15796654258541265,61,p15,v1,source1,data-videos\VIPL\VIPL\p11-15\p15\v1\source1\video.avi
53.223375000000004,40.21620833333334,32.78449166666667,0.2803881687475619,0.21359392653207326,0.42732442516228547,61,p15,v1,source1,data-videos\VIPL\VIPL\p11-15\p15\v1\source1\video.avi
52.95554166666667,40.176425,32.82875833333333,0.22359753107487057,0.13495362089127794,0.28289586926503846,61,p15,v1,source1,data-videos\VIPL\VIPL\p11-15\p15\v1\source1\video.avi
53.13571666666667,40.34225000000001,33.07105,0.15210815528030663,0.09298346813935439,0.18322506253694315,61,p15,v1,source1,data-videos\VIPL\VIPL\p11-15\p15\v1\source1\video.avi
52.76374583333334,40.10652916666667,32.77384583333333,0.22587779098072672,0.13591288800183754,0.23793964410352317,61,p15,v1,source1,data-videos\VIPL\VIPL\p11-15\p15\v1\source1\video.avi
53.0010375,40.1705375,32.847520833333334,0.29945141752600535,0.17409245248972946,0.3236482599683729,61,p15,v1,source1,data-videos\VIPL\VIPL\p11-15\p15\v1\source1\video.avi
52.492712499999996,39.563229166666666,32.5658125,0.4574178237900592,0.33093268737975823,0.33071684950817226,61,p15,v1,source1,data-videos\VIPL\VIPL\p11-15\p15\v1\source1\video.avi
51.497058333333335,38.923875,32.152408333333334,0.6419577263849057,0.4163329861804663,0.39495876116479967,61,p15,v1,source1,data-videos\VIPL\VIPL\p11-15\p15\v1\source1\video.avi
50.48044583333334,38.10962916666667,31.56652916666667,0.18806897126157976,0.16349502806320715,0.18230284184793522,62,p15,v1,source1,data-videos\VIPL\VIPL\p11-15\p15\v1\source1\video.avi
50.72567500000001,38.297925,31.631558333333338,0.1819224430293803,0.17827897808709134,0.3132609297995665,62,p15,v1,source1,data-videos\VIPL\VIPL\p11-15\p15\v1\source1\video.avi
50.108295833333344,44.02652916666667,37.18519583333333,12.904503426105748,8.770859895680285,5.058355681094236,63,p15,v2,source1,data-videos\VIPL\VIPL\p11-15\p15\v2\source1\video.avi
51.082075,44.595124999999996,37.52319166666667,11.854377103174627,8.189925142690985,4.677688776503454,63,p15,v2,source1,data-videos\VIPL\VIPL\p11-15\p15\v2\source1\video.avi
36.96700833333333,37.035375,34.50929166666667,1.0738579550245206,1.2063433261249101,1.0152548556273937,63,p15,v2,source1,data-videos\VIPL\VIPL\p11-15\p15\v2\source1\video.avi
37.5843,36.37378333333333,33.38483333333333,2.6375485893562756,1.2993028692100625,0.9081427853462188,63,p15,v2,source1,data-videos\VIPL\VIPL\p11-15\p15\v2\source1\video.avi
67.08676249999999,55.65852916666667,43.98202916666667,8.278511042963718,6.127440521743153,3.906730055070921,64,p15,v2,source1,data-videos\VIPL\VIPL\p11-15\p15\v2\source1\video.avi
38.62501666666667,36.84505,33.19498333333333,5.755669880789894,3.281537487421736,1.6503719379510748,64,p15,v2,source1,data-videos\VIPL\VIPL\p11-15\p15\v2\source1\video.avi
35.152279166666666,35.2841625,32.624412500000005,1.8432219378731753,1.891939211616322,1.6247638321653086,65,p15,v2,source1,data-videos\VIPL\VIPL\p11-15\p15\v2\source1\video.avi
32.803216666666664,32.243399999999994,29.980866666666667,1.7708770051771747,1.587626650098873,1.3425378724613526,65,p15,v2,source1,data-videos\VIPL\VIPL\p11-15\p15\v2\source1\video.avi
33.5020625,33.361445833333335,31.679929166666668,1.5005030481706616,0.90708343205481,0.46813296492259754,65,p15,v2,source1,data-videos\VIPL\VIPL\p11-15\p15\v2\source1\video.avi
34.80286666666667,33.230133333333335,30.1848,2.5679150278741587,2.22890671586337,2.765534179757994,65,p15,v2,source1,data-videos\VIPL\VIPL\p11-15\p15\v2\source1\video.avi
29.104729166666665,28.578895833333334,25.40987916666667,5.47712466139156,4.48539336549529,3.2544252789737875,65,p15,v2,source1,data-videos\VIPL\VIPL\p11-15\p15\v2\source1\video.avi
72.95526249999999,73.05759166666665,65.74999583333334,31.651705282551635,33.50993068577406,32.45025951826118,65,p15,v2,source1,data-videos\VIPL\VIPL\p11-15\p15\v2\source1\video.avi
93.24127499999999,95.23345416666668,89.50682916666669,34.65237528924785,36.314867962506355,34.69776789084335,65,p15,v2,source1,data-videos\VIPL\VIPL\p11-15\p15\v2\source1\video.avi
33.13543333333334,30.71456666666667,27.01935,1.9856935662277635,1.6127895900814213,1.7529662924003035,65,p15,v2,source1,data-videos\VIPL\VIPL\p11-15\p15\v2\source1\video.avi
37.54345416666666,34.45595416666667,31.473504166666668,0.4448985963193682,0.49407749044304805,1.08754189569682,65,p15,v2,source1,data-videos\VIPL\VIPL\p11-15\p15\v2\source1\video.avi
47.0513625,45.5133625,42.1869625,7.594608069771441,8.334330484430964,7.858553220604692,65,p15,v2,source1,data-videos\VIPL\VIPL\p11-15\p15\v2\source1\video.avi
35.899433333333334,33.658433333333335,30.732266666666664,2.4856513761906225,2.381231927330076,3.0145076780531954,65,p15,v2,source1,data-videos\VIPL\VIPL\p11-15\p15\v2\source1\video.avi
60.485575,49.88314166666666,38.871475000000004,22.501809100169837,15.696398294011148,9.665627327283552,65,p15,v2,source1,data-videos\VIPL\VIPL\p11-15\p15\v2\source1\video.avi
85.15082499999998,68.19387499999999,50.3798375,8.710591010319707,7.914302191911541,6.556373169592952,65,p15,v2,source1,data-videos\VIPL\VIPL\p11-15\p15\v2\source1\video.avi
42.243175,37.415225,31.928424999999997,10.670780706060839,6.167198520186929,2.5350830705830814,65,p15,v2,source1,data-videos\VIPL\VIPL\p11-15\p15\v2\source1\video.avi
36.1674625,34.44444583333333,31.160912500000006,2.3254640605948,1.0258828767653156,1.08591689300192,65,p15,v2,source1,data-videos\VIPL\VIPL\p11-15\p15\v2\source1\video.avi
38.1908875,33.55272083333334,28.98347083333333,2.3688194701994147,1.9237974520625865,1.5342421004110176,65,p15,v2,source1,data-videos\VIPL\VIPL\p11-15\p15\v2\source1\video.avi
37.8681625,33.1445625,28.667862500000002,2.6400957255372393,1.925146455467739,1.4894667813143363,65,p15,v2,source1,data-videos\VIPL\VIPL\p11-15\p15\v2\source1\video.avi
58.27652083333334,48.3069875,38.43687083333333,5.317050948511072,4.076656812867111,2.6147441254475554,65,p15,v2,source1,data-videos\VIPL\VIPL\p11-15\p15\v2\source1\video.avi
45.558308333333336,38.759458333333335,32.241775,7.878568447967281,5.873142359385741,3.736715300902652,65,p15,v2,source1,data-videos\VIPL\VIPL\p11-15\p15\v2\source1\video.avi
36.33904166666667,31.322125000000007,26.369791666666664,5.343071088614311,4.2256458942933595,2.8902631100794456,65,p15,v2,source1,data-videos\VIPL\VIPL\p11-15\p15\v2\source1\video.avi
62.93067083333333,59.67662083333334,51.78726666666667,13.73324570575553,16.92004268519496,18.259107938490434,65,p15,v2,source1,data-videos\VIPL\VIPL\p11-15\p15\v2\source1\video.avi
52.10649166666667,45.684908333333325,36.13069166666667,8.365192514591671,8.089701497887951,8.017796099671205,65,p15,v2,source1,data-videos\VIPL\VIPL\p11-15\p15\v2\source1\video.avi
61.9220125,60.486462499999995,53.79501666666666,23.56771048481979,22.651739482304695,20.533343836972254,65,p15,v2,source1,data-videos\VIPL\VIPL\p11-15\p15\v2\source1\video.avi
52.163175,38.876358333333336,29.712675,0.21039566339069707,0.23411124321866464,0.2907067354000324,62,p15,v3,source1,data-videos\VIPL\VIPL\p11-15\p15\v3\source1\video.avi
52.02593333333334,38.62286666666667,29.518916666666666,0.15919622456787966,0.17510194728912742,0.3028064964718485,62,p15,v3,source1,data-videos\VIPL\VIPL\p11-15\p15\v3\source1\video.avi
53.60187499999999,39.605675,30.355091666666663,1.1094304864840692,0.6720101441084957,0.5265043998774159,62,p15,v3,source1,data-videos\VIPL\VIPL\p11-15\p15\v3\source1\video.avi
54.75037916666666,40.3287125,30.764779166666667,0.14951465716889908,0.09956229240753983,0.296293782395296,62,p15,v3,source1,data-videos\VIPL\VIPL\p11-15\p15\v3\source1\video.avi
54.7728125,40.402629166666664,30.862079166666668,0.32689483820191323,0.27940330809850594,0.2909108353635946,62,p15,v3,source1,data-videos\VIPL\VIPL\p11-15\p15\v3\source1\video.avi
55.17953333333334,40.7001,30.937604166666667,0.4122395759580962,0.3959493585218814,0.3107227196504057,61,p15,v3,source1,data-videos\VIPL\VIPL\p11-15\p15\v3\source1\video.avi
56.47128333333333,41.528616666666665,31.79093333333333,0.688132431158785,0.5716967652729993,0.43244623690408046,61,p15,v3,source1,data-videos\VIPL\VIPL\p11-15\p15\v3\source1\video.avi
55.713112499999994,41.4084625,31.480879166666664,0.4659799842953442,0.3695842860754346,0.32445876953012076,61,p15,v3,source1,data-videos\VIPL\VIPL\p11-15\p15\v3\source1\video.avi
59.372058333333335,44.21042500000001,33.19692499999999,2.1017077586684647,1.538071948699085,1.0782833253795903,60,p15,v3,source1,data-videos\VIPL\VIPL\p11-15\p15\v3\source1\video.avi
59.09700000000001,44.225249999999996,32.9974,1.2844371244099497,0.9121678357573667,0.6346394218209005,60,p15,v3,source1,data-videos\VIPL\VIPL\p11-15\p15\v3\source1\video.avi
57.456375,43.20252500000001,32.35496666666668,0.36270800066996034,0.2602851355831823,0.2937232120173303,60,p15,v3,source1,data-videos\VIPL\VIPL\p11-15\p15\v3\source1\video.avi
55.7016,41.8565,31.650699999999997,0.5118579946300204,0.33810766283340277,0.300520259993676,60,p15,v3,source1,data-videos\VIPL\VIPL\p11-15\p15\v3\source1\video.avi
55.0429125,41.125795833333335,31.495995833333332,0.5304845829784101,0.3830330876699822,0.2776634998819012,60,p15,v3,source1,data-videos\VIPL\VIPL\p11-15\p15\v3\source1\video.avi
56.012395833333336,41.42164583333333,31.710362500000002,0.6696417457927278,0.5062549399621806,0.41868897059419036,60,p15,v3,source1,data-videos\VIPL\VIPL\p11-15\p15\v3\source1\video.avi
55.400675,40.98822499999999,31.408091666666667,0.5048144229978652,0.3855523820514612,0.2857192537167285,60,p15,v3,source1,data-videos\VIPL\VIPL\p11-15\p15\v3\source1\video.avi
54.662929166666665,40.42637916666666,30.974879166666668,0.4752184816613302,0.4012427896981111,0.34096114743838474,59,p15,v3,source1,data-videos\VIPL\VIPL\p11-15\p15\v3\source1\video.avi
54.31263333333333,40.14255,31.06361666666667,0.5876242211462848,0.3820514039730492,0.3313376974058672,59,p15,v3,source1,data-videos\VIPL\VIPL\p11-15\p15\v3\source1\video.avi
53.533341666666665,39.96309166666667,30.726358333333337,0.6587412666245881,0.40623996325208517,0.3403581848480444,58,p15,v3,source1,data-videos\VIPL\VIPL\p11-15\p15\v3\source1\video.avi
55.20279166666667,41.129574999999996,31.294316666666663,0.3632241880215151,0.26759957894731046,0.25829912421346823,58,p15,v3,source1,data-videos\VIPL\VIPL\p11-15\p15\v3\source1\video.avi
53.28640833333333,39.88270833333333,30.729458333333334,0.9020823143373755,0.6450780428937345,0.4849588694257716,58,p15,v3,source1,data-videos\VIPL\VIPL\p11-15\p15\v3\source1\video.avi
54.30527916666667,40.73922916666666,31.124233333333333,0.671304334341404,0.41442205824631323,0.38279859541641204,58,p15,v3,source1,data-videos\VIPL\VIPL\p11-15\p15\v3\source1\video.avi
55.20555833333333,41.30580833333333,31.447991666666663,0.5764204306898452,0.3665972392603817,0.3266424304359607,58,p15,v3,source1,data-videos\VIPL\VIPL\p11-15\p15\v3\source1\video.avi
54.334741666666666,40.51609166666666,30.923008333333332,0.6148163993952,0.37902980602343933,0.3376043091380961,58,p15,v3,source1,data-videos\VIPL\VIPL\p11-15\p15\v3\source1\video.avi
56.259441666666675,42.103008333333335,31.913208333333337,3.6891709587308443,2.490331395164719,1.6209446285161249,58,p15,v3,source1,data-videos\VIPL\VIPL\p11-15\p15\v3\source1\video.avi
49.7012,37.402,28.88135,0.9259237814542305,0.6494476666378812,0.40054791193681777,58,p15,v3,source1,data-videos\VIPL\VIPL\p11-15\p15\v3\source1\video.avi
53.57175,39.940583333333336,30.53056666666667,1.230570188102744,0.8359043620119205,0.6330688373685932,58,p15,v3,source1,data-videos\VIPL\VIPL\p11-15\p15\v3\source1\video.avi
54.978320833333335,40.717287500000005,31.224604166666662,0.32915272032692,0.17455151728787696,0.21010808023953867,58,p15,v3,source1,data-videos\VIPL\VIPL\p11-15\p15\v3\source1\video.avi
54.764870833333326,40.58352083333333,30.918737500000002,0.9781506671641186,0.6233136701722588,0.5613696028526525,58,p15,v3,source1,data-videos\VIPL\VIPL\p11-15\p15\v3\source1\video.avi
55.199470833333336,40.8869375,31.199437500000002,1.051345634489306,0.7571579254897518,0.42621217146412715,58,p15,v3,source1,data-videos\VIPL\VIPL\p11-15\p15\v3\source1\video.avi
56.23088333333333,41.656483333333334,31.89498333333333,0.7474349017779632,0.5964055107300449,0.5117286307824684,58,p15,v3,source1,data-videos\VIPL\VIPL\p11-15\p15\v3\source1\video.avi
54.874075000000005,40.714275,31.317808333333335,0.5937864742598037,0.4135764222170898,0.31238741649770596,58,p15,v3,source1,data-videos\VIPL\VIPL\p11-15\p15\v3\source1\video.avi
56.38324166666667,42.002525000000006,31.882141666666666,5.236422495345171,3.558928584857816,2.262019789254543,58,p15,v3,source1,data-videos\VIPL\VIPL\p11-15\p15\v3\source1\video.avi
52.21452916666667,39.27809583333333,30.066445833333333,1.556286782563976,1.0619379491837873,0.7068995859266957,58,p15,v3,source1,data-videos\VIPL\VIPL\p11-15\p15\v3\source1\video.avi
55.37075,41.35166666666667,31.259633333333337,0.4030552965147722,0.27335803845414924,0.4205395634297951,58,p15,v3,source1,data-videos\VIPL\VIPL\p11-15\p15\v3\source1\video.avi
54.834387500000005,40.894020833333336,31.05935416666666,0.4923535141711352,0.27977847759929164,0.2224787989274985,58,p15,v3,source1,data-videos\VIPL\VIPL\p11-15\p15\v3\source1\video.avi
53.94338333333333,40.320449999999994,30.666566666666665,0.6096723036291704,0.48361794755921633,0.3470956248823944,58,p15,v3,source1,data-videos\VIPL\VIPL\p11-15\p15\v3\source1\video.avi
119.47195833333333,79.716025,55.661779166666676,0.4241968954110701,0.21008333887015654,0.25604545006697577,58,p15,v4,source1,data-videos\VIPL\VIPL\p11-15\p15\v4\source1\video.avi
119.80765833333334,79.835625,55.6764375,0.49419837510693215,0.38595708283650837,0.4151818428997237,57,p15,v4,source1,data-videos\VIPL\VIPL\p11-15\p15\v4\source1\video.avi
119.985025,79.99040833333333,55.6336625,0.2846110959493665,0.2069780267960561,0.2169927667765289,57,p15,v4,source1,data-videos\VIPL\VIPL\p11-15\p15\v4\source1\video.avi
120.79050833333332,80.52004166666666,55.96881249999999,0.4492349663208303,0.18926826154004012,0.32615249048353306,57,p15,v4,source1,data-videos\VIPL\VIPL\p11-15\p15\v4\source1\video.avi
121.65244583333333,81.07382916666667,56.47181666666666,0.20708650047879956,0.15818474189833975,0.3009303053541731,57,p15,v4,source1,data-videos\VIPL\VIPL\p11-15\p15\v4\source1\video.avi
121.71435833333334,81.15129166666667,56.36166666666667,0.3701197027182927,0.36872558888126156,0.27643714437764405,57,p15,v4,source1,data-videos\VIPL\VIPL\p11-15\p15\v4\source1\video.avi
121.17966249999999,80.84832916666666,56.468475,0.362585835479377,0.24954243105298438,0.36230889823885865,57,p15,v4,source1,data-videos\VIPL\VIPL\p11-15\p15\v4\source1\video.avi
121.4487125,81.49307916666666,56.67576250000001,0.6579019386149687,0.485932749690965,0.37031998377341757,57,p15,v4,source1,data-videos\VIPL\VIPL\p11-15\p15\v4\source1\video.avi
120.08153333333331,80.62021666666666,56.260108333333335,0.5705323609845071,0.35785726117406036,0.3305256394492466,57,p15,v4,source1,data-videos\VIPL\VIPL\p11-15\p15\v4\source1\video.avi
119.1877125,79.9917125,55.92455833333334,0.3925791183085824,0.20152782987785617,0.2831814226339711,58,p15,v4,source1,data-videos\VIPL\VIPL\p11-15\p15\v4\source1\video.avi
120.51162916666668,80.94409583333334,56.599275000000006,0.4932644825265876,0.39385159923786306,0.3518079476275217,58,p15,v4,source1,data-videos\VIPL\VIPL\p11-15\p15\v4\source1\video.avi
119.366925,80.161875,55.94741249999999,0.7001225922660879,0.49979659143745475,0.36649294260485604,58,p15,v4,source1,data-videos\VIPL\VIPL\p11-15\p15\v4\source1\video.avi
119.0635,79.93865,55.800108333333334,0.32666451689343584,0.26841457504618244,0.2876695838617063,58,p15,v4,source1,data-videos\VIPL\VIPL\p11-15\p15\v4\source1\video.avi
118.89800416666668,79.9119875,55.682520833333335,0.34462252104859437,0.2137017569014777,0.28092991662611444,58,p15,v4,source1,data-videos\VIPL\VIPL\p11-15\p15\v4\source1\video.avi
119.77658333333333,80.59075,56.05081666666667,0.21592360161897792,0.21185331747461397,0.29373118834564543,58,p15,v4,source1,data-videos\VIPL\VIPL\p11-15\p15\v4\source1\video.avi
120.2643875,80.9730875,56.54281666666667,0.40650378965877315,0.30909370191335134,0.36974136451301215,58,p15,v4,source1,data-videos\VIPL\VIPL\p11-15\p15\v4\source1\video.avi
120.19952916666666,80.9418625,56.49066666666667,0.23783312551088837,0.1448336010018627,0.22400125557683817,59,p15,v4,source1,data-videos\VIPL\VIPL\p11-15\p15\v4\source1\video.avi
119.78091666666667,80.52078333333334,56.250175,0.5041435135868221,0.47864137069011314,0.30944155810418295,59,p15,v4,source1,data-videos\VIPL\VIPL\p11-15\p15\v4\source1\video.avi
118.65324166666666,79.63225833333334,55.82455000000001,0.1709973661671735,0.1821176948889559,0.26981470416441933,60,p15,v4,source1,data-videos\VIPL\VIPL\p11-15\p15\v4\source1\video.avi
119.14708750000001,79.90460416666666,56.0022125,0.7291232597080017,0.42020276396904277,0.34334166186298115,60,p15,v4,source1,data-videos\VIPL\VIPL\p11-15\p15\v4\source1\video.avi
119.858025,80.39297499999999,56.378016666666674,0.30800095046299875,0.14693688436233873,0.24433539477302246,60,p15,v4,source1,data-videos\VIPL\VIPL\p11-15\p15\v4\source1\video.avi
119.14397500000001,80.00414166666667,55.94862083333332,0.2971462717926622,0.2424627446324945,0.2285594460571346,60,p15,v4,source1,data-videos\VIPL\VIPL\p11-15\p15\v4\source1\video.avi
119.28942500000001,80.04055833333334,55.91759583333334,0.6960977143202993,0.35482723432013685,0.30039106299816326,60,p15,v4,source1,data-videos\VIPL\VIPL\p11-15\p15\v4\source1\video.avi
120.69443749999999,81.02865416666667,56.30617083333333,0.3774515869894206,0.2634813813130102,0.3044301203227466,61,p15,v4,source1,data-videos\VIPL\VIPL\p11-15\p15\v4\source1\video.avi
120.37122916666667,80.82534583333333,56.47831666666667,0.2868893393898687,0.2805213071230067,0.2918831409166843,61,p15,v4,source1,data-videos\VIPL\VIPL\p11-15\p15\v4\source1\video.avi
119.31108750000001,80.03185416666668,56.02541666666667,0.2747540110034788,0.21851367591640697,0.27521662396041163,61,p15,v4,source1,data-videos\VIPL\VIPL\p11-15\p15\v4\source1\video.avi
119.58685416666667,80.1207375,55.997912500000005,0.19951563091438904,0.13515528273578226,0.24638180074045798,61,p15,v4,source1,data-videos\VIPL\VIPL\p11-15\p15\v4\source1\video.avi
120.22352500000001,80.56479166666666,56.08415000000001,0.30028992021137935,0.162192609906658,0.34342899491541473,61,p15,v4,source1,data-videos\VIPL\VIPL\p11-15\p15\v4\source1\video.avi
119.95383333333334,80.49878333333334,56.119454166666664,0.3160829598380777,0.18434581859465565,0.2056623916526252,61,p15,v4,source1,data-videos\VIPL\VIPL\p11-15\p15\v4\source1\video.avi
119.82852916666667,80.43916250000001,56.067158333333325,0.36261302754183355,0.31956076012195594,0.2949092131958194,61,p15,v4,source1,data-videos\VIPL\VIPL\p11-15\p15\v4\source1\video.avi
168.039875,116.98525416666668,65.0339125,0.3387468967672556,0.28541688576633995,0.2577702752964144,60,p15,v5,source1,data-videos\VIPL\VIPL\p11-15\p15\v5\source1\video.avi
168.47278749999998,117.18772083333333,64.98981666666667,0.3931101329550593,0.31785690285794377,0.21489769505575798,60,p15,v5,source1,data-videos\VIPL\VIPL\p11-15\p15\v5\source1\video.avi
167.53687916666667,116.51730416666665,64.63305000000001,1.0934756149798492,0.8030736118016975,0.39804439106328904,61,p15,v5,source1,data-videos\VIPL\VIPL\p11-15\p15\v5\source1\video.avi
165.12119583333333,114.59985833333334,63.051375,0.6689611103181232,0.49805939192223075,0.4017443227577157,61,p15,v5,source1,data-videos\VIPL\VIPL\p11-15\p15\v5\source1\video.avi
164.3289791666667,114.00562083333334,62.66237916666666,1.206300329620719,0.7414754484771864,0.28292287468642907,61,p15,v5,source1,data-videos\VIPL\VIPL\p11-15\p15\v5\source1\video.avi
165.35554583333334,114.69413333333334,63.03836249999999,0.570185237536157,0.4099010940153734,0.23112883935576767,61,p15,v5,source1,data-videos\VIPL\VIPL\p11-15\p15\v5\source1\video.avi
163.91368749999998,113.42407499999999,62.25820833333332,0.33414074738424127,0.36682468460575635,0.3573971115055343,61,p15,v5,source1,data-videos\VIPL\VIPL\p11-15\p15\v5\source1\video.avi
162.95764166666666,112.41481666666667,61.79604166666668,0.5692955723352806,0.4240146914629118,0.3218637309246292,61,p15,v5,source1,data-videos\VIPL\VIPL\p11-15\p15\v5\source1\video.avi
162.90325833333335,112.29011666666668,61.64747916666666,0.5947284835968301,0.4040172439853277,0.33635892752385854,61,p15,v5,source1,data-videos\VIPL\VIPL\p11-15\p15\v5\source1\video.avi
162.796975,112.12145000000001,61.31477916666667,0.4464929247370873,0.3839478870436417,0.24877879041932047,61,p15,v5,source1,data-videos\VIPL\VIPL\p11-15\p15\v5\source1\video.avi
160.16805833333333,109.86523333333332,59.7130125,0.6406164639539706,0.484479726384683,0.5467934152795328,61,p15,v5,source1,data-videos\VIPL\VIPL\p11-15\p15\v5\source1\video.avi
160.46476666666666,111.60770833333336,60.506125000000004,0.5711381928329581,0.6311522359663138,0.9053183223358204,62,p15,v5,source1,data-videos\VIPL\VIPL\p11-15\p15\v5\source1\video.avi
161.159,113.05305833333334,61.93300416666667,0.41252284553740526,0.38174807842600245,0.3400233558665082,62,p15,v5,source1,data-videos\VIPL\VIPL\p11-15\p15\v5\source1\video.avi
162.55402916666665,113.56778333333334,62.426104166666676,0.9934549171955418,0.5228168908130678,0.34433068882091944,63,p15,v5,source1,data-videos\VIPL\VIPL\p11-15\p15\v5\source1\video.avi
163.4961,113.671225,62.22261666666666,0.5202128513019686,0.6099435227441137,0.4744956041975293,63,p15,v5,source1,data-videos\VIPL\VIPL\p11-15\p15\v5\source1\video.avi
163.02667083333333,112.89206666666666,61.64507916666666,0.3819196242339476,0.47337696824254255,0.32786514880147194,63,p15,v5,source1,data-videos\VIPL\VIPL\p11-15\p15\v5\source1\video.avi
163.64218333333332,112.93562916666666,61.00191666666667,0.6875235219966023,0.4821080189228574,0.3575978704902562,63,p15,v5,source1,data-videos\VIPL\VIPL\p11-15\p15\v5\source1\video.avi
165.21427083333333,114.05861666666665,61.8425375,0.39932740109325066,0.3868719333481042,0.4559283682544516,63,p15,v5,source1,data-videos\VIPL\VIPL\p11-15\p15\v5\source1\video.avi
164.64335416666665,113.84094583333334,61.86763333333333,0.8057708438369898,0.5873872497599478,0.31689106429804004,63,p15,v5,source1,data-videos\VIPL\VIPL\p11-15\p15\v5\source1\video.avi
164.5766583333333,113.52356666666667,61.69872083333334,0.9113780026124333,0.6187305245812681,0.35964826388469906,63,p15,v5,source1,data-videos\VIPL\VIPL\p11-15\p15\v5\source1\video.avi
101.40922916666666,98.7947,93.10940416666668,0.3955616172678482,0.39122288058300875,0.4736733241233995,72,p15,v6,source1,data-videos\VIPL\VIPL\p11-15\p15\v6\source1\video.avi
101.65665833333334,98.38145,92.8449375,0.5175443485425499,0.6260058232390219,0.573104372281155,74,p15,v6,source1,data-videos\VIPL\VIPL\p11-15\p15\v6\source1\video.avi
101.55294583333333,98.6812,92.96164166666665,0.3093162886490322,0.1429507919656657,0.3325417936348595,74,p15,v6,source1,data-videos\VIPL\VIPL\p11-15\p15\v6\source1\video.avi
101.50637083333335,98.52104166666668,92.50110000000001,0.22105615071929968,0.2771732153716235,0.31698745823857993,74,p15,v6,source1,data-videos\VIPL\VIPL\p11-15\p15\v6\source1\video.avi
101.514475,98.55644583333333,92.75455833333334,0.13537247189082935,0.07974536472074445,0.21167804529783146,74,p15,v6,source1,data-videos\VIPL\VIPL\p11-15\p15\v6\source1\video.avi
100.89943333333335,97.81749166666667,91.79467916666667,0.35168498555170097,0.4691599169881549,0.5066489545286764,74,p15,v6,source1,data-videos\VIPL\VIPL\p11-15\p15\v6\source1\video.avi
100.98788333333334,97.61756666666668,91.59156666666667,0.21955564879243372,0.12788884360820812,0.15952125772657053,74,p15,v6,source1,data-videos\VIPL\VIPL\p11-15\p15\v6\source1\video.avi
100.74233750000002,97.48650000000002,91.34684166666666,0.3544485692789419,0.1383888191935244,0.2627908453557259,74,p15,v6,source1,data-videos\VIPL\VIPL\p11-15\p15\v6\source1\video.avi
99.93702916666668,96.6975625,90.49092083333333,0.37331764885207835,0.35448174587660053,0.3187178424410501,74,p15,v6,source1,data-videos\VIPL\VIPL\p11-15\p15\v6\source1\video.avi
99.88252916666666,96.49805833333336,90.29376666666667,0.48184129666686987,0.42202910753189377,0.387675148230519,73,p15,v6,source1,data-videos\VIPL\VIPL\p11-15\p15\v6\source1\video.avi
100.11302500000002,96.52490833333333,90.25347916666665,0.15771957654770927,0.13054425774106954,0.28634518522958646,73,p15,v6,source1,data-videos\VIPL\VIPL\p11-15\p15\v6\source1\video.avi
100.16978333333334,96.44326666666667,90.13058333333335,0.19145784348867342,0.12507600425452628,0.27984960618756183,73,p15,v6,source1,data-videos\VIPL\VIPL\p11-15\p15\v6\source1\video.avi
99.51427083333334,95.6457125,89.0332875,0.2262851376950473,0.25108198099536083,0.2576111159259457,71,p15,v6,source1,data-videos\VIPL\VIPL\p11-15\p15\v6\source1\video.avi
99.66640833333332,95.75032083333332,89.45874583333334,0.1835879461139363,0.17361960264788853,0.25220101330309963,69,p15,v6,source1,data-videos\VIPL\VIPL\p11-15\p15\v6\source1\video.avi
99.37566249999998,95.51499166666665,89.07427500000001,0.18492017065179503,0.16012864543946623,0.252514520140813,67,p15,v6,source1,data-videos\VIPL\VIPL\p11-15\p15\v6\source1\video.avi
99.61938333333333,95.73802916666668,89.31695833333333,0.22602168291080635,0.2174790457658447,0.3544748230461676,65,p15,v6,source1,data-videos\VIPL\VIPL\p11-15\p15\v6\source1\video.avi
99.27412083333333,95.41205,88.90200416666667,0.5667054789710719,0.496760755314702,0.34257738161740064,63,p15,v6,source1,data-videos\VIPL\VIPL\p11-15\p15\v6\source1\video.avi
98.86665416666665,95.17362083333332,88.91248333333333,0.39529507846986894,0.3248228500638638,0.33788385537374005,63,p15,v6,source1,data-videos\VIPL\VIPL\p11-15\p15\v6\source1\video.avi
99.29320833333335,95.48674999999999,89.025475,0.3044447487389503,0.2315582536347799,0.3253007677199149,63,p15,v6,source1,data-videos\VIPL\VIPL\p11-15\p15\v6\source1\video.avi
99.56447083333335,95.59884166666664,89.14883750000001,0.1937156038464917,0.16700303899846422,0.2239392950822718,63,p15,v6,source1,data-videos\VIPL\VIPL\p11-15\p15\v6\source1\video.avi
99.09939999999999,95.17879583333334,88.71819583333334,0.3162530718449829,0.27832369631520076,0.31460933214862014,63,p15,v6,source1,data-videos\VIPL\VIPL\p11-15\p15\v6\source1\video.avi
98.88751250000001,94.94225416666666,88.42293749999999,0.1442137727713425,0.15023921862316866,0.18979318285160965,62,p15,v6,source1,data-videos\VIPL\VIPL\p11-15\p15\v6\source1\video.avi
99.2874375,95.30644166666667,88.74822916666666,0.23405254855718136,0.23201811935349598,0.23927772900381342,62,p15,v6,source1,data-videos\VIPL\VIPL\p11-15\p15\v6\source1\video.avi
98.64782083333334,94.50037083333332,87.91989583333333,0.3518236035584205,0.3620269747565625,0.355885828729213,62,p15,v6,source1,data-videos\VIPL\VIPL\p11-15\p15\v6\source1\video.avi
98.05259166666667,93.72447499999998,87.0487,0.3278020385736735,0.2871394893673921,0.3938874276487146,62,p15,v6,source1,data-videos\VIPL\VIPL\p11-15\p15\v6\source1\video.avi
98.40843333333332,94.17395416666666,87.56010416666666,0.27829246281764647,0.25501198310624107,0.3257897855596465,61,p15,v6,source1,data-videos\VIPL\VIPL\p11-15\p15\v6\source1\video.avi
97.80806666666668,93.66783333333333,87.78015833333335,0.37924644087540965,0.2827629123193738,0.35920785982840264,61,p15,v6,source1,data-videos\VIPL\VIPL\p11-15\p15\v6\source1\video.avi
97.41050416666668,93.21965833333334,87.20003333333332,0.1589370963314662,0.13434472372098122,0.20135069452946974,61,p15,v6,source1,data-videos\VIPL\VIPL\p11-15\p15\v6\source1\video.avi
97.57992499999999,93.46879166666666,87.43469583333334,0.13168414480511925,0.12037070201165136,0.1832179180268993,61,p15,v6,source1,data-videos\VIPL\VIPL\p11-15\p15\v6\source1\video.avi
97.60631666666666,93.43939583333332,87.27677916666666,0.2511381416975093,0.27523022559910415,0.407297620288968,61,p15,v6,source1,data-videos\VIPL\VIPL\p11-15\p15\v6\source1\video.avi
97.40627916666665,93.16705833333336,86.98716666666665,0.18462873435251279,0.20693351027228743,0.27353412340449607,61,p15,v6,source1,data-videos\VIPL\VIPL\p11-15\p15\v6\source1\video.avi
97.46519166666667,93.23487916666667,87.13727083333332,0.3156406839887557,0.15625501014189752,0.2007314445900851,61,p15,v6,source1,data-videos\VIPL\VIPL\p11-15\p15\v6\source1\video.avi
56.89654166666667,50.718587500000005,45.27560416666666,1.663543428563041,1.9212555372670157,1.9257378602560655,118,p15,v7,source1,data-videos\VIPL\VIPL\p11-15\p15\v7\source1\video.avi
58.71158750000001,51.98138749999999,46.088345833333335,1.7029267622345727,1.7697779678006218,1.787467114917005,118,p15,v7,source1,data-videos\VIPL\VIPL\p11-15\p15\v7\source1\video.avi
55.594991666666665,47.61669166666667,40.631750000000004,1.1131675505467618,1.0874091877313254,1.3146690651521602,118,p15,v7,source1,data-videos\VIPL\VIPL\p11-15\p15\v7\source1\video.avi
54.44213333333333,46.91956666666667,40.16791666666667,0.2324351558320444,0.31309339172912043,0.3921918464787917,118,p15,v7,source1,data-videos\VIPL\VIPL\p11-15\p15\v7\source1\video.avi
54.8873,47.11243333333333,40.312466666666666,0.26341549338028286,0.3294805266332988,0.5092379082047774,118,p15,v7,source1,data-videos\VIPL\VIPL\p11-15\p15\v7\source1\video.avi
54.917454166666666,47.410370833333324,40.57655416666667,0.6027684726880345,0.5466002072152717,0.5277488929668903,117,p15,v7,source1,data-videos\VIPL\VIPL\p11-15\p15\v7\source1\video.avi
52.794204166666674,44.95575833333334,38.016191666666664,0.47654809302448914,0.5407550297385131,0.6083099460972452,115,p15,v7,source1,data-videos\VIPL\VIPL\p11-15\p15\v7\source1\video.avi
52.92401666666667,45.25257916666666,38.471979166666664,0.2038791855282603,0.14535188767264057,0.22543156913154613,114,p15,v7,source1,data-videos\VIPL\VIPL\p11-15\p15\v7\source1\video.avi
51.56835,43.436049999999994,36.26940416666667,0.9324584737551472,0.9344371954959783,0.8171200673367675,112,p15,v7,source1,data-videos\VIPL\VIPL\p11-15\p15\v7\source1\video.avi
50.815562500000006,43.01387083333333,36.5512,1.1785091806553254,1.323315945545927,1.4016463698490824,112,p15,v7,source1,data-videos\VIPL\VIPL\p11-15\p15\v7\source1\video.avi
53.94298333333334,46.10915833333333,39.554125,0.48082172852113914,0.4593771380524694,0.48085029667506746,111,p15,v7,source1,data-videos\VIPL\VIPL\p11-15\p15\v7\source1\video.avi
53.561120833333334,42.952754166666665,35.00633333333333,0.8274588952530105,1.9163563460470288,2.904984338203622,111,p15,v7,source1,data-videos\VIPL\VIPL\p11-15\p15\v7\source1\video.avi
52.28337500000001,38.69054583333333,30.39569583333333,0.5259211883487552,0.44726007717204597,0.32784105269678065,110,p15,v7,source1,data-videos\VIPL\VIPL\p11-15\p15\v7\source1\video.avi
55.18490833333333,40.5884875,31.71285,1.4320195109069065,0.9414421612537377,0.6573654296170092,110,p15,v7,source1,data-videos\VIPL\VIPL\p11-15\p15\v7\source1\video.avi
57.03744583333333,41.63279583333333,32.577374999999996,0.2252371649753018,0.1486320426328796,0.24777332340602426,109,p15,v7,source1,data-videos\VIPL\VIPL\p11-15\p15\v7\source1\video.avi
57.17465833333333,41.825575,32.698191666666666,0.287069872265447,0.16633353717839885,0.2384935338629631,107,p15,v7,source1,data-videos\VIPL\VIPL\p11-15\p15\v7\source1\video.avi
55.71116666666666,40.87363333333334,31.836399999999998,0.3166564170490362,0.18196967829680985,0.21747498076087846,106,p15,v7,source1,data-videos\VIPL\VIPL\p11-15\p15\v7\source1\video.avi
54.393125,40.20029166666667,31.443095833333338,0.38646838598785216,0.17831134258883605,0.3066314963980923,106,p15,v7,source1,data-videos\VIPL\VIPL\p11-15\p15\v7\source1\video.avi
53.703670833333334,39.961620833333335,30.872375,0.2063045009641224,0.1758343875363342,0.2541265525038659,105,p15,v7,source1,data-videos\VIPL\VIPL\p11-15\p15\v7\source1\video.avi
51.930945833333325,38.9523125,29.916445833333338,0.6714552066583528,0.40770505129832113,0.45381399468376177,104,p15,v7,source1,data-videos\VIPL\VIPL\p11-15\p15\v7\source1\video.avi
53.19412916666667,40.04696249999999,31.110133333333334,0.41643724504719754,0.2665633990801562,0.2942887870924293,101,p15,v7,source1,data-videos\VIPL\VIPL\p11-15\p15\v7\source1\video.avi
53.8276375,40.3998375,31.402241666666665,0.9737163062563169,0.7756806621624505,0.546824758104815,99,p15,v7,source1,data-videos\VIPL\VIPL\p11-15\p15\v7\source1\video.avi
54.38834166666666,40.37437499999999,31.34884166666667,0.6595957640700603,0.4884182493362855,0.4758496944428871,99,p15,v7,source1,data-videos\VIPL\VIPL\p11-15\p15\v7\source1\video.avi
53.211225000000006,39.46865833333333,30.73720833333334,0.34199833023268483,0.2135596604614013,0.27408433889295625,97,p15,v7,source1,data-videos\VIPL\VIPL\p11-15\p15\v7\source1\video.avi
52.65301666666667,39.03391666666666,30.827399999999997,0.2257389668307915,0.13324410100034006,0.21306462056081069,97,p15,v7,source1,data-videos\VIPL\VIPL\p11-15\p15\v7\source1\video.avi
52.7299125,38.958079166666664,30.70729583333333,0.1979280209023817,0.12436626881692708,0.4310536856710028,97,p15,v7,source1,data-videos\VIPL\VIPL\p11-15\p15\v7\source1\video.avi
52.79714583333333,38.935629166666665,30.657745833333333,0.4787291979452234,0.34004673836229193,0.31089706937032296,96,p15,v7,source1,data-videos\VIPL\VIPL\p11-15\p15\v7\source1\video.avi
53.564316666666656,39.5586,31.00885,0.18839786431320715,0.17801167954815614,0.198960092662378,96,p15,v7,source1,data-videos\VIPL\VIPL\p11-15\p15\v7\source1\video.avi
53.47505833333334,39.57784166666667,30.953458333333334,0.3100617281172498,0.25952361291358916,0.3573735341095422,94,p15,v7,source1,data-videos\VIPL\VIPL\p11-15\p15\v7\source1\video.avi
53.88370833333333,40.20740833333333,31.281491666666668,0.17939014889573268,0.18066698214532764,0.27648146681659447,94,p15,v7,source1,data-videos\VIPL\VIPL\p11-15\p15\v7\source1\video.avi
52.85208333333334,39.84895,31.0598,0.3970240763322795,0.2704188381397152,0.4423917798848916,94,p15,v7,source1,data-videos\VIPL\VIPL\p11-15\p15\v7\source1\video.avi
52.06173333333333,39.28028333333334,30.395950000000006,0.5151216515232643,0.390500965329935,0.3888092279372583,93,p15,v7,source1,data-videos\VIPL\VIPL\p11-15\p15\v7\source1\video.avi
50.17308333333333,38.1105,29.919833333333337,0.6515110054924454,0.3698689942623832,0.2735261705435556,93,p15,v7,source1,data-videos\VIPL\VIPL\p11-15\p15\v7\source1\video.avi
49.797941666666674,37.87355833333333,29.806391666666663,0.3061167301863789,0.20530131920342523,0.25639929742926765,93,p15,v7,source1,data-videos\VIPL\VIPL\p11-15\p15\v7\source1\video.avi
50.04517500000001,37.78605833333333,29.596991666666664,0.13595452070964353,0.14977169164450138,0.3036005824201155,93,p15,v7,source1,data-videos\VIPL\VIPL\p11-15\p15\v7\source1\video.avi
129.97184166666668,99.21800833333334,70.69905833333333,0.6687066533978936,0.49493384388864364,0.44476707824308437,78,p16,v1,source1,data-videos\VIPL\VIPL\p16-20\p16\v1\source1\video.avi
128.41244999999998,98.50718333333334,70.27189583333333,0.22717180447846036,0.1801991675896428,0.2285683534251841,78,p16,v1,source1,data-videos\VIPL\VIPL\p16-20\p16\v1\source1\video.avi
128.66663333333332,99.12201666666665,70.90362083333333,0.21363585467513965,0.193019386080201,0.2998035964154062,78,p16,v1,source1,data-videos\VIPL\VIPL\p16-20\p16\v1\source1\video.avi
129.0993083333333,99.01030833333333,71.13060833333333,0.25169794728337536,0.1763143412897675,0.4035211013517272,77,p16,v1,source1,data-videos\VIPL\VIPL\p16-20\p16\v1\source1\video.avi
128.08479583333335,98.15834583333331,70.53149166666667,0.29807838774902173,0.1764525513613903,0.2536551097208567,77,p16,v1,source1,data-videos\VIPL\VIPL\p16-20\p16\v1\source1\video.avi
127.91435416666666,98.56625416666665,70.40869166666667,0.225805477602468,0.33791134844766824,0.2757140179379712,78,p16,v1,source1,data-videos\VIPL\VIPL\p16-20\p16\v1\source1\video.avi
127.591675,98.618725,70.14056666666666,0.44846389916488044,0.3228244226850644,0.26076292826424513,79,p16,v1,source1,data-videos\VIPL\VIPL\p16-20\p16\v1\source1\video.avi
128.17205,98.92649999999999,70.46172083333335,0.5223369651277702,0.4461311855522116,0.2195351803622064,79,p16,v1,source1,data-videos\VIPL\VIPL\p16-20\p16\v1\source1\video.avi
127.40549583333333,98.36631250000002,70.3136875,0.4256719700792037,0.2801352537912127,0.25446612652494754,79,p16,v1,source1,data-videos\VIPL\VIPL\p16-20\p16\v1\source1\video.avi
127.3423625,98.1779625,70.142825,0.30513437488442846,0.20909846182148484,0.22835132289230578,79,p16,v1,source1,data-videos\VIPL\VIPL\p16-20\p16\v1\source1\video.avi
127.83547083333333,98.21762083333333,70.28179166666666,0.1864519903949076,0.2224447100467387,0.2634226608777011,79,p16,v1,source1,data-videos\VIPL\VIPL\p16-20\p16\v1\source1\video.avi
128.26334166666666,98.466575,70.90145833333334,0.33843621937276613,0.2133244633572686,0.42281628734856275,79,p16,v1,source1,data-videos\VIPL\VIPL\p16-20\p16\v1\source1\video.avi
129.08478333333335,99.21061666666667,71.29897083333334,0.2973076466156083,0.19907176940741841,0.25381084779483626,79,p16,v1,source1,data-videos\VIPL\VIPL\p16-20\p16\v1\source1\video.avi
129.6880125,99.8198625,71.6378,0.10757070478423829,0.13546949841200429,0.20625726906382413,79,p16,v1,source1,data-videos\VIPL\VIPL\p16-20\p16\v1\source1\video.avi
129.87711666666667,100.1482,71.71279166666666,0.17297352157676202,0.14387814191954928,0.24938736219706728,78,p16,v1,source1,data-videos\VIPL\VIPL\p16-20\p16\v1\source1\video.avi
129.73230416666667,100.16708750000002,71.69318333333334,0.1448166804532553,0.10552755811082243,0.24951414956537626,78,p16,v1,source1,data-videos\VIPL\VIPL\p16-20\p16\v1\source1\video.avi
129.39970833333334,99.92599166666668,71.31264166666668,0.1291111843205965,0.1640073071712223,0.18638223512299745,79,p16,v1,source1,data-videos\VIPL\VIPL\p16-20\p16\v1\source1\video.avi
129.41234999999998,99.92728333333335,71.39344166666666,0.19660187421396677,0.17983788494394412,0.23750609911759174,80,p16,v1,source1,data-videos\VIPL\VIPL\p16-20\p16\v1\source1\video.avi
130.05783333333335,100.25073333333334,71.73280416666667,0.4214658458302273,0.17621155382491005,0.26523903317992625,80,p16,v1,source1,data-videos\VIPL\VIPL\p16-20\p16\v1\source1\video.avi
130.78555,100.86578333333335,72.02549583333334,0.22223695343534267,0.12162332675564687,0.23232831414951455,79,p16,v1,source1,data-videos\VIPL\VIPL\p16-20\p16\v1\source1\video.avi
130.31726666666665,100.92518333333334,71.76625416666667,0.2971925776234073,0.20909180532855767,0.2601019923484083,79,p16,v1,source1,data-videos\VIPL\VIPL\p16-20\p16\v1\source1\video.avi
130.0053166666667,100.80833333333334,71.6788125,0.5325486215087153,0.33955521739434763,0.43863105680406955,79,p16,v1,source1,data-videos\VIPL\VIPL\p16-20\p16\v1\source1\video.avi
130.09723333333332,100.87449999999998,71.80310833333334,1.1205854539561226,0.9694120985629782,0.6584804903304522,79,p16,v1,source1,data-videos\VIPL\VIPL\p16-20\p16\v1\source1\video.avi
127.53139166666668,98.550175,70.3227375,0.463814309220295,0.1948262440790368,0.26699730888417067,79,p16,v1,source1,data-videos\VIPL\VIPL\p16-20\p16\v1\source1\video.avi
126.76526666666665,97.68806666666667,69.63665833333333,0.9204699976438656,0.5887489878795248,0.5557104506532868,79,p16,v1,source1,data-videos\VIPL\VIPL\p16-20\p16\v1\source1\video.avi
125.36044166666669,96.73425833333334,69.13101666666667,0.2826263134521557,0.19958329053583465,0.2971195458878639,78,p16,v1,source1,data-videos\VIPL\VIPL\p16-20\p16\v1\source1\video.avi
125.3927125,96.5642958333333,69.22611666666667,0.4306102193480139,0.19994471084735815,0.36469107755552677,78,p16,v1,source1,data-videos\VIPL\VIPL\p16-20\p16\v1\source1\video.avi
126.0389625,97.04544583333335,69.66860833333332,0.3100756088910679,0.25967551286012014,0.20856595945754075,78,p16,v1,source1,data-videos\VIPL\VIPL\p16-20\p16\v1\source1\video.avi
126.42241666666669,97.72218333333332,69.9120125,0.2997336549153088,0.20250355038039874,0.3270689218162661,79,p16,v1,source1,data-videos\VIPL\VIPL\p16-20\p16\v1\source1\video.avi
125.00848333333332,97.22956666666667,69.17252083333334,0.3688563724635152,0.18439016576044992,0.3124941221669468,79,p16,v1,source1,data-videos\VIPL\VIPL\p16-20\p16\v1\source1\video.avi
126.0553875,97.9142375,69.84860833333333,0.41017752817293074,0.2832613016893102,0.33895522673233336,79,p16,v1,source1,data-videos\VIPL\VIPL\p16-20\p16\v1\source1\video.avi
126.44135416666668,97.87715416666666,70.06374583333333,0.14027003038287011,0.09066138024570157,0.2691148113104646,80,p16,v1,source1,data-videos\VIPL\VIPL\p16-20\p16\v1\source1\video.avi
125.26452083333334,95.65907083333333,68.61282916666667,0.8520257305305454,0.7169596735812027,0.5292546380944089,78,p16,v1-2,source1,data-videos\VIPL\VIPL\p16-20\p16\v1-2\source1\video.avi
125.582075,95.84670833333334,68.95961666666668,0.20601229129997733,0.13073947004549902,0.29595042242700415,79,p16,v1-2,source1,data-videos\VIPL\VIPL\p16-20\p16\v1-2\source1\video.avi
126.3244625,96.09267083333334,69.2049375,0.22498356745549364,0.12038271176405062,0.24044274122034848,81,p16,v1-2,source1,data-videos\VIPL\VIPL\p16-20\p16\v1-2\source1\video.avi
126.87774999999999,96.53865,69.50744583333334,0.18946372142473833,0.1818708869332536,0.3025161240537445,82,p16,v1-2,source1,data-videos\VIPL\VIPL\p16-20\p16\v1-2\source1\video.avi
126.91465,96.66019999999999,69.55972083333333,0.11286179432409878,0.11213091818272047,0.22995526950305464,83,p16,v1-2,source1,data-videos\VIPL\VIPL\p16-20\p16\v1-2\source1\video.avi
126.87449166666666,96.944025,69.65998333333333,0.19658812061431172,0.11029148123646418,0.2710087055284795,83,p16,v1-2,source1,data-videos\VIPL\VIPL\p16-20\p16\v1-2\source1\video.avi
126.5533625,96.87317916666667,69.47436250000001,0.22827764968831762,0.1340909825350763,0.3429977847049453,84,p16,v1-2,source1,data-videos\VIPL\VIPL\p16-20\p16\v1-2\source1\video.avi
126.64774583333333,97.10856249999999,69.3691125,0.29798921738975,0.15466448341670216,0.3069980039181389,85,p16,v1-2,source1,data-videos\VIPL\VIPL\p16-20\p16\v1-2\source1\video.avi
126.24493333333334,96.89363333333333,69.229225,0.15148210462240375,0.10087072016943296,0.2648284463048152,85,p16,v1-2,source1,data-videos\VIPL\VIPL\p16-20\p16\v1-2\source1\video.avi
126.760875,97.18090833333333,69.53537499999999,0.11037985628551546,0.1426096572475988,0.2515689172749462,85,p16,v1-2,source1,data-videos\VIPL\VIPL\p16-20\p16\v1-2\source1\video.avi
127.22633333333333,97.34140000000001,69.9072125,0.17973858573324908,0.1486572513134012,0.24714856376164587,85,p16,v1-2,source1,data-videos\VIPL\VIPL\p16-20\p16\v1-2\source1\video.avi
127.44633750000001,97.46848750000001,70.0192,0.15954445152962604,0.10073693360266149,0.17913091629758163,85,p16,v1-2,source1,data-videos\VIPL\VIPL\p16-20\p16\v1-2\source1\video.avi
127.83642916666668,97.73409583333333,70.207825,0.14900094530367552,0.10330890050528553,0.2070613446575414,85,p16,v1-2,source1,data-videos\VIPL\VIPL\p16-20\p16\v1-2\source1\video.avi
128.34210833333336,97.89189166666667,70.19629166666665,0.2726496185201213,0.11502004912791905,0.229791666666668,84,p16,v1-2,source1,data-videos\VIPL\VIPL\p16-20\p16\v1-2\source1\video.avi
128.59939583333332,98.26422916666667,70.42551666666667,0.1161486229111926,0.2099929210943122,0.27493063910638366,84,p16,v1-2,source1,data-videos\VIPL\VIPL\p16-20\p16\v1-2\source1\video.avi
127.9376875,98.18223749999999,70.29455416666667,0.3694534333440712,0.14601223585998863,0.25534839782311664,85,p16,v1-2,source1,data-videos\VIPL\VIPL\p16-20\p16\v1-2\source1\video.avi
128.08805,98.36543333333333,70.22293333333333,0.24033475915550373,0.1732917961047837,0.18911370101005934,85,p16,v1-2,source1,data-videos\VIPL\VIPL\p16-20\p16\v1-2\source1\video.avi
128.42041666666668,98.11204999999998,70.24725416666666,0.20243156208059163,0.19456503688070068,0.2835716673450172,85,p16,v1-2,source1,data-videos\VIPL\VIPL\p16-20\p16\v1-2\source1\video.avi
127.7876375,97.41477083333334,69.79530416666667,0.5471401180545284,0.5580025053769423,0.5131863442151282,85,p16,v1-2,source1,data-videos\VIPL\VIPL\p16-20\p16\v1-2\source1\video.avi
126.86120416666667,96.2063875,68.85269583333333,0.23107570210683473,0.17784949385724458,0.2442673130876402,85,p16,v1-2,source1,data-videos\VIPL\VIPL\p16-20\p16\v1-2\source1\video.avi
127.55739583333332,96.68661250000001,69.28487083333333,0.24037548210213483,0.24399739247525154,0.2747874403895358,84,p16,v1-2,source1,data-videos\VIPL\VIPL\p16-20\p16\v1-2\source1\video.avi
127.83967916666668,97.35946249999999,69.80360833333334,0.2708095148500732,0.17115991060993083,0.22606292119734775,84,p16,v1-2,source1,data-videos\VIPL\VIPL\p16-20\p16\v1-2\source1\video.avi
127.6518375,97.74540416666667,69.855,0.3453991323957292,0.2963941153800863,0.26912473712378143,85,p16,v1-2,source1,data-videos\VIPL\VIPL\p16-20\p16\v1-2\source1\video.avi
128.47279166666667,98.09055833333336,70.16082916666667,0.40812770013570215,0.14444199347546724,0.2505830119995721,84,p16,v1-2,source1,data-videos\VIPL\VIPL\p16-20\p16\v1-2\source1\video.avi
128.998275,98.29799166666666,70.31538333333334,0.20970665291730148,0.20630717961600592,0.21587072295190413,83,p16,v1-2,source1,data-videos\VIPL\VIPL\p16-20\p16\v1-2\source1\video.avi
129.29720416666666,98.4920875,70.55862916666666,0.1649184001719534,0.0961557054339475,0.31653983847262784,83,p16,v1-2,source1,data-videos\VIPL\VIPL\p16-20\p16\v1-2\source1\video.avi
129.39949166666668,98.693775,70.79599166666667,0.2077797025497555,0.27326446553659306,0.2277288057280694,84,p16,v1-2,source1,data-videos\VIPL\VIPL\p16-20\p16\v1-2\source1\video.avi
130.05137083333332,99.47423750000002,71.17189583333334,0.26836526835070346,0.13752692829749494,0.2981274007007931,84,p16,v1-2,source1,data-videos\VIPL\VIPL\p16-20\p16\v1-2\source1\video.avi
130.09729166666668,99.49544166666666,71.26132916666667,0.4062248859758744,0.2476619897775089,0.3636800241493584,85,p16,v1-2,source1,data-videos\VIPL\VIPL\p16-20\p16\v1-2\source1\video.avi
130.05340833333332,99.51712500000002,71.27066666666667,0.39722338440486554,0.2143914372545117,0.3224430114915225,86,p16,v1-2,source1,data-videos\VIPL\VIPL\p16-20\p16\v1-2\source1\video.avi
130.17660833333332,99.73590833333334,71.21306666666666,0.3198076870037178,0.2419282914304238,0.3519091779335819,87,p16,v1-2,source1,data-videos\VIPL\VIPL\p16-20\p16\v1-2\source1\video.avi
129.96779999999998,99.90725,71.44828749999999,0.32850346469930075,0.1153279818724743,0.2210609932644276,87,p16,v1-2,source1,data-videos\VIPL\VIPL\p16-20\p16\v1-2\source1\video.avi
139.85774166666664,108.35562499999997,76.89049166666666,0.4916265182407292,0.29983030935801164,0.33404249371025696,88,p16,v2,source1,data-videos\VIPL\VIPL\p16-20\p16\v2\source1\video.avi
138.69775833333333,107.521425,76.49579166666666,0.225282467600862,0.2703734825559727,0.2553210091401286,88,p16,v2,source1,data-videos\VIPL\VIPL\p16-20\p16\v2\source1\video.avi
140.13900833333332,108.65457500000001,77.230275,0.5345556274646868,0.4272311867241469,0.49367248853617596,88,p16,v2,source1,data-videos\VIPL\VIPL\p16-20\p16\v2\source1\video.avi
140.7352208333333,108.9172375,77.53800416666667,0.23133699062010565,0.14614977014179717,0.19677213953157538,88,p16,v2,source1,data-videos\VIPL\VIPL\p16-20\p16\v2\source1\video.avi
140.92088333333334,108.96418333333335,77.46913333333335,0.17288297894738805,0.11858927236825911,0.23983930840078438,87,p16,v2,source1,data-videos\VIPL\VIPL\p16-20\p16\v2\source1\video.avi
140.8239708333333,108.9389375,77.5850375,0.26531258150109843,0.2209034440592155,0.25502915968898027,86,p16,v2,source1,data-videos\VIPL\VIPL\p16-20\p16\v2\source1\video.avi
139.9743625,108.57869583333333,77.12797916666668,0.17023426291681965,0.17330941371415645,0.2836143505297096,86,p16,v2,source1,data-videos\VIPL\VIPL\p16-20\p16\v2\source1\video.avi
140.6624875,109.29407083333335,77.47645416666666,0.3611467236552833,0.2909348362152781,0.45494648407043975,86,p16,v2,source1,data-videos\VIPL\VIPL\p16-20\p16\v2\source1\video.avi
131.323125,102.68379166666668,73.52485833333333,11.228956180038695,8.15493166724258,5.543947958062141,85,p16,v2,source1,data-videos\VIPL\VIPL\p16-20\p16\v2\source1\video.avi
121.44720416666665,95.13172083333333,68.09995416666666,8.86695915702957,6.399087896913949,4.080857877206498,85,p16,v2,source1,data-videos\VIPL\VIPL\p16-20\p16\v2\source1\video.avi
122.63177083333332,95.7669875,68.28087083333332,2.4756978405579018,1.7876684975264874,1.2893610961845285,85,p16,v2,source1,data-videos\VIPL\VIPL\p16-20\p16\v2\source1\video.avi
61.920550000000006,51.05116666666667,39.68196666666667,25.15822467690597,17.879616948856796,10.995817221091517,85,p16,v2,source1,data-videos\VIPL\VIPL\p16-20\p16\v2\source1\video.avi
133.95702916666664,103.34782916666667,75.35867916666668,36.70327808535692,27.3924516792124,19.081138193541854,85,p16,v2,source1,data-videos\VIPL\VIPL\p16-20\p16\v2\source1\video.avi
149.81591666666668,115.36931666666668,83.65789166666667,9.953517180046067,6.76331835147018,5.338185184706061,85,p16,v2,source1,data-videos\VIPL\VIPL\p16-20\p16\v2\source1\video.avi
142.12811666666667,110.84753333333332,79.57026666666667,9.79391295926965,7.3537913907271895,5.3740358613713735,85,p16,v2,source1,data-videos\VIPL\VIPL\p16-20\p16\v2\source1\video.avi
105.32080833333333,85.37647499999999,64.00989166666668,12.552020358703711,9.039971074339554,5.6801448033827295,85,p16,v2,source1,data-videos\VIPL\VIPL\p16-20\p16\v2\source1\video.avi
145.69423333333333,113.82263333333333,81.87606666666666,7.791726343793302,5.890669320679125,4.291387062319808,85,p16,v2,source1,data-videos\VIPL\VIPL\p16-20\p16\v2\source1\video.avi
144.8367333333333,112.36516666666668,80.83203333333334,6.293288908333225,4.527677290381167,3.245944838307225,85,p16,v2,source1,data-videos\VIPL\VIPL\p16-20\p16\v2\source1\video.avi
157.47100416666666,120.85435416666667,88.21374583333332,5.803032606282969,3.713652003269678,3.19664523184289,85,p16,v2,source1,data-videos\VIPL\VIPL\p16-20\p16\v2\source1\video.avi
147.25812916666666,113.76637916666667,82.40044583333332,15.060126980587635,10.986161771868899,8.411688756313458,85,p16,v2,source1,data-videos\VIPL\VIPL\p16-20\p16\v2\source1\video.avi
100.40807083333333,78.45145416666666,56.81567083333334,9.768196004370083,7.453162993641804,4.895188568188666,85,p16,v2,source1,data-videos\VIPL\VIPL\p16-20\p16\v2\source1\video.avi
151.14783333333332,116.87836666666668,83.68558333333334,7.760283848527853,5.638456525984453,4.457691484561013,85,p16,v2,source1,data-videos\VIPL\VIPL\p16-20\p16\v2\source1\video.avi
154.77378333333334,119.92121666666668,86.8535,2.211521563454673,1.2946051094885618,0.8623575576822358,84,p16,v2,source1,data-videos\VIPL\VIPL\p16-20\p16\v2\source1\video.avi
147.75661666666667,115.38001666666668,82.92368333333334,8.921609548547622,6.580758684156198,4.82940615210751,83,p16,v2,source1,data-videos\VIPL\VIPL\p16-20\p16\v2\source1\video.avi
129.9879125,102.10172916666666,73.29817916666667,2.593732997012545,1.821121869301234,1.1245955442402382,83,p16,v2,source1,data-videos\VIPL\VIPL\p16-20\p16\v2\source1\video.avi
144.84177083333333,112.76548750000002,80.97497916666666,3.298813293306735,2.501532259727692,1.690533683609016,83,p16,v2,source1,data-videos\VIPL\VIPL\p16-20\p16\v2\source1\video.avi
142.0830333333333,110.72871666666668,79.74718333333334,0.9001026785178461,0.6544061111144132,0.6103718402767091,82,p16,v2,source1,data-videos\VIPL\VIPL\p16-20\p16\v2\source1\video.avi
150.3841,116.85261666666668,84.38005,3.8859685477002075,2.967216604476652,2.052454916467581,82,p16,v2,source1,data-videos\VIPL\VIPL\p16-20\p16\v2\source1\video.avi
124.15767083333334,94.46400416666667,65.8181125,0.3914321526192829,0.28039701064096356,0.25231312928251226,88,p16,v3,source1,data-videos\VIPL\VIPL\p16-20\p16\v3\source1\video.avi
123.48674166666666,93.9287083333333,65.65607916666667,0.2597449746198723,0.226124522065092,0.279948579851928,86,p16,v3,source1,data-videos\VIPL\VIPL\p16-20\p16\v3\source1\video.avi
123.05501666666667,93.49805,65.49136666666666,0.131046918548706,0.11431884444152117,0.22508668723590405,86,p16,v3,source1,data-videos\VIPL\VIPL\p16-20\p16\v3\source1\video.avi
125.10228750000002,94.51875416666668,66.37675833333333,1.6464871128911611,0.9760831948120215,0.7144600885701893,86,p16,v3,source1,data-videos\VIPL\VIPL\p16-20\p16\v3\source1\video.avi
128.44105,96.53826666666666,67.76610416666668,0.23392741135814693,0.13990197423851172,0.20612228790076104,86,p16,v3,source1,data-videos\VIPL\VIPL\p16-20\p16\v3\source1\video.avi
129.85933333333335,97.40446666666666,68.40137083333335,0.7664839478822206,0.5455004330887372,0.3752538327030563,85,p16,v3,source1,data-videos\VIPL\VIPL\p16-20\p16\v3\source1\video.avi
130.00295,97.07471666666666,68.43168333333332,0.3007770011893265,0.21108126791988538,0.32490076433684595,85,p16,v3,source1,data-videos\VIPL\VIPL\p16-20\p16\v3\source1\video.avi
131.3955,98.14705,69.22871666666667,0.5408840540225192,0.43827153766719523,0.3831507725607356,85,p16,v3,source1,data-videos\VIPL\VIPL\p16-20\p16\v3\source1\video.avi
131.57137500000002,98.57904166666667,69.1531875,0.30516913570820076,0.28386169485430024,0.24851276550321433,85,p16,v3,source1,data-videos\VIPL\VIPL\p16-20\p16\v3\source1\video.avi
132.2326875,99.4576875,69.44078333333333,0.156100411728051,0.11056161084059225,0.23787854357435334,85,p16,v3,source1,data-videos\VIPL\VIPL\p16-20\p16\v3\source1\video.avi
131.99363749999998,99.32905416666667,69.42698750000001,0.21919862314551475,0.22234903180460244,0.29009186452072677,85,p16,v3,source1,data-videos\VIPL\VIPL\p16-20\p16\v3\source1\video.avi
132.21058750000003,99.7018375,69.64041666666667,0.2096146718617809,0.1615314347417296,0.226286931071176,85,p16,v3,source1,data-videos\VIPL\VIPL\p16-20\p16\v3\source1\video.avi
132.0916916666667,99.69117499999999,69.67424583333334,0.30808899846022103,0.22283485944378903,0.3615790579854024,84,p16,v3,source1,data-videos\VIPL\VIPL\p16-20\p16\v3\source1\video.avi
132.03004166666668,99.49100833333334,69.8096375,0.29000068696039155,0.2994879972900965,0.5781403895248973,84,p16,v3,source1,data-videos\VIPL\VIPL\p16-20\p16\v3\source1\video.avi
132.17295416666667,99.71702083333335,70.65201250000001,0.17536784474989242,0.20905228446225732,0.2280681221331312,84,p16,v3,source1,data-videos\VIPL\VIPL\p16-20\p16\v3\source1\video.avi
131.95445833333335,99.33407500000001,71.11064166666667,0.188215989439142,0.23326199489820318,0.3591974195070945,85,p16,v3,source1,data-videos\VIPL\VIPL\p16-20\p16\v3\source1\video.avi
132.63197499999998,99.89619166666665,71.45649166666666,0.4945297275779608,0.4982850485944544,0.2902758038343297,86,p16,v3,source1,data-videos\VIPL\VIPL\p16-20\p16\v3\source1\video.avi
133.0900875,100.44285416666666,71.40502083333334,0.23437609014561353,0.1318800584864482,0.3187555323593965,87,p16,v3,source1,data-videos\VIPL\VIPL\p16-20\p16\v3\source1\video.avi
133.2572375,100.47562083333334,71.45397083333333,0.13829770537684116,0.11226417211326815,0.27366347142115593,87,p16,v3,source1,data-videos\VIPL\VIPL\p16-20\p16\v3\source1\video.avi
132.97069166666668,100.18255833333335,71.28925833333334,0.19741078083248187,0.20407130868345436,0.27499484262840757,87,p16,v3,source1,data-videos\VIPL\VIPL\p16-20\p16\v3\source1\video.avi
133.13626250000002,100.45299583333333,71.35179583333333,0.14957211633894815,0.19300755436424444,0.210920130519429,87,p16,v3,source1,data-videos\VIPL\VIPL\p16-20\p16\v3\source1\video.avi
132.984825,100.37920833333334,71.39522916666667,0.2464495132966707,0.15256782132601487,0.23634488651532953,87,p16,v3,source1,data-videos\VIPL\VIPL\p16-20\p16\v3\source1\video.avi
133.31653333333333,100.76258333333334,71.69129166666667,0.6319173985116006,0.6460520610794457,0.473218251855197,87,p16,v3,source1,data-videos\VIPL\VIPL\p16-20\p16\v3\source1\video.avi
133.96890416666668,101.49890416666665,72.09620833333334,0.16542391913152613,0.12487060010600368,0.25760613205207883,87,p16,v3,source1,data-videos\VIPL\VIPL\p16-20\p16\v3\source1\video.avi
133.5465375,101.17333749999997,71.65709583333333,0.42594539588752317,0.4097359630840883,0.30830293814147564,87,p16,v3,source1,data-videos\VIPL\VIPL\p16-20\p16\v3\source1\video.avi
133.18957916666668,100.8292625,71.49455416666666,0.18047314954954943,0.14375479436449473,0.2896360391484659,87,p16,v3,source1,data-videos\VIPL\VIPL\p16-20\p16\v3\source1\video.avi
133.20722500000002,100.71575833333333,71.59297500000001,0.19381405948170516,0.16087068197606594,0.1980566699555666,87,p16,v3,source1,data-videos\VIPL\VIPL\p16-20\p16\v3\source1\video.avi
132.79365833333333,100.25499166666667,71.37157083333334,0.15633016643469683,0.14177296538930736,0.23626251789293987,87,p16,v3,source1,data-videos\VIPL\VIPL\p16-20\p16\v3\source1\video.avi
132.9013,100.40728333333333,71.3233125,0.20654218596532067,0.19566681289034998,0.2092846509043766,88,p16,v3,source1,data-videos\VIPL\VIPL\p16-20\p16\v3\source1\video.avi
132.94220833333333,100.46414166666668,71.25939166666667,0.19818756022459755,0.15381693800315757,0.24425796728732063,89,p16,v3,source1,data-videos\VIPL\VIPL\p16-20\p16\v3\source1\video.avi
132.16604166666667,99.89535833333333,70.875875,0.21457504231555552,0.1900595463159734,0.3067910823820774,90,p16,v3,source1,data-videos\VIPL\VIPL\p16-20\p16\v3\source1\video.avi
132.5204125,100.18292916666665,70.98277916666666,0.280260186466177,0.17322289480528288,0.33592312142355446,90,p16,v3,source1,data-videos\VIPL\VIPL\p16-20\p16\v3\source1\video.avi
187.201875,129.19844583333335,92.21200833333333,0.40150714869275966,0.3319827193879572,0.24452274860088855,83,p16,v4,source1,data-videos\VIPL\VIPL\p16-20\p16\v4\source1\video.avi
193.083725,133.07678333333334,94.83456666666667,3.3122487148241406,2.245198370411848,1.5451636649424338,83,p16,v4,source1,data-videos\VIPL\VIPL\p16-20\p16\v4\source1\video.avi
197.50609583333332,136.084325,96.584825,0.527233326912237,0.3813865888293512,0.38587336311426257,83,p16,v4,source1,data-videos\VIPL\VIPL\p16-20\p16\v4\source1\video.avi
196.48610833333333,135.28102083333334,95.8114875,0.8295009203162822,0.567316209378517,0.300177731669552,83,p16,v4,source1,data-videos\VIPL\VIPL\p16-20\p16\v4\source1\video.avi
193.43590833333334,133.1930625,94.704475,0.6989970614705365,0.5646638272877252,0.3272870404404632,83,p16,v4,source1,data-videos\VIPL\VIPL\p16-20\p16\v4\source1\video.avi
194.9916208333333,134.03672500000002,95.62482499999999,1.4325308627783548,0.8535201512014489,0.6965228966733816,83,p16,v4,source1,data-videos\VIPL\VIPL\p16-20\p16\v4\source1\video.avi
196.9025583333333,135.1073625,96.55292916666667,0.2408023608255663,0.17291030289495035,0.27403893034972565,82,p16,v4,source1,data-videos\VIPL\VIPL\p16-20\p16\v4\source1\video.avi
195.56338749999998,134.18482083333333,95.82138750000001,0.37235439934997244,0.18545291668117675,0.2835038315437731,83,p16,v4,source1,data-videos\VIPL\VIPL\p16-20\p16\v4\source1\video.avi
191.59459166666667,131.6379083333333,94.13066666666666,1.8721726550858973,1.2675383335480974,0.7677715329029262,83,p16,v4,source1,data-videos\VIPL\VIPL\p16-20\p16\v4\source1\video.avi
189.60429166666668,130.21932083333334,93.13084583333334,0.31614333126412547,0.18835770058071805,0.26403000921086295,83,p16,v4,source1,data-videos\VIPL\VIPL\p16-20\p16\v4\source1\video.avi
189.47244583333332,130.27705833333334,93.07086666666667,0.2222939962389631,0.20267864051114218,0.22651703034147846,84,p16,v4,source1,data-videos\VIPL\VIPL\p16-20\p16\v4\source1\video.avi
190.86066666666665,131.45129583333335,93.62341666666666,1.168043392310169,0.8623719118254951,0.5312146736620594,84,p16,v4,source1,data-videos\VIPL\VIPL\p16-20\p16\v4\source1\video.avi
204.96633333333332,140.91781666666665,99.91834999999999,4.144995723279694,2.8285796869728754,1.939913743715312,84,p16,v4,source1,data-videos\VIPL\VIPL\p16-20\p16\v4\source1\video.avi
208.3127,143.54339583333334,101.61139583333333,0.15634531792637948,0.13693965684948517,0.24561739279992748,84,p16,v4,source1,data-videos\VIPL\VIPL\p16-20\p16\v4\source1\video.avi
208.17799583333328,143.35894583333334,101.58777916666666,0.20563033444617032,0.2128814210064438,0.3022078733509066,84,p16,v4,source1,data-videos\VIPL\VIPL\p16-20\p16\v4\source1\video.avi
207.11434583333332,142.30750833333335,101.372925,0.6988915600991196,0.6342384923735962,0.34917939505439827,84,p16,v4,source1,data-videos\VIPL\VIPL\p16-20\p16\v4\source1\video.avi
201.6024875,138.32910833333332,98.72959166666668,1.9573527623336775,1.365248588182648,1.0110688526292082,84,p16,v4,source1,data-videos\VIPL\VIPL\p16-20\p16\v4\source1\video.avi
197.50078333333335,135.54905833333333,96.59987500000001,0.8256805258896063,0.4917531919627518,0.4881330789628756,83,p16,v4,source1,data-videos\VIPL\VIPL\p16-20\p16\v4\source1\video.avi
195.9183708333333,134.7935125,97.07729583333334,0.39939046753215457,0.14260007304813396,0.6198736909869423,83,p16,v4,source1,data-videos\VIPL\VIPL\p16-20\p16\v4\source1\video.avi
197.1192916666667,136.09604166666665,98.284475,1.289524427841521,0.8068217379572039,0.5901218929229315,83,p16,v4,source1,data-videos\VIPL\VIPL\p16-20\p16\v4\source1\video.avi
199.42073333333335,137.66431250000002,99.1981625,0.3385183228874841,0.24823367337495167,0.2530319219815292,82,p16,v4,source1,data-videos\VIPL\VIPL\p16-20\p16\v4\source1\video.avi
197.36936250000002,136.16187083333335,98.3363625,1.2754920143811186,0.876352758616485,0.7683575200233222,82,p16,v4,source1,data-videos\VIPL\VIPL\p16-20\p16\v4\source1\video.avi
191.17539166666668,131.79406666666665,95.39454583333332,1.0028514365125467,0.6257193370711167,0.46380509544689114,82,p16,v4,source1,data-videos\VIPL\VIPL\p16-20\p16\v4\source1\video.avi
191.85239583333336,131.9399125,95.23265416666669,0.7816695989861489,0.4909341344569544,0.40585847920043383,81,p16,v4,source1,data-videos\VIPL\VIPL\p16-20\p16\v4\source1\video.avi
196.21975416666663,134.90720416666667,97.18575416666667,1.727561938078008,1.1921991284491857,0.8909445690218003,81,p16,v4,source1,data-videos\VIPL\VIPL\p16-20\p16\v4\source1\video.avi
197.51903749999997,135.77896666666666,97.76473333333334,1.2451817430237762,0.8865490753203645,0.6325327938632901,81,p16,v4,source1,data-videos\VIPL\VIPL\p16-20\p16\v4\source1\video.avi
196.87052916666667,135.27739166666666,97.46820833333334,1.6051742395578983,1.0065242519984854,0.7824308054248479,81,p16,v4,source1,data-videos\VIPL\VIPL\p16-20\p16\v4\source1\video.avi
202.05686250000002,138.70175,99.82975,0.9149288604707069,0.5619620583586799,0.43421796022178394,81,p16,v4,source1,data-videos\VIPL\VIPL\p16-20\p16\v4\source1\video.avi
201.83189583333333,138.78326666666666,99.59263333333334,0.35814223586601956,0.2724339080783315,0.26946305682422544,81,p16,v4,source1,data-videos\VIPL\VIPL\p16-20\p16\v4\source1\video.avi
202.50912916666667,139.34299166666668,99.90619166666667,0.35351264966365953,0.23421551707241933,0.28607414097038714,81,p16,v4,source1,data-videos\VIPL\VIPL\p16-20\p16\v4\source1\video.avi
200.05379583333334,137.52159583333335,98.8435625,0.9866174713594273,0.754820177099782,0.546123397005608,80,p16,v4,source1,data-videos\VIPL\VIPL\p16-20\p16\v4\source1\video.avi
220.42798333333332,146.567675,80.93342083333333,0.8933033435575591,0.660866945419888,0.5927765372884812,83,p16,v5,source1,data-videos\VIPL\VIPL\p16-20\p16\v5\source1\video.avi
219.11353333333335,145.55287083333332,80.1787,0.17541226469140214,0.15825761369256647,0.5211350543725034,83,p16,v5,source1,data-videos\VIPL\VIPL\p16-20\p16\v5\source1\video.avi
219.81915416666666,145.99494166666665,80.82052083333333,1.4888055709378418,0.9222492790500443,0.4828462928662949,84,p16,v5,source1,data-videos\VIPL\VIPL\p16-20\p16\v5\source1\video.avi
210.48995416666668,139.89270000000002,77.80426666666666,1.2468072719283183,0.8677923148234643,0.5279844606562244,84,p16,v5,source1,data-videos\VIPL\VIPL\p16-20\p16\v5\source1\video.avi
211.49620416666673,141.01735833333333,78.2552125,1.4066056473361872,1.361895000069857,1.2117769011782513,84,p16,v5,source1,data-videos\VIPL\VIPL\p16-20\p16\v5\source1\video.avi
218.1780625,146.8011875,81.98927499999999,1.3333218824378084,0.9768537434596384,0.5011979992422604,85,p16,v5,source1,data-videos\VIPL\VIPL\p16-20\p16\v5\source1\video.avi
219.99277083333334,148.27007916666665,82.98897500000001,0.18949002511492474,0.15234948822526684,0.21508745734132254,85,p16,v5,source1,data-videos\VIPL\VIPL\p16-20\p16\v5\source1\video.avi
219.62020416666667,148.37512083333334,83.05462500000002,0.21485733008596053,0.2658837851810901,0.2869975092444175,84,p16,v5,source1,data-videos\VIPL\VIPL\p16-20\p16\v5\source1\video.avi
219.95140416666666,148.79886249999998,82.64068333333333,0.31810046581884455,0.2658845299446532,0.4185515430226796,85,p16,v5,source1,data-videos\VIPL\VIPL\p16-20\p16\v5\source1\video.avi
225.65553333333332,151.934975,84.33238333333334,3.1938237059770684,1.592841246165515,0.9470021872408177,85,p16,v5,source1,data-videos\VIPL\VIPL\p16-20\p16\v5\source1\video.avi
226.32929583333333,151.71899583333334,84.43643750000001,1.0936659524374106,0.8252577290400132,0.451589512360075,86,p16,v5,source1,data-videos\VIPL\VIPL\p16-20\p16\v5\source1\video.avi
222.54963333333336,149.46265000000002,83.36437083333334,1.266381802918807,0.7404010175142322,0.38658216398831624,86,p16,v5,source1,data-videos\VIPL\VIPL\p16-20\p16\v5\source1\video.avi
222.8165,149.58034166666667,83.3097875,1.5618325996868059,0.8358334026669985,0.4336149910763136,86,p16,v5,source1,data-videos\VIPL\VIPL\p16-20\p16\v5\source1\video.avi
224.96087916666667,150.65977083333334,83.446625,0.34207178355451623,0.257796916195674,0.297801057113731,86,p16,v5,source1,data-videos\VIPL\VIPL\p16-20\p16\v5\source1\video.avi
225.71096666666668,151.0680625,83.99908333333335,1.0348959797097692,0.62906261487828,0.4600996155725402,86,p16,v5,source1,data-videos\VIPL\VIPL\p16-20\p16\v5\source1\video.avi
225.81428333333332,152.3061875,83.20710833333334,0.8079229393774019,0.5157515433945741,0.4090449106862628,86,p16,v5,source1,data-videos\VIPL\VIPL\p16-20\p16\v5\source1\video.avi
226.09121250000004,151.99349999999998,84.05020833333332,0.5027932695894466,0.5517061588960998,0.4528192512532513,86,p16,v5,source1,data-videos\VIPL\VIPL\p16-20\p16\v5\source1\video.avi
223.41862916666668,149.91559166666667,82.78795416666667,0.73521570063372,0.6153410905693346,0.3967844427306301,85,p16,v5,source1,data-videos\VIPL\VIPL\p16-20\p16\v5\source1\video.avi
223.50825833333332,150.07755416666666,82.84592500000001,0.7537973816874733,0.2846761456755135,0.21402456642806725,84,p16,v5,source1,data-videos\VIPL\VIPL\p16-20\p16\v5\source1\video.avi
222.64553333333333,149.816725,82.84674999999999,0.3391638581476673,0.3599806865479037,0.26734035832155867,84,p16,v5,source1,data-videos\VIPL\VIPL\p16-20\p16\v5\source1\video.avi
122.74347916666667,110.57107916666668,96.39767083333332,0.2954389683636502,0.21700286192429327,0.33270529230503254,85,p16,v6,source1,data-videos\VIPL\VIPL\p16-20\p16\v6\source1\video.avi
123.66685833333332,111.49704166666666,97.40271249999999,0.2521457871670893,0.27206844969500654,0.37609181046099965,85,p16,v6,source1,data-videos\VIPL\VIPL\p16-20\p16\v6\source1\video.avi
124.21304583333333,112.06890416666666,97.978525,0.12722665852284887,0.0914546274875622,0.166466042478973,85,p16,v6,source1,data-videos\VIPL\VIPL\p16-20\p16\v6\source1\video.avi
124.18309583333334,112.04564583333332,97.88622916666667,0.1192492957992241,0.14953032661098886,0.18697389152261673,85,p16,v6,source1,data-videos\VIPL\VIPL\p16-20\p16\v6\source1\video.avi
124.01753333333335,112.13524999999998,98.17512500000001,0.20480093595502905,0.1488198161321631,0.2530552132879747,85,p16,v6,source1,data-videos\VIPL\VIPL\p16-20\p16\v6\source1\video.avi
124.16795416666666,112.22320416666668,98.17172083333335,0.37053533307304926,0.25963959609641707,0.2308036554327308,86,p16,v6,source1,data-videos\VIPL\VIPL\p16-20\p16\v6\source1\video.avi
124.19378333333334,112.28950833333333,98.43790416666667,0.13031126837947074,0.13236287952065673,0.2481961018333641,86,p16,v6,source1,data-videos\VIPL\VIPL\p16-20\p16\v6\source1\video.avi
124.24721249999999,112.40342499999998,98.45379166666666,0.1840348163014582,0.12544931856242905,0.2429193056603368,87,p16,v6,source1,data-videos\VIPL\VIPL\p16-20\p16\v6\source1\video.avi
124.21529999999998,112.06615,98.10660833333331,0.19742491171047477,0.11685588257193828,0.18510862539180634,87,p16,v6,source1,data-videos\VIPL\VIPL\p16-20\p16\v6\source1\video.avi
124.16349583333333,111.91454583333334,97.85736666666666,0.1263036261245978,0.0838913963937241,0.22795849996947706,87,p16,v6,source1,data-videos\VIPL\VIPL\p16-20\p16\v6\source1\video.avi
123.68332500000001,111.42885833333334,97.17536249999999,0.2368381932705675,0.2795544422479379,0.30815659506707366,87,p16,v6,source1,data-videos\VIPL\VIPL\p16-20\p16\v6\source1\video.avi
123.54929166666666,111.29995833333332,97.27425,0.15392330172036983,0.11819700553760075,0.20281094953182402,86,p16,v6,source1,data-videos\VIPL\VIPL\p16-20\p16\v6\source1\video.avi
123.54916666666668,111.2011375,97.18766666666666,0.1369158741608227,0.08892771682352199,0.18436589195959183,86,p16,v6,source1,data-videos\VIPL\VIPL\p16-20\p16\v6\source1\video.avi
124.0381,111.36541666666666,96.9871875,0.2055324730189324,0.12611465173382613,0.3992815324899214,86,p16,v6,source1,data-videos\VIPL\VIPL\p16-20\p16\v6\source1\video.avi
124.10428750000001,111.28170416666666,96.877,0.12817556481898795,0.10302564607902248,0.35107555103527643,86,p16,v6,source1,data-videos\VIPL\VIPL\p16-20\p16\v6\source1\video.avi
124.29560416666668,111.46813749999997,97.26803333333334,0.14504867178812855,0.07759503201272211,0.2301958826195647,86,p16,v6,source1,data-videos\VIPL\VIPL\p16-20\p16\v6\source1\video.avi
124.29541666666665,111.55648333333335,97.05961249999999,0.14356150685333463,0.1320020165039582,0.22010542873119715,86,p16,v6,source1,data-videos\VIPL\VIPL\p16-20\p16\v6\source1\video.avi
124.34236249999998,111.6694375,97.33026666666666,0.13479194590388396,0.10438306272917101,0.2159058478570894,86,p16,v6,source1,data-videos\VIPL\VIPL\p16-20\p16\v6\source1\video.avi
124.67609166666666,111.96590833333333,97.78222083333333,0.1962973052505085,0.2303949555021406,0.3517412264462955,85,p16,v6,source1,data-videos\VIPL\VIPL\p16-20\p16\v6\source1\video.avi
124.82232083333334,112.07757083333333,97.561675,0.23581661365938025,0.14948540991607723,0.2916411535269952,85,p16,v6,source1,data-videos\VIPL\VIPL\p16-20\p16\v6\source1\video.avi
124.53531666666666,111.75413333333331,97.32377500000003,0.22466254493622628,0.1792606408588095,0.2774025937654123,86,p16,v6,source1,data-videos\VIPL\VIPL\p16-20\p16\v6\source1\video.avi
124.5001125,111.89429166666667,97.82042916666666,0.13768944941122624,0.12534379458225248,0.29902205813283916,86,p16,v6,source1,data-videos\VIPL\VIPL\p16-20\p16\v6\source1\video.avi
124.33530416666669,111.82935833333332,97.67527500000001,0.11809177560388393,0.16634060208733656,0.3551796162389753,86,p16,v6,source1,data-videos\VIPL\VIPL\p16-20\p16\v6\source1\video.avi
124.56924583333334,111.67902916666667,97.04616666666666,0.19769829681233952,0.14022078238442282,0.25716705821961916,86,p16,v6,source1,data-videos\VIPL\VIPL\p16-20\p16\v6\source1\video.avi
124.70862916666667,111.89788333333334,97.41225,0.1387380928324225,0.12347731854249319,0.31644285264966254,85,p16,v6,source1,data-videos\VIPL\VIPL\p16-20\p16\v6\source1\video.avi
125.01338750000001,112.27620416666667,98.04487916666669,0.15146895056780232,0.15652554614893383,0.19811259530041678,85,p16,v6,source1,data-videos\VIPL\VIPL\p16-20\p16\v6\source1\video.avi
125.41514166666667,112.67309166666668,98.36952083333334,0.2832939186433013,0.14842797694598478,0.22654405384678164,86,p16,v6,source1,data-videos\VIPL\VIPL\p16-20\p16\v6\source1\video.avi
125.22866666666667,112.52286666666664,97.90873333333333,0.1829560345828416,0.14064523348264854,0.25525188179467373,85,p16,v6,source1,data-videos\VIPL\VIPL\p16-20\p16\v6\source1\video.avi
125.12622499999999,112.33059166666668,97.48823750000001,0.18347967473719487,0.09117541053437032,0.24306779518388563,84,p16,v6,source1,data-videos\VIPL\VIPL\p16-20\p16\v6\source1\video.avi
125.23587500000002,112.35254166666668,97.45529583333335,0.1582031564643327,0.08750795102763904,0.2260563775550983,85,p16,v6,source1,data-videos\VIPL\VIPL\p16-20\p16\v6\source1\video.avi
124.978575,111.79815833333333,97.09344583333332,0.1944813832671396,0.24387855178517298,0.21082244479458714,84,p16,v6,source1,data-videos\VIPL\VIPL\p16-20\p16\v6\source1\video.avi
124.73787916666669,111.43341250000002,96.62728333333334,0.2052391281462232,0.1606618831411007,0.2006686520527471,84,p16,v6,source1,data-videos\VIPL\VIPL\p16-20\p16\v6\source1\video.avi
124.69939166666667,111.35685833333334,96.62695000000002,0.3042281311756208,0.19541823622326307,0.24220339915554343,84,p16,v6,source1,data-videos\VIPL\VIPL\p16-20\p16\v6\source1\video.avi
109.70249166666669,87.21840833333331,62.630612500000005,0.1679840381802188,0.17772344972831558,0.25846998623577605,116,p16,v7,source1,data-videos\VIPL\VIPL\p16-20\p16\v7\source1\video.avi
109.8678,88.0252,63.861395833333326,0.17216333975488354,0.21986877778448624,0.323154652894709,117,p16,v7,source1,data-videos\VIPL\VIPL\p16-20\p16\v7\source1\video.avi
109.85284583333333,87.84117916666666,63.48365416666665,0.1384827466188878,0.29089288836270827,0.3739921583123989,119,p16,v7,source1,data-videos\VIPL\VIPL\p16-20\p16\v7\source1\video.avi
110.15311666666668,87.07198333333334,63.02321666666667,0.22301750234940507,0.15381688777659658,0.21957255531739658,119,p16,v7,source1,data-videos\VIPL\VIPL\p16-20\p16\v7\source1\video.avi
107.57227916666665,84.18706250000001,60.570545833333334,1.5812941581778832,1.733337898381409,1.554545485356304,120,p16,v7,source1,data-videos\VIPL\VIPL\p16-20\p16\v7\source1\video.avi
107.35168749999998,83.83712083333334,60.2555125,1.682636569391256,1.4427133678853195,1.1344402108284264,119,p16,v7,source1,data-videos\VIPL\VIPL\p16-20\p16\v7\source1\video.avi
112.48272083333333,87.74045416666667,62.582904166666665,1.5228031416647032,0.9916048303899977,0.539815094467798,117,p16,v7,source1,data-videos\VIPL\VIPL\p16-20\p16\v7\source1\video.avi
114.03076666666666,88.78756666666666,62.917004166666665,0.3011514143665941,0.3089397202754752,0.25531353661560297,117,p16,v7,source1,data-videos\VIPL\VIPL\p16-20\p16\v7\source1\video.avi
112.3255875,87.70920416666668,62.428050000000006,0.4305109588148962,0.2968605491804576,0.28130263939493255,117,p16,v7,source1,data-videos\VIPL\VIPL\p16-20\p16\v7\source1\video.avi
112.33043333333335,87.81465,62.589054166666656,0.35734608876099144,0.22751528657432876,0.2802031751693758,115,p16,v7,source1,data-videos\VIPL\VIPL\p16-20\p16\v7\source1\video.avi
111.08932499999999,87.36715833333334,62.636408333333335,0.24510518065380327,0.13590330355317606,0.20812520670660384,116,p16,v7,source1,data-videos\VIPL\VIPL\p16-20\p16\v7\source1\video.avi
112.04212083333331,87.81493749999998,63.01959166666668,0.41790638683767833,0.19072334667071358,0.28034162090157394,117,p16,v7,source1,data-videos\VIPL\VIPL\p16-20\p16\v7\source1\video.avi
112.80342083333335,88.2229375,63.687275,0.23708693004008655,0.18107352759537584,0.3160996454179187,117,p16,v7,source1,data-videos\VIPL\VIPL\p16-20\p16\v7\source1\video.avi
114.33110833333335,89.13529166666666,64.35926666666666,0.8027841007368247,0.5221604500441189,0.5271141365175723,119,p16,v7,source1,data-videos\VIPL\VIPL\p16-20\p16\v7\source1\video.avi
114.75391666666667,89.59691666666666,64.70741249999999,0.3046262880107754,0.1383184040638763,0.1647919423722936,121,p16,v7,source1,data-videos\VIPL\VIPL\p16-20\p16\v7\source1\video.avi
115.74322083333333,90.2207875,64.77181250000001,0.4519965507335214,0.26138909122970133,0.2730464402019258,123,p16,v7,source1,data-videos\VIPL\VIPL\p16-20\p16\v7\source1\video.avi
116.25842916666669,90.55094583333333,65.00479166666666,0.3423846380636019,0.18902414078263013,0.3166955003320314,123,p16,v7,source1,data-videos\VIPL\VIPL\p16-20\p16\v7\source1\video.avi
115.9962,90.49336666666667,65.2341625,0.20759209619534555,0.2166276742157156,0.26634767457216446,123,p16,v7,source1,data-videos\VIPL\VIPL\p16-20\p16\v7\source1\video.avi
115.89725416666666,90.57395416666668,65.36622083333333,0.27380300710801014,0.14038986353979552,0.2906924750225273,123,p16,v7,source1,data-videos\VIPL\VIPL\p16-20\p16\v7\source1\video.avi
116.23099583333332,90.97014583333333,65.37068333333333,0.3857096938779072,0.28068168661561993,0.238186804971435,122,p16,v7,source1,data-videos\VIPL\VIPL\p16-20\p16\v7\source1\video.avi
118.50874583333334,92.44356249999998,66.66135833333333,1.0744284153388248,0.6289868858761408,0.5229081759602834,122,p16,v7,source1,data-videos\VIPL\VIPL\p16-20\p16\v7\source1\video.avi
119.07752916666668,92.63439999999999,67.1986125,0.5536983590794031,0.32544203683648065,0.3407818671921155,120,p16,v7,source1,data-videos\VIPL\VIPL\p16-20\p16\v7\source1\video.avi
117.28098333333331,91.51783333333334,66.21078333333332,0.5289744517040061,0.3273321081528316,0.38376287994129077,119,p16,v7,source1,data-videos\VIPL\VIPL\p16-20\p16\v7\source1\video.avi
117.06963749999998,91.51943750000001,66.26137916666667,0.3367505389028927,0.1953145366560473,0.2295621384650926,119,p16,v7,source1,data-videos\VIPL\VIPL\p16-20\p16\v7\source1\video.avi
116.84889166666667,91.46924166666666,66.35312916666666,0.37337328873803627,0.1819565408086642,0.28336710503387386,119,p16,v7,source1,data-videos\VIPL\VIPL\p16-20\p16\v7\source1\video.avi
117.4163375,91.67792916666667,66.22940416666667,0.13690192746289379,0.12461135178247441,0.24768228682797025,118,p16,v7,source1,data-videos\VIPL\VIPL\p16-20\p16\v7\source1\video.avi
116.52010833333334,90.99335833333335,66.14469583333333,0.22764172836511232,0.21531905485103728,0.24549999632269479,118,p16,v7,source1,data-videos\VIPL\VIPL\p16-20\p16\v7\source1\video.avi
116.46281666666665,90.94001666666666,66.38650416666665,0.40015170135490186,0.24683249226167778,0.28062719480705506,118,p16,v7,source1,data-videos\VIPL\VIPL\p16-20\p16\v7\source1\video.avi
118.79600416666666,92.51325416666667,67.3318,1.9932506808742234,1.333972407156743,0.9510154439247201,118,p16,v7,source1,data-videos\VIPL\VIPL\p16-20\p16\v7\source1\video.avi
117.45812083333333,91.43542083333332,67.06147916666667,0.678193866498036,0.4341777154704178,0.2482368223396326,116,p16,v7,source1,data-videos\VIPL\VIPL\p16-20\p16\v7\source1\video.avi
116.3611125,90.83446249999999,66.91104583333333,0.34870377745261283,0.20951009049884176,0.1716593735303531,114,p16,v7,source1,data-videos\VIPL\VIPL\p16-20\p16\v7\source1\video.avi
115.88435416666665,90.67159583333333,66.65194583333333,0.37671599280639917,0.13546948559649072,0.25478656938210115,112,p16,v7,source1,data-videos\VIPL\VIPL\p16-20\p16\v7\source1\video.avi
178.31780416666663,137.49997083333332,92.5872875,4.137531846126182,2.9210456249408585,0.8978790143304385,70,p17,v1,source1,data-videos\VIPL\VIPL\p16-20\p17\v1\source1\video.avi
172.0467458333333,133.16527916666666,91.31811250000001,2.239152321758107,1.666666102010322,1.0483902232344642,70,p17,v1,source1,data-videos\VIPL\VIPL\p16-20\p17\v1\source1\video.avi
166.9059458333333,129.16582916666667,88.35818333333334,7.172404506955033,5.4165470451919635,3.873742820154868,70,p17,v1,source1,data-videos\VIPL\VIPL\p16-20\p17\v1\source1\video.avi
182.11745416666668,140.75112083333335,94.30950416666667,2.897527686882385,2.386673868355058,1.694476780643183,72,p17,v1,source1,data-videos\VIPL\VIPL\p16-20\p17\v1\source1\video.avi
173.93063750000002,134.84437083333333,89.715725,2.4292333053180934,1.6665475292002137,1.0753413260126088,73,p17,v1,source1,data-videos\VIPL\VIPL\p16-20\p17\v1\source1\video.avi
172.05020416666667,132.69745416666666,88.16778750000002,3.4895489008848495,2.6409645639793133,1.4845040012015243,74,p17,v1,source1,data-videos\VIPL\VIPL\p16-20\p17\v1\source1\video.avi
165.18507083333333,127.53237083333333,85.38352499999999,5.2257447431363,4.105907666399719,2.6115876368533515,76,p17,v1,source1,data-videos\VIPL\VIPL\p16-20\p17\v1\source1\video.avi
174.40994583333332,134.02432916666666,89.72749583333332,1.5312187641712063,1.3182652209543306,1.0248517493059932,77,p17,v1,source1,data-videos\VIPL\VIPL\p16-20\p17\v1\source1\video.avi
170.33287499999997,130.378275,87.26439166666667,3.334102758333192,2.532656732577362,1.6432587694586573,78,p17,v1,source1,data-videos\VIPL\VIPL\p16-20\p17\v1\source1\video.avi
154.3023625,118.11504583333334,79.2052125,18.996687439893126,14.328227083214438,9.035337143772331,79,p17,v1,source1,data-videos\VIPL\VIPL\p16-20\p17\v1\source1\video.avi
175.0974666666667,134.31371666666666,89.5091,10.553179152614984,7.8574210928688135,4.94646573339308,79,p17,v1,source1,data-videos\VIPL\VIPL\p16-20\p17\v1\source1\video.avi
166.285525,128.49125833333335,86.16328750000002,4.896042768789855,3.726628019971422,2.547595046490471,78,p17,v1,source1,data-videos\VIPL\VIPL\p16-20\p17\v1\source1\video.avi
167.24207916666666,129.72255,87.67071666666665,5.924815191787868,3.9948489765684867,2.176544249109891,78,p17,v1,source1,data-videos\VIPL\VIPL\p16-20\p17\v1\source1\video.avi
164.81854583333333,127.58829583333335,86.93726666666667,4.151707483457195,2.8564753851143005,1.4578319076295376,78,p17,v1,source1,data-videos\VIPL\VIPL\p16-20\p17\v1\source1\video.avi
147.6490125,112.4469125,76.4577625,22.081107769184506,17.209130215605715,10.888108043444882,78,p17,v1,source1,data-videos\VIPL\VIPL\p16-20\p17\v1\source1\video.avi
145.30316249999998,109.59021249999999,74.85444583333334,25.459546198483356,19.277034049490297,12.189668920849762,78,p17,v1,source1,data-videos\VIPL\VIPL\p16-20\p17\v1\source1\video.avi
173.51074999999997,131.54677083333337,89.14343750000002,3.2633273861720147,2.083001855712754,0.9086498922776086,78,p17,v1,source1,data-videos\VIPL\VIPL\p16-20\p17\v1\source1\video.avi
164.7396791666667,124.57941250000002,83.83357916666665,4.986995660844785,3.9801839227507574,2.5034253270172426,78,p17,v1,source1,data-videos\VIPL\VIPL\p16-20\p17\v1\source1\video.avi
156.93875416666666,119.72065416666666,80.85347083333333,9.18903063938534,6.830701912324583,4.220714924684134,78,p17,v1,source1,data-videos\VIPL\VIPL\p16-20\p17\v1\source1\video.avi
185.44987083333336,141.2369875,93.99415416666665,3.1227373463192865,2.5049968812217247,1.67319957091114,78,p17,v1,source1,data-videos\VIPL\VIPL\p16-20\p17\v1\source1\video.avi
169.5466583333333,129.14715833333335,86.4963125,5.659878695828474,4.152714461830121,2.5948274239808433,78,p17,v1,source1,data-videos\VIPL\VIPL\p16-20\p17\v1\source1\video.avi
158.24650416666665,121.61602083333335,81.53913333333333,7.534146800318533,5.398674974074143,3.432006589921396,78,p17,v1,source1,data-videos\VIPL\VIPL\p16-20\p17\v1\source1\video.avi
162.78554583333332,124.7648125,83.2323875,7.582404806837801,5.407135440737467,3.199872561199377,78,p17,v1,source1,data-videos\VIPL\VIPL\p16-20\p17\v1\source1\video.avi
171.17370416666665,130.33752083333331,86.21088749999998,5.146659533629963,3.744184925000924,2.3220396715420857,78,p17,v1,source1,data-videos\VIPL\VIPL\p16-20\p17\v1\source1\video.avi
158.10180833333334,120.97590833333334,80.59315,6.516000777991417,4.908870334634737,2.9392140906591275,78,p17,v1,source1,data-videos\VIPL\VIPL\p16-20\p17\v1\source1\video.avi
177.72022916666668,135.86487916666667,89.9676375,2.2594508105461752,1.5830551706536742,0.9725811148333882,78,p17,v1,source1,data-videos\VIPL\VIPL\p16-20\p17\v1\source1\video.avi
176.65131666666665,134.98418333333333,89.94358333333332,5.774476639711119,4.597603062262442,3.073922825390763,78,p17,v1,source1,data-videos\VIPL\VIPL\p16-20\p17\v1\source1\video.avi
170.62875416666665,130.1638375,86.90748749999999,7.395234187320404,6.020817881228729,3.957294731871236,78,p17,v1,source1,data-videos\VIPL\VIPL\p16-20\p17\v1\source1\video.avi
169.52319583333335,130.4294125,87.43952083333332,3.7756075339771487,2.5463541967307544,1.96008959567931,76,p17,v1,source1,data-videos\VIPL\VIPL\p16-20\p17\v1\source1\video.avi
171.62467916666668,131.17462916666665,86.97504999999997,5.188764373685224,4.364045057109987,2.725509619955912,75,p17,v1,source1,data-videos\VIPL\VIPL\p16-20\p17\v1\source1\video.avi
149.52114583333332,113.65304583333332,76.08346250000001,3.925997576695917,3.082614122380551,1.8007320187064058,74,p17,v1,source1,data-videos\VIPL\VIPL\p16-20\p17\v1\source1\video.avi
170.036675,131.09774166666665,86.28755833333335,0.3441835560323236,0.28493618577722707,0.24991359458209736,70,p17,v2,source1,data-videos\VIPL\VIPL\p16-20\p17\v2\source1\video.avi
168.42725416666667,130.09077083333332,85.38649583333334,1.0873894830816886,0.8118702153224857,0.6935696342613636,70,p17,v2,source1,data-videos\VIPL\VIPL\p16-20\p17\v2\source1\video.avi
167.3068291666667,129.39464583333336,84.9687625,0.6150124166542398,0.4917878981894071,0.34934073366048296,70,p17,v2,source1,data-videos\VIPL\VIPL\p16-20\p17\v2\source1\video.avi
165.20255416666666,127.27773749999999,83.94105833333333,0.7953887033018974,0.8149956333599787,0.4790463895058719,70,p17,v2,source1,data-videos\VIPL\VIPL\p16-20\p17\v2\source1\video.avi
164.77041250000002,125.9406625,83.56152083333335,0.48669231389326395,0.33112568013016785,0.29100482348522294,70,p17,v2,source1,data-videos\VIPL\VIPL\p16-20\p17\v2\source1\video.avi
164.58325000000002,125.28808333333335,83.2357,0.3157731074394149,0.22322190744924122,0.18171300660886547,70,p17,v2,source1,data-videos\VIPL\VIPL\p16-20\p17\v2\source1\video.avi
165.26316250000002,126.04036249999999,83.51268333333333,0.7571086745208521,0.7646080548455672,0.43371537373797087,70,p17,v2,source1,data-videos\VIPL\VIPL\p16-20\p17\v2\source1\video.avi
165.0038125,126.26151250000001,83.50929583333334,0.3594873399293013,0.2256695422330326,0.23770306063389618,70,p17,v2,source1,data-videos\VIPL\VIPL\p16-20\p17\v2\source1\video.avi
165.4041,126.96195,83.72565833333333,0.42458934600747594,0.4279042704712122,0.2510851478942055,70,p17,v2,source1,data-videos\VIPL\VIPL\p16-20\p17\v2\source1\video.avi
165.2791083333333,126.787625,83.8256,0.3209048920197707,0.3487711463123051,0.2802356682453973,70,p17,v2,source1,data-videos\VIPL\VIPL\p16-20\p17\v2\source1\video.avi
164.72284166666665,126.01714166666669,83.53789583333334,0.16968740029667187,0.28811758558789746,0.2272768918968178,69,p17,v2,source1,data-videos\VIPL\VIPL\p16-20\p17\v2\source1\video.avi
164.09520416666666,125.17670416666668,83.08788333333334,0.4874708800775792,0.5769586838002349,0.43248137275237347,68,p17,v2,source1,data-videos\VIPL\VIPL\p16-20\p17\v2\source1\video.avi
163.21588333333332,124.44683333333334,82.5851375,0.3350331362135845,0.32386620072527134,0.3139447377613697,68,p17,v2,source1,data-videos\VIPL\VIPL\p16-20\p17\v2\source1\video.avi
162.71260416666667,124.62750416666668,82.36427916666666,0.5407566337819332,0.5127867266019723,0.37419224685202523,67,p17,v2,source1,data-videos\VIPL\VIPL\p16-20\p17\v2\source1\video.avi
163.31012916666666,125.79274583333331,82.66790416666667,0.1308950301715503,0.2790580010524481,0.2649114899357908,67,p17,v2,source1,data-videos\VIPL\VIPL\p16-20\p17\v2\source1\video.avi
163.61003333333335,126.44601666666665,82.95600416666666,0.602753132135047,0.521524648100536,0.3794513135765902,67,p17,v2,source1,data-videos\VIPL\VIPL\p16-20\p17\v2\source1\video.avi
164.07102500000002,126.80234166666668,83.26250833333333,0.22168229244737025,0.19749545116069678,0.24166710653695703,67,p17,v2,source1,data-videos\VIPL\VIPL\p16-20\p17\v2\source1\video.avi
163.82443333333333,126.006,83.20344999999999,0.2601774919672893,0.37576996763497406,0.23108075510943013,67,p17,v2,source1,data-videos\VIPL\VIPL\p16-20\p17\v2\source1\video.avi
164.0302625,125.53639583333332,83.06226250000002,0.46985795552278964,0.37655084525532473,0.2707131873250103,67,p17,v2,source1,data-videos\VIPL\VIPL\p16-20\p17\v2\source1\video.avi
165.41790416666666,126.44300416666667,83.58699166666665,0.5167259100107046,0.51078601830224,0.3391173442843127,67,p17,v2,source1,data-videos\VIPL\VIPL\p16-20\p17\v2\source1\video.avi
164.90234583333336,126.40327916666665,83.40186250000001,0.6284454310649338,0.4148011782351612,0.34753524041934775,66,p17,v2,source1,data-videos\VIPL\VIPL\p16-20\p17\v2\source1\video.avi
163.54967083333332,125.69627083333334,82.790975,0.40794188047713714,0.2778601985361602,0.26816502854533963,67,p17,v2,source1,data-videos\VIPL\VIPL\p16-20\p17\v2\source1\video.avi
163.99317916666666,126.2198625,83.02702083333334,0.6142553157980073,0.4481232592558785,0.4675602011149649,67,p17,v2,source1,data-videos\VIPL\VIPL\p16-20\p17\v2\source1\video.avi
165.49608333333333,127.36555,83.87486666666666,0.29191256895972556,0.232192597558818,0.3562110426067658,66,p17,v2,source1,data-videos\VIPL\VIPL\p16-20\p17\v2\source1\video.avi
164.80988333333332,126.64953333333335,83.64564166666668,0.5347753676583908,0.5260283085102611,0.34137539500160174,66,p17,v2,source1,data-videos\VIPL\VIPL\p16-20\p17\v2\source1\video.avi
163.98849166666668,125.550625,82.998125,0.1564867515247782,0.2758523501752743,0.1664745976618259,66,p17,v2,source1,data-videos\VIPL\VIPL\p16-20\p17\v2\source1\video.avi
163.63574583333332,125.1003125,82.81857916666668,0.5130540997505327,0.45078776629701894,0.32086029497101737,66,p17,v2,source1,data-videos\VIPL\VIPL\p16-20\p17\v2\source1\video.avi
164.26677916666668,125.60282916666667,83.18747499999999,0.5225707420877184,0.31970971762157485,0.34489961210554604,65,p17,v2,source1,data-videos\VIPL\VIPL\p16-20\p17\v2\source1\video.avi
164.00271250000003,125.55117916666669,83.09908750000001,0.45022715474308656,0.3815229893775875,0.34132417829315864,65,p17,v2,source1,data-videos\VIPL\VIPL\p16-20\p17\v2\source1\video.avi
163.62952499999997,125.601525,82.71705,0.2181002693716815,0.2972657558201642,0.2172031193823978,65,p17,v2,source1,data-videos\VIPL\VIPL\p16-20\p17\v2\source1\video.avi
179.81592916666668,137.16117916666667,92.7611625,0.7966171526846416,0.3909656444927216,0.5149640466481888,65,p17,v3,source1,data-videos\VIPL\VIPL\p16-20\p17\v3\source1\video.avi
181.0089375,137.63988750000001,93.17477083333333,0.32940167507416873,0.18785777883666138,0.32585811659797204,65,p17,v3,source1,data-videos\VIPL\VIPL\p16-20\p17\v3\source1\video.avi
180.28439583333338,136.73414583333334,92.54427916666667,0.8023123882894845,0.7130236367731596,0.3376588308361962,65,p17,v3,source1,data-videos\VIPL\VIPL\p16-20\p17\v3\source1\video.avi
181.48437083333334,137.7379375,93.27707083333333,1.1653477878137921,0.9396009186270105,0.6975548622639336,65,p17,v3,source1,data-videos\VIPL\VIPL\p16-20\p17\v3\source1\video.avi
181.666,138.16551666666666,94.03461666666666,0.9171329633132997,0.5610769108561091,0.35807008222514547,65,p17,v3,source1,data-videos\VIPL\VIPL\p16-20\p17\v3\source1\video.avi
181.15688333333333,137.95611666666667,93.81303333333334,0.5661318071092917,0.43907890738422445,0.3878618553740067,65,p17,v3,source1,data-videos\VIPL\VIPL\p16-20\p17\v3\source1\video.avi
178.99117083333334,136.40673750000002,92.16983750000001,1.244042341159344,0.888056676314762,0.6333378975164494,65,p17,v3,source1,data-videos\VIPL\VIPL\p16-20\p17\v3\source1\video.avi
179.39785833333335,136.935625,91.933475,0.7858337128180397,0.6179363737304734,0.4668765040508275,70,p17,v3,source1,data-videos\VIPL\VIPL\p16-20\p17\v3\source1\video.avi
181.57755416666666,138.74005416666668,93.1421875,1.008365015480232,0.8514121995902533,0.6185156570819812,73,p17,v3,source1,data-videos\VIPL\VIPL\p16-20\p17\v3\source1\video.avi
182.52738333333332,139.42381666666665,93.71723333333331,0.612212609249115,0.5670285822516161,0.4918728690833411,80,p17,v3,source1,data-videos\VIPL\VIPL\p16-20\p17\v3\source1\video.avi
178.67635416666667,136.21720416666668,91.40958750000001,0.8997558325233149,0.7739344212770869,0.5562745901868063,87,p17,v3,source1,data-videos\VIPL\VIPL\p16-20\p17\v3\source1\video.avi
176.08748750000004,134.13895416666665,90.10537083333332,1.8321701635192844,1.3919511053758096,0.8352333917210395,92,p17,v3,source1,data-videos\VIPL\VIPL\p16-20\p17\v3\source1\video.avi
173.6609875,132.3805875,88.9406375,0.509788617958464,0.3207284553689221,0.3035885091973442,97,p17,v3,source1,data-videos\VIPL\VIPL\p16-20\p17\v3\source1\video.avi
175.43229166666663,133.762875,89.67444166666667,0.23702629476436285,0.24672564575015968,0.23917040843472606,97,p17,v3,source1,data-videos\VIPL\VIPL\p16-20\p17\v3\source1\video.avi
175.8622875,134.1275375,90.3325208333333,0.5477094225296644,0.4792585698822269,0.2887162317917023,97,p17,v3,source1,data-videos\VIPL\VIPL\p16-20\p17\v3\source1\video.avi
174.24443749999998,132.81422083333334,89.24282083333331,0.20719507380994942,0.16288753234807424,0.26654406348252824,96,p17,v3,source1,data-videos\VIPL\VIPL\p16-20\p17\v3\source1\video.avi
175.28597499999995,133.600275,89.53685833333333,0.36027803316404833,0.31808082928452674,0.250805787662486,94,p17,v3,source1,data-videos\VIPL\VIPL\p16-20\p17\v3\source1\video.avi
176.9543125,134.9575625,90.35251250000002,0.6718364446301889,0.5468240277832638,0.28076260286346194,93,p17,v3,source1,data-videos\VIPL\VIPL\p16-20\p17\v3\source1\video.avi
178.00781249999997,135.97684583333333,90.7963625,0.26777512623312355,0.184946727784126,0.23707806621272773,90,p17,v3,source1,data-videos\VIPL\VIPL\p16-20\p17\v3\source1\video.avi
178.80207916666666,136.9352125,91.2580625,0.5442154852080915,0.5498606937531744,0.3654317141048535,90,p17,v3,source1,data-videos\VIPL\VIPL\p16-20\p17\v3\source1\video.avi
178.53190833333335,137.05589166666667,91.36574166666668,0.4079468597525208,0.2974604856461349,0.36315959545471754,89,p17,v3,source1,data-videos\VIPL\VIPL\p16-20\p17\v3\source1\video.avi
177.0787791666667,136.10397916666668,90.81091250000001,0.5222237112752133,0.43431292022413004,0.379810499944453,90,p17,v3,source1,data-videos\VIPL\VIPL\p16-20\p17\v3\source1\video.avi
176.87162083333334,135.8930875,90.64600416666666,0.5479190407743237,0.43943147641615043,0.39030345419194895,92,p17,v3,source1,data-videos\VIPL\VIPL\p16-20\p17\v3\source1\video.avi
173.91597916666666,133.37232916666667,89.11827916666667,0.5579267658408814,0.4323505169580453,0.3131609830733134,95,p17,v3,source1,data-videos\VIPL\VIPL\p16-20\p17\v3\source1\video.avi
174.1906625,133.46422916666668,89.26762916666667,0.4429041869518115,0.3754206691425588,0.30339182597664777,95,p17,v3,source1,data-videos\VIPL\VIPL\p16-20\p17\v3\source1\video.avi
175.44762499999996,134.31869166666667,89.99774166666666,0.5626046175860677,0.44422514378190575,0.3741136187803684,95,p17,v3,source1,data-videos\VIPL\VIPL\p16-20\p17\v3\source1\video.avi
176.18704583333331,134.99502916666665,90.48274583333333,0.34184513870196487,0.23051048142896002,0.3186240626484613,95,p17,v3,source1,data-videos\VIPL\VIPL\p16-20\p17\v3\source1\video.avi
176.75087499999998,135.61505833333334,90.70550833333333,2.6678781634409883,2.23765647518503,1.7250644239479385,94,p17,v3,source1,data-videos\VIPL\VIPL\p16-20\p17\v3\source1\video.avi
172.74945833333334,132.28000833333334,87.99975833333333,0.7605965084137,0.6562504721691409,0.44567231780884653,92,p17,v3,source1,data-videos\VIPL\VIPL\p16-20\p17\v3\source1\video.avi
172.2383125,131.77877916666665,87.81359583333332,0.67143637426602,0.5238303260797654,0.33506906952771154,91,p17,v3,source1,data-videos\VIPL\VIPL\p16-20\p17\v3\source1\video.avi
175.69442499999997,134.40540833333336,89.51849166666665,1.4127679794713104,1.083377912512268,0.8017601075567719,90,p17,v3,source1,data-videos\VIPL\VIPL\p16-20\p17\v3\source1\video.avi
176.757475,135.252675,90.72580833333333,1.0140601582664297,0.8783403238969135,0.727185552317975,89,p17,v3,source1,data-videos\VIPL\VIPL\p16-20\p17\v3\source1\video.avi
173.63304166666666,132.55215833333332,88.97570833333333,0.3508073476124584,0.3299254012904511,0.3151086287562876,88,p17,v3,source1,data-videos\VIPL\VIPL\p16-20\p17\v3\source1\video.avi
173.43333750000002,132.54555416666665,88.7178875,0.2212744581584894,0.18817514263460763,0.23206746564547048,87,p17,v3,source1,data-videos\VIPL\VIPL\p16-20\p17\v3\source1\video.avi
173.72652916666667,132.88477916666668,89.05266249999998,0.2951618916656864,0.2596135588341954,0.28483021880001974,88,p17,v3,source1,data-videos\VIPL\VIPL\p16-20\p17\v3\source1\video.avi
173.96222083333333,133.30437083333334,89.07073749999999,0.4688389635208209,0.441437978805567,0.2973386188688477,89,p17,v3,source1,data-videos\VIPL\VIPL\p16-20\p17\v3\source1\video.avi
175.68524166666666,134.70389166666666,90.098275,0.449802988046496,0.38498434636286805,0.38933742916652786,89,p17,v3,source1,data-videos\VIPL\VIPL\p16-20\p17\v3\source1\video.avi
175.21874583333334,134.00979583333333,89.76904583333334,0.5019285804731946,0.5305549223127418,0.4369618085348612,90,p17,v3,source1,data-videos\VIPL\VIPL\p16-20\p17\v3\source1\video.avi
174.7465666666667,133.25708333333333,89.43783333333334,0.6641560711722815,0.5509210201890202,0.42837373552969693,90,p17,v3,source1,data-videos\VIPL\VIPL\p16-20\p17\v3\source1\video.avi
174.38613750000002,133.07777083333335,89.43063749999999,1.0684748479953168,0.8803162897307297,0.8659249166153359,90,p17,v3,source1,data-videos\VIPL\VIPL\p16-20\p17\v3\source1\video.avi
171.39039999999997,131.01280000000003,88.12878333333335,1.2015146971346446,0.8935079228881463,0.6343179440132696,90,p17,v3,source1,data-videos\VIPL\VIPL\p16-20\p17\v3\source1\video.avi
206.2837583333333,137.42862083333333,87.27697083333332,1.066789308509414,0.7058862954106784,0.5383129413707445,82,p17,v4,source1,data-videos\VIPL\VIPL\p16-20\p17\v4\source1\video.avi
208.62751249999997,139.22519583333332,89.23889166666667,1.1235827265969078,0.695727795963616,0.5541044497342331,82,p17,v4,source1,data-videos\VIPL\VIPL\p16-20\p17\v4\source1\video.avi
209.25251250000002,139.5463041666667,89.41340416666667,0.6408679460201732,0.5917558303707507,0.3564713161477529,83,p17,v4,source1,data-videos\VIPL\VIPL\p16-20\p17\v4\source1\video.avi
210.68081666666666,140.63250833333333,90.22547916666666,0.29913642152128017,0.1497711446303633,0.29983719830286504,82,p17,v4,source1,data-videos\VIPL\VIPL\p16-20\p17\v4\source1\video.avi
209.3931,139.59846249999998,88.78895416666668,0.597295683831392,0.3716861078155303,0.5008402345267731,82,p17,v4,source1,data-videos\VIPL\VIPL\p16-20\p17\v4\source1\video.avi
206.65640000000002,137.42705,87.32658333333333,0.315020718399335,0.24922304741157345,0.27934407453741844,82,p17,v4,source1,data-videos\VIPL\VIPL\p16-20\p17\v4\source1\video.avi
206.5875791666667,137.20888333333332,87.22541666666666,0.1982208786584052,0.2748069074621101,0.26057897275426134,81,p17,v4,source1,data-videos\VIPL\VIPL\p16-20\p17\v4\source1\video.avi
205.89647083333338,137.00315833333335,87.5287125,0.35241768310919663,0.2822997872755737,0.29578117040117374,81,p17,v4,source1,data-videos\VIPL\VIPL\p16-20\p17\v4\source1\video.avi
206.29966666666667,137.57329583333333,87.79494166666667,0.4110984069217612,0.4129160526820187,0.3855278489184239,81,p17,v4,source1,data-videos\VIPL\VIPL\p16-20\p17\v4\source1\video.avi
207.26542083333334,138.43302916666664,88.22165000000001,0.3579063037886696,0.18891711218885973,0.20246569428204528,81,p17,v4,source1,data-videos\VIPL\VIPL\p16-20\p17\v4\source1\video.avi
205.9247916666667,137.44445833333333,87.7107375,0.23266726547499658,0.26218142705852476,0.22841867877321184,81,p17,v4,source1,data-videos\VIPL\VIPL\p16-20\p17\v4\source1\video.avi
206.42560833333337,137.48083333333335,87.87084166666665,0.4071301765099222,0.08907195612568249,0.29388452876937915,81,p17,v4,source1,data-videos\VIPL\VIPL\p16-20\p17\v4\source1\video.avi
207.33949583333336,137.74739166666666,88.15097916666667,0.2082031086329969,0.22198702273756657,0.21948986586008298,79,p17,v4,source1,data-videos\VIPL\VIPL\p16-20\p17\v4\source1\video.avi
206.87731666666667,137.28022916666666,88.0401375,0.2450892575505222,0.3115417140341452,0.2779307354010264,77,p17,v4,source1,data-videos\VIPL\VIPL\p16-20\p17\v4\source1\video.avi
205.9843833333333,136.64605833333334,87.68984583333332,0.29291016606110515,0.18536388921149405,0.30164010892535537,74,p17,v4,source1,data-videos\VIPL\VIPL\p16-20\p17\v4\source1\video.avi
206.67771666666664,137.3304125,87.38358333333333,0.6301059957679961,0.614013054964361,0.38139460827628574,72,p17,v4,source1,data-videos\VIPL\VIPL\p16-20\p17\v4\source1\video.avi
206.81132916666667,137.78463333333332,87.46151250000001,0.45564689045874335,0.18360320837338268,0.29308515945786995,72,p17,v4,source1,data-videos\VIPL\VIPL\p16-20\p17\v4\source1\video.avi
205.35423333333335,137.43324583333336,86.7815125,0.31192527133246967,0.2694080343240228,0.27428751155139325,72,p17,v4,source1,data-videos\VIPL\VIPL\p16-20\p17\v4\source1\video.avi
204.4245916666667,137.50839583333334,86.63266666666665,0.8636657017474996,0.3703260633943624,0.3095591847916789,70,p17,v4,source1,data-videos\VIPL\VIPL\p16-20\p17\v4\source1\video.avi
203.78367916666667,137.65893333333332,86.45530833333332,0.5326784917987607,0.37978594606224086,0.3554679995169115,70,p17,v4,source1,data-videos\VIPL\VIPL\p16-20\p17\v4\source1\video.avi
203.19738333333333,137.390175,86.35199583333333,0.4623908470295119,0.305510583729652,0.32339605233624386,70,p17,v4,source1,data-videos\VIPL\VIPL\p16-20\p17\v4\source1\video.avi
201.81502916666665,136.24529166666667,86.1469,0.2673119106389481,0.37701169554324093,0.3459985640424613,68,p17,v4,source1,data-videos\VIPL\VIPL\p16-20\p17\v4\source1\video.avi
204.2139875,137.53842083333333,86.90822083333335,2.1972840259577624,1.439278445970314,0.8312870626240447,66,p17,v4,source1,data-videos\VIPL\VIPL\p16-20\p17\v4\source1\video.avi
205.9055833333333,138.15875416666668,87.37597083333333,0.7394849195085437,0.5303006603307445,0.3723413354295283,65,p17,v4,source1,data-videos\VIPL\VIPL\p16-20\p17\v4\source1\video.avi
204.15402083333333,136.763675,86.66466249999999,0.7695656591996857,0.4109961555308152,0.4198400026762838,64,p17,v4,source1,data-videos\VIPL\VIPL\p16-20\p17\v4\source1\video.avi
203.5747708333333,136.34161666666668,86.37392916666666,0.5857241430070882,0.30889031634986674,0.3906233716854949,64,p17,v4,source1,data-videos\VIPL\VIPL\p16-20\p17\v4\source1\video.avi
203.0871791666667,136.31205416666666,86.09307916666667,0.3949173183067713,0.30681678775777627,0.2960271344075665,64,p17,v4,source1,data-videos\VIPL\VIPL\p16-20\p17\v4\source1\video.avi
204.3061708333333,137.44525833333336,86.57935833333333,0.26569388858337234,0.19611111088487712,0.22250804191147414,64,p17,v4,source1,data-videos\VIPL\VIPL\p16-20\p17\v4\source1\video.avi
202.20345833333332,136.20068750000002,85.74759583333332,0.599057712769953,0.4914427606335928,0.3952248392265692,64,p17,v4,source1,data-videos\VIPL\VIPL\p16-20\p17\v4\source1\video.avi
201.98282916666668,136.13202083333334,85.74920833333334,0.6510310236996719,0.5026465452772636,0.33493074532904177,64,p17,v4,source1,data-videos\VIPL\VIPL\p16-20\p17\v4\source1\video.avi
200.76495000000003,135.39295833333333,85.78341666666667,0.3785752990471128,0.31511022377098263,0.3298708856738943,64,p17,v4,source1,data-videos\VIPL\VIPL\p16-20\p17\v4\source1\video.avi
225.15249583333332,154.847125,80.88859583333334,0.7097996902246833,0.3756705763623807,0.28820160484411433,75,p17,v5,source1,data-videos\VIPL\VIPL\p16-20\p17\v5\source1\video.avi
222.90152083333334,153.96293333333335,80.01812083333333,1.3701150796911992,0.7857937090575647,0.534674647533692,75,p17,v5,source1,data-videos\VIPL\VIPL\p16-20\p17\v5\source1\video.avi
220.66495000000003,153.70788333333337,79.51282916666668,0.9785973731216344,0.3495747636514167,0.3929645690135436,75,p17,v5,source1,data-videos\VIPL\VIPL\p16-20\p17\v5\source1\video.avi
219.40335833333336,152.49926666666667,79.02559583333333,0.4385987663539658,0.7833254296365451,0.3188512373545063,75,p17,v5,source1,data-videos\VIPL\VIPL\p16-20\p17\v5\source1\video.avi
218.00081666666665,150.077275,78.04304583333334,1.0816116269381444,0.7510699952354989,0.4594986089176124,74,p17,v5,source1,data-videos\VIPL\VIPL\p16-20\p17\v5\source1\video.avi
217.80060833333334,149.98281666666665,77.95356666666666,1.3606624234632927,1.3190733280834355,0.8355947426999386,74,p17,v5,source1,data-videos\VIPL\VIPL\p16-20\p17\v5\source1\video.avi
219.40085,151.90391666666667,79.02700833333333,0.7967083772858794,0.5112580208553111,0.37023929775777054,73,p17,v5,source1,data-videos\VIPL\VIPL\p16-20\p17\v5\source1\video.avi
221.16219583333336,152.65415,79.12974166666667,0.3329269018555978,0.38328308624486335,0.3264692950722935,72,p17,v5,source1,data-videos\VIPL\VIPL\p16-20\p17\v5\source1\video.avi
221.82793750000002,151.80172916666666,78.8737875,0.4325745269363025,0.4418123934117535,0.30138755918805454,71,p17,v5,source1,data-videos\VIPL\VIPL\p16-20\p17\v5\source1\video.avi
222.7629083333333,152.39114583333333,79.1877625,0.4380459004123377,0.4968141096512984,0.3055319332851216,70,p17,v5,source1,data-videos\VIPL\VIPL\p16-20\p17\v5\source1\video.avi
220.38655000000003,151.43540416666667,78.51160416666667,1.2182859309918914,0.5739964712979548,0.5197452367372989,70,p17,v5,source1,data-videos\VIPL\VIPL\p16-20\p17\v5\source1\video.avi
219.6940041666667,151.57388333333333,78.18365833333333,0.4898843375042176,0.3844867052227642,0.3681569139627987,70,p17,v5,source1,data-videos\VIPL\VIPL\p16-20\p17\v5\source1\video.avi
220.79385000000002,151.79995833333334,78.3965125,0.5632849326470747,0.5133290051562677,0.3252129859265719,69,p17,v5,source1,data-videos\VIPL\VIPL\p16-20\p17\v5\source1\video.avi
220.96596666666667,150.7226375,78.0433625,0.8008554933848666,0.7529993248761144,0.42375241469321845,68,p17,v5,source1,data-videos\VIPL\VIPL\p16-20\p17\v5\source1\video.avi
219.91528749999998,150.88585,77.607625,0.44299430399052814,0.8306687309155392,0.5454709070304913,66,p17,v5,source1,data-videos\VIPL\VIPL\p16-20\p17\v5\source1\video.avi
221.52840833333335,153.5699125,78.846575,0.5228418767233131,0.7056747975244049,0.3282182133737816,65,p17,v5,source1,data-videos\VIPL\VIPL\p16-20\p17\v5\source1\video.avi
221.12921250000002,153.2041416666667,78.22834166666667,0.7487712794230864,0.7417141249329157,0.5381781533627545,65,p17,v5,source1,data-videos\VIPL\VIPL\p16-20\p17\v5\source1\video.avi
220.91135416666668,152.14365416666666,77.88228749999999,0.5307666755636523,0.2764318593201996,0.2554655803490088,64,p17,v5,source1,data-videos\VIPL\VIPL\p16-20\p17\v5\source1\video.avi
219.78773333333334,150.00140416666667,77.06940833333333,1.0046290413180954,1.005165696470542,0.7700870918910553,64,p17,v5,source1,data-videos\VIPL\VIPL\p16-20\p17\v5\source1\video.avi
135.29105416666664,133.26065,125.06690833333334,0.4884862187084268,0.3685903388813501,0.46551787891581253,69,p17,v6,source1,data-videos\VIPL\VIPL\p16-20\p17\v6\source1\video.avi
134.65066666666667,132.80689166666667,124.36769166666667,0.1722977729671643,0.19812515921830484,0.309364403129403,69,p17,v6,source1,data-videos\VIPL\VIPL\p16-20\p17\v6\source1\video.avi
134.69513750000002,132.6664375,124.15219166666668,0.3913163423518973,0.19589889859879997,0.278052656758671,69,p17,v6,source1,data-videos\VIPL\VIPL\p16-20\p17\v6\source1\video.avi
134.52677916666667,132.42462916666668,123.8328875,0.2902876670099088,0.18585003914072853,0.33064111691446374,69,p17,v6,source1,data-videos\VIPL\VIPL\p16-20\p17\v6\source1\video.avi
134.86062916666666,133.606975,125.15764166666666,0.23179984833364287,0.3633583664923645,0.4366807079485474,72,p17,v6,source1,data-videos\VIPL\VIPL\p16-20\p17\v6\source1\video.avi
135.2149625,134.4272375,126.16373750000001,0.12227984000166477,0.18194187420788563,0.2427786223685403,73,p17,v6,source1,data-videos\VIPL\VIPL\p16-20\p17\v6\source1\video.avi
134.93335416666667,134.0047625,125.6423375,0.19137364830061931,0.23977047133375673,0.38280155038762054,76,p17,v6,source1,data-videos\VIPL\VIPL\p16-20\p17\v6\source1\video.avi
134.8460125,133.46822083333333,124.96513333333333,0.17991371514099144,0.178413002842655,0.24155633350617114,77,p17,v6,source1,data-videos\VIPL\VIPL\p16-20\p17\v6\source1\video.avi
134.51536666666667,133.22862916666668,124.81160833333334,0.19624798105826105,0.244481336412753,0.3649279895670429,78,p17,v6,source1,data-videos\VIPL\VIPL\p16-20\p17\v6\source1\video.avi
134.90935,133.5584125,125.16346250000001,0.25176762475544817,0.2481179754813086,0.27983220927409735,82,p17,v6,source1,data-videos\VIPL\VIPL\p16-20\p17\v6\source1\video.avi
135.48062083333332,134.49722916666667,126.22064583333332,0.1844977380544871,0.22266141928697009,0.2948091602583315,82,p17,v6,source1,data-videos\VIPL\VIPL\p16-20\p17\v6\source1\video.avi
135.56772083333334,134.62512083333334,126.31159583333334,0.2343459080463189,0.18741408605752446,0.293559938099435,82,p17,v6,source1,data-videos\VIPL\VIPL\p16-20\p17\v6\source1\video.avi
135.49117916666665,134.62302083333333,126.33678333333333,0.16811347988205855,0.07516995211777883,0.19797143610604234,82,p17,v6,source1,data-videos\VIPL\VIPL\p16-20\p17\v6\source1\video.avi
135.5860375,134.67454583333333,126.36425,0.23614587740772972,0.2152585873883861,0.2617676938066149,82,p17,v6,source1,data-videos\VIPL\VIPL\p16-20\p17\v6\source1\video.avi
135.8588125,134.86850416666667,126.60982083333333,0.24981493497409435,0.29339368146977857,0.3691350397005435,82,p17,v6,source1,data-videos\VIPL\VIPL\p16-20\p17\v6\source1\video.avi
135.98395833333333,135.07369166666666,127.14082916666666,0.20369974030761326,0.28851788421844754,0.3533493049652775,82,p17,v6,source1,data-videos\VIPL\VIPL\p16-20\p17\v6\source1\video.avi
136.6285,135.62105833333334,127.85258333333333,0.3159770863483949,0.20467232382246645,0.30062913487569914,81,p17,v6,source1,data-videos\VIPL\VIPL\p16-20\p17\v6\source1\video.avi
136.42476666666664,135.27555833333335,127.22795000000002,0.2859048961071752,0.17314350803596354,0.2730198639496974,80,p17,v6,source1,data-videos\VIPL\VIPL\p16-20\p17\v6\source1\video.avi
136.56568333333334,136.40432083333334,128.46543333333335,0.2327176215693351,0.2955876446330663,0.3669220330915778,79,p17,v6,source1,data-videos\VIPL\VIPL\p16-20\p17\v6\source1\video.avi
136.5519125,136.10567916666668,128.18157083333332,0.22560359601460614,0.38068967148088334,0.5853846483830093,77,p17,v6,source1,data-videos\VIPL\VIPL\p16-20\p17\v6\source1\video.avi
137.1922,136.25536666666667,128.4314375,0.14293169661006846,0.2548863225646968,0.3113647239483686,76,p17,v6,source1,data-videos\VIPL\VIPL\p16-20\p17\v6\source1\video.avi
137.18978333333334,136.30941666666666,128.52314583333336,0.19873483720986942,0.175004660156203,0.26017978559706156,74,p17,v6,source1,data-videos\VIPL\VIPL\p16-20\p17\v6\source1\video.avi
136.55705833333334,135.96964166666666,127.71832083333335,0.16618858587878327,0.26419518950904836,0.41684780783378833,74,p17,v6,source1,data-videos\VIPL\VIPL\p16-20\p17\v6\source1\video.avi
137.12052916666664,136.73215416666665,128.70967916666666,0.28237313541512443,0.3552099715504768,0.6329649894598786,73,p17,v6,source1,data-videos\VIPL\VIPL\p16-20\p17\v6\source1\video.avi
137.40303749999998,137.31220416666665,129.57382083333331,0.18831477065600202,0.24051664890975358,0.34539781276450054,72,p17,v6,source1,data-videos\VIPL\VIPL\p16-20\p17\v6\source1\video.avi
137.89199583333334,137.80663750000002,130.2728416666667,0.3142004246341444,0.42364494408151615,0.628832973401915,70,p17,v6,source1,data-videos\VIPL\VIPL\p16-20\p17\v6\source1\video.avi
137.79035833333333,137.56573333333333,129.97169166666666,0.22424139685280975,0.3052824461780347,0.45326947148988594,70,p17,v6,source1,data-videos\VIPL\VIPL\p16-20\p17\v6\source1\video.avi
137.66860416666665,137.40251666666666,129.98509583333333,0.14258946996340482,0.17171166400555013,0.17507730911419234,70,p17,v6,source1,data-videos\VIPL\VIPL\p16-20\p17\v6\source1\video.avi
137.42150416666667,136.79425416666666,129.37416666666667,0.2671910990335873,0.4395907342188986,0.5464691629057822,69,p17,v6,source1,data-videos\VIPL\VIPL\p16-20\p17\v6\source1\video.avi
136.98939166666668,136.013475,128.35536666666667,0.193797475545418,0.16007520715102777,0.19991441120028278,69,p17,v6,source1,data-videos\VIPL\VIPL\p16-20\p17\v6\source1\video.avi
140.20564583333334,106.29332916666667,69.1519625,0.5086359959626199,0.24574436327886187,0.2788182802521703,149,p17,v7,source1,data-videos\VIPL\VIPL\p16-20\p17\v7\source1\video.avi
137.82969583333335,104.12756250000001,68.09659583333334,0.6145332556716427,0.5046337359563657,0.39979474846823476,148,p17,v7,source1,data-videos\VIPL\VIPL\p16-20\p17\v7\source1\video.avi
136.7875958333333,103.49067916666667,67.49907916666668,1.561538157821746,1.037158058242706,0.7779836661470892,148,p17,v7,source1,data-videos\VIPL\VIPL\p16-20\p17\v7\source1\video.avi
133.18592083333334,101.1679875,65.85003333333334,0.2663352900037663,0.22972277926339793,0.21769798364553863,147,p17,v7,source1,data-videos\VIPL\VIPL\p16-20\p17\v7\source1\video.avi
132.96783749999997,101.07987083333336,65.84590416666666,0.3930040545274328,0.3235259189127409,0.2541244512755717,145,p17,v7,source1,data-videos\VIPL\VIPL\p16-20\p17\v7\source1\video.avi
129.35989583333333,98.48489166666667,64.6244875,2.180174308541636,1.5235410238272935,0.8058695775199743,145,p17,v7,source1,data-videos\VIPL\VIPL\p16-20\p17\v7\source1\video.avi
127.42451249999998,97.133725,63.7962125,1.0696019588853556,0.6865233386519981,0.29178520936260316,143,p17,v7,source1,data-videos\VIPL\VIPL\p16-20\p17\v7\source1\video.avi
132.04664583333334,100.23878333333332,65.24233749999999,1.1058067183119735,0.7515286699593261,0.5262765482878539,141,p17,v7,source1,data-videos\VIPL\VIPL\p16-20\p17\v7\source1\video.avi
129.44400000000002,98.43879583333333,64.22760416666667,1.3031224160645827,0.9031667887679082,0.5846108050684474,138,p17,v7,source1,data-videos\VIPL\VIPL\p16-20\p17\v7\source1\video.avi
130.3606125,99.27293333333333,64.46629166666666,0.44063885451031803,0.2820649115107275,0.34446157537484906,135,p17,v7,source1,data-videos\VIPL\VIPL\p16-20\p17\v7\source1\video.avi
130.56231666666667,99.43939166666667,64.65739166666667,0.8315586082730747,0.570318333440487,0.3757069707194983,132,p17,v7,source1,data-videos\VIPL\VIPL\p16-20\p17\v7\source1\video.avi
126.51815,96.70594166666666,63.42143333333333,1.918628692392259,1.1805674668647468,0.3856312345074981,131,p17,v7,source1,data-videos\VIPL\VIPL\p16-20\p17\v7\source1\video.avi
122.53927500000002,94.9027625,63.677104166666666,0.38397568065352006,0.41607634862119286,0.5984616795956482,130,p17,v7,source1,data-videos\VIPL\VIPL\p16-20\p17\v7\source1\video.avi
124.30892083333335,95.20534166666667,62.381366666666665,0.5341232682578458,0.29560422102214745,0.19544388207786548,127,p17,v7,source1,data-videos\VIPL\VIPL\p16-20\p17\v7\source1\video.avi
123.98176249999999,95.02732916666666,62.38621666666667,0.2758210264752004,0.19504555619919986,0.3327113959888264,126,p17,v7,source1,data-videos\VIPL\VIPL\p16-20\p17\v7\source1\video.avi
124.46664166666666,95.44473749999999,62.48865,0.5440237459712185,0.35844896041448043,0.2570848924182876,126,p17,v7,source1,data-videos\VIPL\VIPL\p16-20\p17\v7\source1\video.avi
126.77337499999997,97.20110833333332,63.37658750000001,0.6680672053009428,0.5057124717292424,0.3242352598273018,124,p17,v7,source1,data-videos\VIPL\VIPL\p16-20\p17\v7\source1\video.avi
125.85652916666668,97.49644166666667,65.3232125,0.5312471345674343,0.8035703481399259,1.3100904766518564,123,p17,v7,source1,data-videos\VIPL\VIPL\p16-20\p17\v7\source1\video.avi
125.04272083333333,97.60410416666666,66.07103333333333,0.3502555407901021,0.47969715290685605,0.9657301780726745,124,p17,v7,source1,data-videos\VIPL\VIPL\p16-20\p17\v7\source1\video.avi
127.05184166666668,97.79499583333332,64.31450416666667,0.8117727170836608,0.4804246453153604,0.19295400169686328,123,p17,v7,source1,data-videos\VIPL\VIPL\p16-20\p17\v7\source1\video.avi
125.39619166666665,96.980725,64.61495,0.84039337839573,0.40298397132619806,0.4113077742683823,124,p17,v7,source1,data-videos\VIPL\VIPL\p16-20\p17\v7\source1\video.avi
124.96592083333333,97.04050833333335,65.1072625,0.1730954965835338,0.1318929039979049,0.415190698864523,124,p17,v7,source1,data-videos\VIPL\VIPL\p16-20\p17\v7\source1\video.avi
125.94662083333333,96.80821666666667,64.12190000000001,0.29064214268437877,0.13786359540321044,0.3201558624868861,122,p17,v7,source1,data-videos\VIPL\VIPL\p16-20\p17\v7\source1\video.avi
125.51185416666665,97.218025,65.96535833333333,0.583571661135592,0.7001037481896273,1.7000964622550745,122,p17,v7,source1,data-videos\VIPL\VIPL\p16-20\p17\v7\source1\video.avi
125.48229583333332,99.20820416666668,69.60852499999999,0.5339969760044944,0.5409434340614248,0.6882521098668066,120,p17,v7,source1,data-videos\VIPL\VIPL\p16-20\p17\v7\source1\video.avi
125.06977499999999,97.39415416666667,66.10683333333333,0.3524408585138787,0.6003435057786127,1.3904728555972525,116,p17,v7,source1,data-videos\VIPL\VIPL\p16-20\p17\v7\source1\video.avi
126.09782916666667,96.99651666666666,63.945479166666665,0.274505683696975,0.24645564079960586,0.1904747768734743,117,p17,v7,source1,data-videos\VIPL\VIPL\p16-20\p17\v7\source1\video.avi
125.4108375,96.77999166666666,63.947991666666674,0.546046788320124,0.2940744070384216,0.15952449285123643,117,p17,v7,source1,data-videos\VIPL\VIPL\p16-20\p17\v7\source1\video.avi
124.48107916666667,96.27249166666667,64.35810416666668,0.2925921609320529,0.326031027408946,0.6813889645473743,117,p17,v7,source1,data-videos\VIPL\VIPL\p16-20\p17\v7\source1\video.avi
124.83588333333333,98.02029583333334,67.742025,0.36083320357003057,0.7966277713875118,1.270410179577839,115,p17,v7,source1,data-videos\VIPL\VIPL\p16-20\p17\v7\source1\video.avi
123.33157500000002,96.37586666666667,65.99085416666667,0.4597381088728662,0.8979824844013743,1.42572071625683,115,p17,v7,source1,data-videos\VIPL\VIPL\p16-20\p17\v7\source1\video.avi
152.29240416666664,122.12952083333336,87.46807083333333,0.5668291754723511,0.5022951904342041,0.4974219623328978,74,p18,v1,source1,data-videos\VIPL\VIPL\p16-20\p18\v1\source1\video.avi
152.607925,122.35519166666667,87.69919166666666,0.1561138710338273,0.14891342761353452,0.24936077006183877,74,p18,v1,source1,data-videos\VIPL\VIPL\p16-20\p18\v1\source1\video.avi
153.6117375,123.19635416666667,88.31868750000001,0.708315443229962,0.6091777337400994,0.41809580013470293,75,p18,v1,source1,data-videos\VIPL\VIPL\p16-20\p18\v1\source1\video.avi
154.7100625,124.09621250000001,89.12719583333333,0.30342290630314195,0.2793532723343124,0.3075566511726844,75,p18,v1,source1,data-videos\VIPL\VIPL\p16-20\p18\v1\source1\video.avi
153.35654583333334,122.82806250000002,88.18229583333334,0.729545011771987,0.6067967959395484,0.46446097555392035,75,p18,v1,source1,data-videos\VIPL\VIPL\p16-20\p18\v1\source1\video.avi
151.66970833333332,121.38649166666669,87.24612499999999,0.3279428978813755,0.26804937375571836,0.2267212154797425,75,p18,v1,source1,data-videos\VIPL\VIPL\p16-20\p18\v1\source1\video.avi
151.83677916666667,121.49016249999998,87.41657916666666,0.43207756838809275,0.2715360132524885,0.38816422762043296,76,p18,v1,source1,data-videos\VIPL\VIPL\p16-20\p18\v1\source1\video.avi
151.64160416666667,121.19672083333334,87.09175416666668,0.7596748979141249,0.7169573611750258,0.7855804574352446,76,p18,v1,source1,data-videos\VIPL\VIPL\p16-20\p18\v1\source1\video.avi
151.58154166666668,121.04502499999998,86.74044166666668,0.4232256824657628,0.28380257754437926,0.2988070672482496,76,p18,v1,source1,data-videos\VIPL\VIPL\p16-20\p18\v1\source1\video.avi
152.05087083333333,121.50052083333334,87.52860416666667,0.2932482740666263,0.2816653707440596,0.2718532382733781,76,p18,v1,source1,data-videos\VIPL\VIPL\p16-20\p18\v1\source1\video.avi
151.848425,121.44305833333334,87.45687500000003,0.5393063376214033,0.39846805370868726,0.3326671663636047,76,p18,v1,source1,data-videos\VIPL\VIPL\p16-20\p18\v1\source1\video.avi
152.01996666666668,121.71188333333335,87.34211666666666,0.3114719753422621,0.2694155050108989,0.39085289099075704,76,p18,v1,source1,data-videos\VIPL\VIPL\p16-20\p18\v1\source1\video.avi
150.56059999999997,120.75081666666667,86.54424999999999,0.8169320212394588,0.6188060515296548,0.551771964868892,77,p18,v1,source1,data-videos\VIPL\VIPL\p16-20\p18\v1\source1\video.avi
148.33396249999998,118.97616250000002,85.09567916666667,0.5790303050503202,0.43685713848401736,0.4220600860659534,77,p18,v1,source1,data-videos\VIPL\VIPL\p16-20\p18\v1\source1\video.avi
146.343725,117.290825,83.82250833333336,1.2289389659433416,1.0442239675352223,0.7507157625763262,77,p18,v1,source1,data-videos\VIPL\VIPL\p16-20\p18\v1\source1\video.avi
144.56518333333332,115.67415000000001,82.56551666666667,0.19302891415896378,0.16288212730632282,0.23984890621493524,77,p18,v1,source1,data-videos\VIPL\VIPL\p16-20\p18\v1\source1\video.avi
144.83345833333334,115.70795833333335,82.62030833333334,0.261041320829779,0.21673480899605319,0.27435407487912034,77,p18,v1,source1,data-videos\VIPL\VIPL\p16-20\p18\v1\source1\video.avi
145.19614166666668,115.89599166666667,82.53259166666666,0.16631476516266397,0.1992403305195891,0.33290396867732136,77,p18,v1,source1,data-videos\VIPL\VIPL\p16-20\p18\v1\source1\video.avi
144.84910833333333,115.503125,82.42054166666667,0.3324398325365709,0.2936429134004041,0.29227446344004504,77,p18,v1,source1,data-videos\VIPL\VIPL\p16-20\p18\v1\source1\video.avi
144.84889166666665,115.534025,82.324175,0.21531297851099818,0.1538374127077405,0.29951179158525754,77,p18,v1,source1,data-videos\VIPL\VIPL\p16-20\p18\v1\source1\video.avi
145.6952875,116.47598750000002,82.5143375,0.6035497247189584,0.40890454426362627,0.49705085888613554,78,p18,v1,source1,data-videos\VIPL\VIPL\p16-20\p18\v1\source1\video.avi
147.14324166666668,117.57329166666666,83.45899166666666,0.4190225184133913,0.29414665742855023,0.34078018345775457,78,p18,v1,source1,data-videos\VIPL\VIPL\p16-20\p18\v1\source1\video.avi
148.0876625,118.33144583333333,83.76984583333333,0.320539521960845,0.3135684295333312,0.2653170226351867,78,p18,v1,source1,data-videos\VIPL\VIPL\p16-20\p18\v1\source1\video.avi
148.70657083333333,118.53188750000001,84.50928749999999,0.3870497226168447,0.3621861768022988,0.40024033109981455,78,p18,v1,source1,data-videos\VIPL\VIPL\p16-20\p18\v1\source1\video.avi
148.51001666666667,118.18136666666668,84.24866666666667,0.620267292069404,0.5546106713772783,0.4352724801138285,78,p18,v1,source1,data-videos\VIPL\VIPL\p16-20\p18\v1\source1\video.avi
149.672425,119.12712499999999,84.74685833333334,1.1704344755527767,0.9643142645777132,0.8267812319177236,78,p18,v1,source1,data-videos\VIPL\VIPL\p16-20\p18\v1\source1\video.avi
150.9434,120.23311666666666,85.57436666666666,0.6305327008768056,0.52661256967686,0.5158318624777091,78,p18,v1,source1,data-videos\VIPL\VIPL\p16-20\p18\v1\source1\video.avi
150.17505833333334,119.552775,84.991525,0.18544971868332044,0.1832042866848992,0.3317601913259222,78,p18,v1,source1,data-videos\VIPL\VIPL\p16-20\p18\v1\source1\video.avi
150.37041250000001,119.77859583333333,85.46184583333336,0.23965042806890968,0.17856359287768797,0.33592291572993416,78,p18,v1,source1,data-videos\VIPL\VIPL\p16-20\p18\v1\source1\video.avi
159.63295833333333,128.552675,92.902575,2.3189901204661143,1.9819052913694772,1.357518075104752,79,p18,v2,source1,data-videos\VIPL\VIPL\p16-20\p18\v2\source1\video.avi
162.2440625,130.80679583333335,94.78347916666668,0.6070835349462036,0.520637412550445,0.5843987250085927,79,p18,v2,source1,data-videos\VIPL\VIPL\p16-20\p18\v2\source1\video.avi
157.14254166666666,126.68515833333335,91.75972500000002,5.528380601543352,4.606628297834518,3.5347327174167478,79,p18,v2,source1,data-videos\VIPL\VIPL\p16-20\p18\v2\source1\video.avi
151.21345416666668,121.84217083333331,87.90343750000002,1.8553475595053595,1.5285330989605863,0.9012950082188835,80,p18,v2,source1,data-videos\VIPL\VIPL\p16-20\p18\v2\source1\video.avi
155.0443875,124.9782875,88.94270416666669,0.6069657353785379,0.4556927790997045,0.4092661893984445,80,p18,v2,source1,data-videos\VIPL\VIPL\p16-20\p18\v2\source1\video.avi
153.76189583333334,123.80229583333333,88.13187916666668,0.6369222054798647,0.6287132420225015,0.30053231199915215,80,p18,v2,source1,data-videos\VIPL\VIPL\p16-20\p18\v2\source1\video.avi
163.33364999999998,131.9734666666667,95.11208333333332,8.314147594052827,7.056684541752279,5.311597162825782,79,p18,v2,source1,data-videos\VIPL\VIPL\p16-20\p18\v2\source1\video.avi
176.05863333333335,143.28135,103.20128333333332,0.2618800737376409,0.19979660551768316,0.2936520370339131,79,p18,v2,source1,data-videos\VIPL\VIPL\p16-20\p18\v2\source1\video.avi
169.31255833333333,136.80622499999998,99.36399583333332,3.0550658122627983,2.922337592062075,1.6287746885333596,78,p18,v2,source1,data-videos\VIPL\VIPL\p16-20\p18\v2\source1\video.avi
166.66107916666667,134.6646125,98.58149583333334,1.5369938252943844,1.1722144784285418,1.3996110911582027,77,p18,v2,source1,data-videos\VIPL\VIPL\p16-20\p18\v2\source1\video.avi
153.13615,123.36415000000001,89.77553333333336,3.477896974715629,2.9833780661334415,2.1429642774379136,77,p18,v2,source1,data-videos\VIPL\VIPL\p16-20\p18\v2\source1\video.avi
140.85475,113.06354999999999,81.97295,5.314638377230305,4.2321893265295065,2.798652681133917,76,p18,v2,source1,data-videos\VIPL\VIPL\p16-20\p18\v2\source1\video.avi
120.56706249999999,97.30794583333335,71.74264583333333,5.09877171125965,4.002961923506351,2.5192497646593366,76,p18,v2,source1,data-videos\VIPL\VIPL\p16-20\p18\v2\source1\video.avi
124.5151375,100.75185416666667,74.2764375,8.04908746594788,6.256438653846153,3.9948251631581315,74,p18,v2,source1,data-videos\VIPL\VIPL\p16-20\p18\v2\source1\video.avi
150.82918333333333,121.36218333333335,88.23803333333333,3.177550069907764,2.533473220418244,1.954731825552139,73,p18,v2,source1,data-videos\VIPL\VIPL\p16-20\p18\v2\source1\video.avi
160.79893749999997,129.45362083333333,94.04530416666667,3.141391734765027,2.592074791900411,1.7612745488392472,72,p18,v2,source1,data-videos\VIPL\VIPL\p16-20\p18\v2\source1\video.avi
159.45329583333333,128.37554583333332,93.48907916666666,4.508793301481685,3.6177426600348617,2.8105567665969478,72,p18,v2,source1,data-videos\VIPL\VIPL\p16-20\p18\v2\source1\video.avi
138.31493749999998,111.44512083333335,81.18600416666666,2.2867168853435453,1.776961554707845,1.1288761979871595,72,p18,v2,source1,data-videos\VIPL\VIPL\p16-20\p18\v2\source1\video.avi
134.68992083333333,108.6020375,79.16918749999999,2.9067683748093294,2.090595774185356,1.2667488343689135,72,p18,v2,source1,data-videos\VIPL\VIPL\p16-20\p18\v2\source1\video.avi
134.17540833333334,108.22815833333334,79.28435833333333,4.996993271385389,3.907647615498321,2.541749244334773,72,p18,v2,source1,data-videos\VIPL\VIPL\p16-20\p18\v2\source1\video.avi
144.86600833333333,116.56012499999999,84.706925,1.953813027418723,1.7322431938497798,1.1606968322472884,72,p18,v2,source1,data-videos\VIPL\VIPL\p16-20\p18\v2\source1\video.avi
139.84402916666667,111.88082916666666,79.94934583333334,1.7201722480975556,1.4467022564506642,1.3278370588259951,71,p18,v2,source1,data-videos\VIPL\VIPL\p16-20\p18\v2\source1\video.avi
154.76185416666667,123.63493750000002,88.7342875,8.63924228207158,6.887199231938675,5.941887278781887,71,p18,v2,source1,data-videos\VIPL\VIPL\p16-20\p18\v2\source1\video.avi
163.08643333333333,130.67426666666665,95.59528333333334,0.8268718092656986,0.9994445325682426,0.5845023268297949,71,p18,v2,source1,data-videos\VIPL\VIPL\p16-20\p18\v2\source1\video.avi
162.88614583333333,131.6837625,95.5396125,1.282333016866455,1.003433254524048,0.8635444745229787,71,p18,v2,source1,data-videos\VIPL\VIPL\p16-20\p18\v2\source1\video.avi
156.1291875,125.81155416666667,90.5846875,1.9417931763149587,1.7796045952838937,1.3475626814940946,71,p18,v2,source1,data-videos\VIPL\VIPL\p16-20\p18\v2\source1\video.avi
152.96588749999998,122.90862083333336,88.72973750000001,0.8830117806641472,0.8267605957641743,0.5638015644685846,71,p18,v2,source1,data-videos\VIPL\VIPL\p16-20\p18\v2\source1\video.avi
149.34177083333333,120.01168750000001,87.36487083333331,1.09425833742667,0.861519051669136,0.3132450026204212,71,p18,v2,source1,data-videos\VIPL\VIPL\p16-20\p18\v2\source1\video.avi
150.696325,121.20849166666667,88.62965833333334,1.1514475327127491,0.9624679459489376,0.8962098397363621,71,p18,v2,source1,data-videos\VIPL\VIPL\p16-20\p18\v2\source1\video.avi
153.84752500000002,123.75137500000001,90.18530833333334,1.0551914326056886,0.9385590999120821,0.536727070617212,71,p18,v2,source1,data-videos\VIPL\VIPL\p16-20\p18\v2\source1\video.avi
157.06744583333332,126.67454583333334,91.4159625,0.9618502339241797,0.8733683432073018,0.6254836665200247,71,p18,v2,source1,data-videos\VIPL\VIPL\p16-20\p18\v2\source1\video.avi
154.24290416666668,122.86957083333334,87.56723749999999,0.24135843547512567,0.2459582915466679,0.35251930492842887,77,p18,v3,source1,data-videos\VIPL\VIPL\p16-20\p18\v3\source1\video.avi
154.25368333333333,122.79969999999999,87.5943,0.20450568765861404,0.17895824437327898,0.23201146500945322,77,p18,v3,source1,data-videos\VIPL\VIPL\p16-20\p18\v3\source1\video.avi
154.3484375,122.89962083333332,87.84330416666667,0.22853013492632399,0.14866269870452012,0.30901082876117286,77,p18,v3,source1,data-videos\VIPL\VIPL\p16-20\p18\v3\source1\video.avi
155.08488333333332,123.46278333333333,87.97438333333334,0.24126084697837366,0.11567996636434266,0.32988860562022576,77,p18,v3,source1,data-videos\VIPL\VIPL\p16-20\p18\v3\source1\video.avi
154.25471249999998,122.75249583333334,87.00389583333333,0.9735255479085034,0.8907545034890988,0.8399571779346188,79,p18,v3,source1,data-videos\VIPL\VIPL\p16-20\p18\v3\source1\video.avi
149.50927083333335,118.39662083333333,83.47273750000001,1.65345331490893,1.5896684550384843,1.4222849206177592,79,p18,v3,source1,data-videos\VIPL\VIPL\p16-20\p18\v3\source1\video.avi
151.26199166666666,119.98532500000002,85.255475,0.5286897238101927,0.4838393340209466,0.5292059525115084,79,p18,v3,source1,data-videos\VIPL\VIPL\p16-20\p18\v3\source1\video.avi
151.573125,120.21670833333332,85.59600833333334,0.388825390153187,0.3170216924316411,0.4712951410740409,79,p18,v3,source1,data-videos\VIPL\VIPL\p16-20\p18\v3\source1\video.avi
151.13447083333332,119.65868749999998,85.21882083333333,0.6943870247983728,0.5813421447272779,0.5498384206468719,79,p18,v3,source1,data-videos\VIPL\VIPL\p16-20\p18\v3\source1\video.avi
151.45395,119.71600000000001,85.14706666666667,1.0029021615243814,0.8432563149325418,0.6471002148742325,79,p18,v3,source1,data-videos\VIPL\VIPL\p16-20\p18\v3\source1\video.avi
154.46219166666668,122.42704166666667,87.23589166666666,0.3796120295135399,0.27806880050178345,0.39897852981951737,79,p18,v3,source1,data-videos\VIPL\VIPL\p16-20\p18\v3\source1\video.avi
155.38037916666667,123.44411249999999,87.8359125,0.2072584309201936,0.19866823117043178,0.29340263190660465,80,p18,v3,source1,data-videos\VIPL\VIPL\p16-20\p18\v3\source1\video.avi
155.01243333333335,123.52888333333334,87.55743333333332,0.15612782690261548,0.1413968985397728,0.24681955931633784,82,p18,v3,source1,data-videos\VIPL\VIPL\p16-20\p18\v3\source1\video.avi
155.91779166666666,124.62572500000002,88.34165833333333,0.2518779156158793,0.222903664885627,0.3077593304615013,83,p18,v3,source1,data-videos\VIPL\VIPL\p16-20\p18\v3\source1\video.avi
154.00698333333332,123.17685,86.72235,1.0333001231558465,0.8654520471422879,0.7474055310520666,85,p18,v3,source1,data-videos\VIPL\VIPL\p16-20\p18\v3\source1\video.avi
152.9983125,121.92564583333335,86.4182125,0.6147845525116469,0.40177725936871184,0.6341374121866031,85,p18,v3,source1,data-videos\VIPL\VIPL\p16-20\p18\v3\source1\video.avi
155.41839166666668,123.25880833333332,88.582525,0.7798317321393068,0.5295718552716275,0.6586809540296339,86,p18,v3,source1,data-videos\VIPL\VIPL\p16-20\p18\v3\source1\video.avi
155.02690833333335,122.527575,88.45565833333335,0.5274549387678134,0.6222899951991856,0.5060956320888809,86,p18,v3,source1,data-videos\VIPL\VIPL\p16-20\p18\v3\source1\video.avi
152.69585416666666,120.42205416666667,86.25017083333334,1.1822853946236018,1.1248712181382532,1.1606259356036448,84,p18,v3,source1,data-videos\VIPL\VIPL\p16-20\p18\v3\source1\video.avi
151.55885833333332,119.48602500000001,84.59417499999999,0.5198353601208212,0.4659362612510534,0.28981427979109864,82,p18,v3,source1,data-videos\VIPL\VIPL\p16-20\p18\v3\source1\video.avi
154.0930625,121.98632916666668,86.2395625,1.2047646875041373,1.2198466171368731,1.0187265696862537,80,p18,v3,source1,data-videos\VIPL\VIPL\p16-20\p18\v3\source1\video.avi
155.481225,123.60920833333331,87.853175,0.41157355694672376,0.22294326944065418,0.37080431665502406,80,p18,v3,source1,data-videos\VIPL\VIPL\p16-20\p18\v3\source1\video.avi
154.59880833333335,123.36065833333332,87.49074166666668,0.3324651076616963,0.22546425044597795,0.3946165831203892,80,p18,v3,source1,data-videos\VIPL\VIPL\p16-20\p18\v3\source1\video.avi
152.442575,121.57964166666666,85.82559166666668,1.7262860118035535,1.4908678846727528,1.339937413585571,81,p18,v3,source1,data-videos\VIPL\VIPL\p16-20\p18\v3\source1\video.avi
150.87573333333333,119.87105,84.64481666666667,0.8998760362544371,0.5680238893034748,0.7714923687694157,81,p18,v3,source1,data-videos\VIPL\VIPL\p16-20\p18\v3\source1\video.avi
152.13216250000002,120.41977916666667,85.59172916666668,0.3281018037832652,0.41348748524156054,0.4059719614787992,81,p18,v3,source1,data-videos\VIPL\VIPL\p16-20\p18\v3\source1\video.avi
152.7668125,120.67901250000001,86.0071125,0.3206354868871958,0.2474439718428978,0.300645712095464,81,p18,v3,source1,data-videos\VIPL\VIPL\p16-20\p18\v3\source1\video.avi
153.51854999999998,121.36936666666666,86.73198333333333,0.5591508271477366,0.4585727612507218,0.366279294050318,81,p18,v3,source1,data-videos\VIPL\VIPL\p16-20\p18\v3\source1\video.avi
152.29551249999997,120.5808125,85.61346250000001,0.5393172461032939,0.3636739993150145,0.4675815337397796,82,p18,v3,source1,data-videos\VIPL\VIPL\p16-20\p18\v3\source1\video.avi
152.16099166666666,120.69464166666668,85.37782499999999,0.44165767789595156,0.29914332847687297,0.3300744080674996,83,p18,v3,source1,data-videos\VIPL\VIPL\p16-20\p18\v3\source1\video.avi
151.87573749999999,120.90443749999999,85.15292083333334,0.5428323410145981,0.5171290681157619,0.4310342832862085,86,p18,v3,source1,data-videos\VIPL\VIPL\p16-20\p18\v3\source1\video.avi
152.27481666666665,121.51496666666667,85.57861666666666,0.44293503438709664,0.3464497640251119,0.4604668133701682,87,p18,v3,source1,data-videos\VIPL\VIPL\p16-20\p18\v3\source1\video.avi
238.72934999999998,166.13247916666668,113.74964583333332,0.41098542684186123,0.530007244938688,0.3477862018359855,84,p18,v4,source1,data-videos\VIPL\VIPL\p16-20\p18\v4\source1\video.avi
238.28377500000002,165.96528333333336,113.60075,0.5304929632871896,0.36929452676691465,0.3883999227600331,83,p18,v4,source1,data-videos\VIPL\VIPL\p16-20\p18\v4\source1\video.avi
236.0856583333333,164.11060833333332,112.36260833333334,1.1003795386580122,0.919328273077988,0.539160051543654,81,p18,v4,source1,data-videos\VIPL\VIPL\p16-20\p18\v4\source1\video.avi
234.14379166666666,162.20380416666666,111.42213749999999,0.3488344182974041,0.28824827008731935,0.3212346720294822,79,p18,v4,source1,data-videos\VIPL\VIPL\p16-20\p18\v4\source1\video.avi
235.02834583333333,162.28123333333335,112.01726666666667,0.45271274284552654,0.29713759684417684,0.3757001926958079,78,p18,v4,source1,data-videos\VIPL\VIPL\p16-20\p18\v4\source1\video.avi
237.3150083333333,163.6423,113.30868333333332,0.5259736324981813,0.42567023633814044,0.36843197430122654,78,p18,v4,source1,data-videos\VIPL\VIPL\p16-20\p18\v4\source1\video.avi
237.97372083333332,164.383825,113.79505833333333,0.49710393967487065,0.36697723059854354,0.3636117793899304,77,p18,v4,source1,data-videos\VIPL\VIPL\p16-20\p18\v4\source1\video.avi
237.29901666666666,164.23642916666668,113.66587916666667,0.16258714298031035,0.17280585937612775,0.21622316604545908,76,p18,v4,source1,data-videos\VIPL\VIPL\p16-20\p18\v4\source1\video.avi
237.2115625,164.52870416666667,114.58062083333334,0.26326778093638276,0.17554257674421805,0.2857282430717848,76,p18,v4,source1,data-videos\VIPL\VIPL\p16-20\p18\v4\source1\video.avi
236.8866708333333,164.982575,114.41104166666666,0.1573689834257193,0.27516331249217485,0.35184165521896593,76,p18,v4,source1,data-videos\VIPL\VIPL\p16-20\p18\v4\source1\video.avi
237.23506666666668,165.73821666666666,114.70138333333334,0.2755958237266216,0.18894926319649769,0.34109227190217745,76,p18,v4,source1,data-videos\VIPL\VIPL\p16-20\p18\v4\source1\video.avi
237.80937916666664,166.11901666666668,115.13005000000001,0.16540229387600663,0.17865868656385792,0.2788781440009025,75,p18,v4,source1,data-videos\VIPL\VIPL\p16-20\p18\v4\source1\video.avi
237.79783333333333,166.16858333333334,115.06321666666669,0.11435000106277109,0.19130717645683995,0.3258788841775084,75,p18,v4,source1,data-videos\VIPL\VIPL\p16-20\p18\v4\source1\video.avi
237.96533750000003,165.717775,115.12820833333332,0.26322091858202684,0.3455035951633985,0.3438086502996005,75,p18,v4,source1,data-videos\VIPL\VIPL\p16-20\p18\v4\source1\video.avi
238.22283333333337,165.1120916666667,115.31115833333331,0.10817436654027202,0.22239240126157506,0.24051605455769431,75,p18,v4,source1,data-videos\VIPL\VIPL\p16-20\p18\v4\source1\video.avi
238.25178333333332,164.6994916666667,115.30432499999999,0.14718393431632742,0.29215869706519787,0.278870969204895,75,p18,v4,source1,data-videos\VIPL\VIPL\p16-20\p18\v4\source1\video.avi
238.5251583333333,164.7695666666667,115.37983333333334,0.34845892014379354,0.18648527663806935,0.26532017149620907,75,p18,v4,source1,data-videos\VIPL\VIPL\p16-20\p18\v4\source1\video.avi
238.07215000000005,164.38734166666666,115.16770833333334,0.1447511690367303,0.22546977408907515,0.17724170369238265,76,p18,v4,source1,data-videos\VIPL\VIPL\p16-20\p18\v4\source1\video.avi
237.82622499999997,164.3636291666667,114.89427916666668,0.0846694208869601,0.17689190800615037,0.2497401199942109,77,p18,v4,source1,data-videos\VIPL\VIPL\p16-20\p18\v4\source1\video.avi
238.12728333333334,164.9086125,114.97437916666667,0.17589358643793754,0.37701273593282625,0.279329872194149,77,p18,v4,source1,data-videos\VIPL\VIPL\p16-20\p18\v4\source1\video.avi
238.2981166666667,165.65774999999996,115.14745,0.1552705046622023,0.2049859687779473,0.19598167723667315,77,p18,v4,source1,data-videos\VIPL\VIPL\p16-20\p18\v4\source1\video.avi
238.37423750000002,166.1733375,115.36605416666667,0.22022637248724178,0.17933314329683225,0.23926347002891438,77,p18,v4,source1,data-videos\VIPL\VIPL\p16-20\p18\v4\source1\video.avi
238.8121541666667,166.32525,115.80940000000001,0.10734118889472824,0.21155061410071396,0.22066131720290855,77,p18,v4,source1,data-videos\VIPL\VIPL\p16-20\p18\v4\source1\video.avi
238.84485833333335,165.59379166666665,115.76219166666668,0.18175704670735066,0.25923921814073836,0.20054618233713584,77,p18,v4,source1,data-videos\VIPL\VIPL\p16-20\p18\v4\source1\video.avi
238.6841583333333,164.9267083333333,115.65179166666667,0.2382675443143928,0.20624453275581855,0.2832990144656755,77,p18,v4,source1,data-videos\VIPL\VIPL\p16-20\p18\v4\source1\video.avi
238.51577083333336,164.64598333333336,115.42228333333334,0.10200875677280366,0.17614602942035082,0.28463025467261915,77,p18,v4,source1,data-videos\VIPL\VIPL\p16-20\p18\v4\source1\video.avi
237.8262,164.24837083333333,114.99472083333332,0.272634819668787,0.1493613048115192,0.23287399862610575,77,p18,v4,source1,data-videos\VIPL\VIPL\p16-20\p18\v4\source1\video.avi
237.86489583333335,164.2941291666667,114.81416250000002,0.27898972937587185,0.14804226439976556,0.2903768377160015,77,p18,v4,source1,data-videos\VIPL\VIPL\p16-20\p18\v4\source1\video.avi
237.85235416666666,164.29534166666667,114.93234166666667,0.15065265133467387,0.1713694598545303,0.1927629339766276,77,p18,v4,source1,data-videos\VIPL\VIPL\p16-20\p18\v4\source1\video.avi
237.63451666666663,164.05392083333334,114.67917083333333,0.21022173288974194,0.17001200396753166,0.30419412473095797,77,p18,v4,source1,data-videos\VIPL\VIPL\p16-20\p18\v4\source1\video.avi
247.7323625,195.28869999999998,109.38603333333333,0.11446003108193743,0.21236153601621557,0.4094926823216737,75,p18,v5,source1,data-videos\VIPL\VIPL\p16-20\p18\v5\source1\video.avi
247.00899166666667,194.38367083333335,108.8227125,0.2176310902045273,0.3301264294848903,0.32109269343567737,75,p18,v5,source1,data-videos\VIPL\VIPL\p16-20\p18\v5\source1\video.avi
248.04967499999998,195.35719166666667,109.48813333333332,0.28342671151218457,0.21228069050787354,0.3826884406914968,75,p18,v5,source1,data-videos\VIPL\VIPL\p16-20\p18\v5\source1\video.avi
248.34678333333332,195.40393333333333,110.11639583333331,0.11300660747644008,0.2601089486611517,0.4314586582567571,75,p18,v5,source1,data-videos\VIPL\VIPL\p16-20\p18\v5\source1\video.avi
247.70771249999999,194.77726666666666,109.57534166666669,0.20235907622136953,0.2383770689037993,0.34757918452330916,75,p18,v5,source1,data-videos\VIPL\VIPL\p16-20\p18\v5\source1\video.avi
247.32154583333337,193.974,108.568275,0.17568978806960603,0.1396662502479853,0.33049234904575114,75,p18,v5,source1,data-videos\VIPL\VIPL\p16-20\p18\v5\source1\video.avi
247.862275,195.13418333333334,109.22510416666665,0.08766944248615481,0.2755994093688243,0.6735751048509743,75,p18,v5,source1,data-videos\VIPL\VIPL\p16-20\p18\v5\source1\video.avi
247.8943416666667,195.14237916666664,109.80179999999999,0.08112640021904229,0.23492951935101972,0.2890055214413924,75,p18,v5,source1,data-videos\VIPL\VIPL\p16-20\p18\v5\source1\video.avi
248.33072083333332,196.13919583333336,110.67439999999999,0.11835826439247807,0.655799573940511,0.44283442839533277,75,p18,v5,source1,data-videos\VIPL\VIPL\p16-20\p18\v5\source1\video.avi
248.39867916666662,196.25276666666667,110.99339166666667,0.06537564212559097,0.30919398054322955,0.5177380081032512,75,p18,v5,source1,data-videos\VIPL\VIPL\p16-20\p18\v5\source1\video.avi
248.700475,198.2010541666667,112.5243625,0.062307147463193095,0.24890393813008913,0.3322288006362816,76,p18,v5,source1,data-videos\VIPL\VIPL\p16-20\p18\v5\source1\video.avi
248.62415833333333,198.59419583333332,112.8208,0.09044606338555831,0.17181717087745896,0.22032441697478283,76,p18,v5,source1,data-videos\VIPL\VIPL\p16-20\p18\v5\source1\video.avi
248.2745541666667,198.87134999999995,113.62293333333334,0.1672765391666007,0.23942312121477083,0.5433521538470959,76,p18,v5,source1,data-videos\VIPL\VIPL\p16-20\p18\v5\source1\video.avi
248.04490833333332,198.8424208333333,114.09979166666666,0.1130509208031684,0.2447459660886504,0.2585103492985228,75,p18,v5,source1,data-videos\VIPL\VIPL\p16-20\p18\v5\source1\video.avi
247.91669166666668,198.61891666666668,114.06875416666666,0.10102859571813212,0.19948410677085954,0.2472821580592592,75,p18,v5,source1,data-videos\VIPL\VIPL\p16-20\p18\v5\source1\video.avi
247.76533333333333,198.59005833333333,114.14306666666667,0.17425306868013693,0.20215323121060905,0.2275969689556021,75,p18,v5,source1,data-videos\VIPL\VIPL\p16-20\p18\v5\source1\video.avi
247.415225,198.18618333333336,113.96131666666666,0.21259485970973155,0.22718840818250485,0.24659862673651128,76,p18,v5,source1,data-videos\VIPL\VIPL\p16-20\p18\v5\source1\video.avi
247.22840833333336,197.8939125,113.9577875,0.13208862213386036,0.23638513749634626,0.2679951888560692,76,p18,v5,source1,data-videos\VIPL\VIPL\p16-20\p18\v5\source1\video.avi
246.82819583333333,197.40458333333333,113.53834583333334,0.2506361242335857,0.4437779842506311,0.4377810271223881,76,p18,v5,source1,data-videos\VIPL\VIPL\p16-20\p18\v5\source1\video.avi
246.5454083333333,197.64193333333333,113.35100416666666,0.1386011774440934,0.5038753713234942,0.3616048500838532,76,p18,v5,source1,data-videos\VIPL\VIPL\p16-20\p18\v5\source1\video.avi
246.577625,198.18752083333334,114.28551250000001,0.16764424758994675,0.22874164943774605,0.33963202605908704,76,p18,v5,source1,data-videos\VIPL\VIPL\p16-20\p18\v5\source1\video.avi
246.8489083333333,198.71503333333334,114.27432916666666,0.1689192801146272,0.31615232588061626,0.3547099229084542,76,p18,v5,source1,data-videos\VIPL\VIPL\p16-20\p18\v5\source1\video.avi
246.93870416666664,198.99962499999998,114.10791666666668,0.08732868188949197,0.2833434158745258,0.26281265276121824,76,p18,v5,source1,data-videos\VIPL\VIPL\p16-20\p18\v5\source1\video.avi
246.9159041666667,198.50855833333335,113.79657916666667,0.12434556714835024,0.2713584119629518,0.3155056549391948,76,p18,v5,source1,data-videos\VIPL\VIPL\p16-20\p18\v5\source1\video.avi
246.9292,197.96095416666668,113.49359166666665,0.2513553740473836,0.2166561609632512,0.31951920412638074,76,p18,v5,source1,data-videos\VIPL\VIPL\p16-20\p18\v5\source1\video.avi
247.3673,197.26708333333332,112.76299583333333,0.16555885974984177,0.27919918809327676,0.4538229302042451,76,p18,v5,source1,data-videos\VIPL\VIPL\p16-20\p18\v5\source1\video.avi
247.0845833333333,197.3642125,112.82770416666668,0.14980163677992478,0.2761045621428792,0.3343193833289427,76,p18,v5,source1,data-videos\VIPL\VIPL\p16-20\p18\v5\source1\video.avi
247.14103333333335,197.8572333333333,113.020925,0.07748880362671812,0.1520938982631737,0.2224008134102836,76,p18,v5,source1,data-videos\VIPL\VIPL\p16-20\p18\v5\source1\video.avi
246.98289583333332,198.18787916666668,112.99466666666666,0.13526704554735972,0.1502555400855109,0.2956355721036553,75,p18,v5,source1,data-videos\VIPL\VIPL\p16-20\p18\v5\source1\video.avi
246.74076666666664,197.8779375,113.01148749999999,0.13631621377843967,0.20032599516856958,0.27380395288975495,75,p18,v5,source1,data-videos\VIPL\VIPL\p16-20\p18\v5\source1\video.avi
121.06607916666665,109.04230833333332,93.99062916666666,0.12576442263215698,0.27292850909421057,0.44030751710373456,95,p18,v6,source1,data-videos\VIPL\VIPL\p16-20\p18\v6\source1\video.avi
121.13673333333332,109.309475,94.37564166666667,0.10431072904761379,0.1497176639174182,0.21455352276750078,95,p18,v6,source1,data-videos\VIPL\VIPL\p16-20\p18\v6\source1\video.avi
121.06087083333333,109.2160375,94.31489166666667,0.12877402310938985,0.11387959833379521,0.2522537431585512,92,p18,v6,source1,data-videos\VIPL\VIPL\p16-20\p18\v6\source1\video.avi
120.9694625,109.31348333333334,94.65136666666666,0.18375975191431695,0.21676707024604897,0.21092396627365867,89,p18,v6,source1,data-videos\VIPL\VIPL\p16-20\p18\v6\source1\video.avi
120.5953458333333,108.37884166666667,93.39440416666666,0.15527984571769565,0.4042194116356312,0.5636824889670217,86,p18,v6,source1,data-videos\VIPL\VIPL\p16-20\p18\v6\source1\video.avi
120.1258375,107.53337083333334,92.27654999999999,0.14408954909958618,0.18258036158771274,0.2834168218293203,84,p18,v6,source1,data-videos\VIPL\VIPL\p16-20\p18\v6\source1\video.avi
119.83203333333334,107.18207499999998,91.9375875,0.19069249287865989,0.11010120391787967,0.29315104373759965,82,p18,v6,source1,data-videos\VIPL\VIPL\p16-20\p18\v6\source1\video.avi
119.7415625,107.69324166666667,92.88977916666664,0.14534724644317004,0.22341576393887008,0.3759043127726933,81,p18,v6,source1,data-videos\VIPL\VIPL\p16-20\p18\v6\source1\video.avi
119.6511375,107.88953333333335,93.26186249999999,0.11366681527971703,0.1216573167069415,0.2579993562249722,78,p18,v6,source1,data-videos\VIPL\VIPL\p16-20\p18\v6\source1\video.avi
119.48117916666668,107.67620000000001,92.99847500000001,0.11386458560134721,0.1093104020350104,0.2969127108797198,78,p18,v6,source1,data-videos\VIPL\VIPL\p16-20\p18\v6\source1\video.avi
119.54779166666665,107.80769166666667,93.1446,0.09985809375753765,0.15000468650086157,0.2506273944884223,79,p18,v6,source1,data-videos\VIPL\VIPL\p16-20\p18\v6\source1\video.avi
119.70354583333332,108.29386250000002,93.87998333333331,0.19159923967968567,0.2663965020129256,0.44975578894273266,78,p18,v6,source1,data-videos\VIPL\VIPL\p16-20\p18\v6\source1\video.avi
119.86182500000001,108.71423333333334,94.55728333333334,0.12220325495187788,0.10173121192223446,0.2737174494219448,78,p18,v6,source1,data-videos\VIPL\VIPL\p16-20\p18\v6\source1\video.avi
119.63732916666667,108.28635416666664,94.02346666666666,0.09121522777353427,0.10906435647894687,0.21256058066205166,79,p18,v6,source1,data-videos\VIPL\VIPL\p16-20\p18\v6\source1\video.avi
119.57087916666666,108.07788750000002,93.65500416666667,0.12446268572905207,0.22029829745395427,0.33814085437260116,79,p18,v6,source1,data-videos\VIPL\VIPL\p16-20\p18\v6\source1\video.avi
119.61075833333334,108.26899583333334,93.979225,0.17042666922560296,0.14940024449630177,0.26951702249888915,79,p18,v6,source1,data-videos\VIPL\VIPL\p16-20\p18\v6\source1\video.avi
119.41645416666667,107.996325,93.6634,0.13904473350928048,0.15187465855014268,0.21682702575376228,78,p18,v6,source1,data-videos\VIPL\VIPL\p16-20\p18\v6\source1\video.avi
119.0904125,107.46855416666668,92.99821666666668,0.17124315294503178,0.3011816057676449,0.3615335732450503,79,p18,v6,source1,data-videos\VIPL\VIPL\p16-20\p18\v6\source1\video.avi
118.90081250000001,106.95859166666668,92.3385375,0.19603254273844525,0.18125974379939508,0.25318177771996886,81,p18,v6,source1,data-videos\VIPL\VIPL\p16-20\p18\v6\source1\video.avi
118.74717083333333,106.8064625,92.34559583333333,0.19412713447706825,0.15847933915024956,0.3121085166185524,82,p18,v6,source1,data-videos\VIPL\VIPL\p16-20\p18\v6\source1\video.avi
118.8266,107.47018333333334,93.35999166666666,0.11604166621783531,0.28442542635939183,0.43388686293363277,82,p18,v6,source1,data-videos\VIPL\VIPL\p16-20\p18\v6\source1\video.avi
118.75225833333332,107.75190833333332,93.81265416666668,0.10225847526679023,0.13731481443707663,0.29854479545929485,82,p18,v6,source1,data-videos\VIPL\VIPL\p16-20\p18\v6\source1\video.avi
118.7065375,107.94505416666667,94.17540000000001,0.15693035012917775,0.21149623043002633,0.36921022796038044,84,p18,v6,source1,data-videos\VIPL\VIPL\p16-20\p18\v6\source1\video.avi
118.69121666666668,107.88245833333332,94.27772083333333,0.12415954160205808,0.13389411044739793,0.20229859308430403,85,p18,v6,source1,data-videos\VIPL\VIPL\p16-20\p18\v6\source1\video.avi
118.8222875,107.94290833333332,94.51330833333333,0.17317565564574433,0.203457970509609,0.2386319521279341,85,p18,v6,source1,data-videos\VIPL\VIPL\p16-20\p18\v6\source1\video.avi
118.9843625,108.14816250000001,94.45000416666667,0.11431986117784813,0.09160466596406959,0.19421441088609623,85,p18,v6,source1,data-videos\VIPL\VIPL\p16-20\p18\v6\source1\video.avi
135.32460416666666,105.05555416666664,74.90017083333333,0.5928105125750097,0.43695524092227556,0.4755959172010773,127,p18,v7,source1,data-videos\VIPL\VIPL\p16-20\p18\v7\source1\video.avi
136.49419999999998,106.00168333333333,75.70278333333334,0.2849549088964175,0.2372133919040223,0.28661764133840206,126,p18,v7,source1,data-videos\VIPL\VIPL\p16-20\p18\v7\source1\video.avi
137.909425,107.05857500000002,76.61274166666666,0.970999543676226,0.7669114083542427,0.567183778086961,126,p18,v7,source1,data-videos\VIPL\VIPL\p16-20\p18\v7\source1\video.avi
138.93412083333334,108.01537083333332,77.00607083333334,0.22607434878941138,0.15541773927243901,0.2513410654480396,125,p18,v7,source1,data-videos\VIPL\VIPL\p16-20\p18\v7\source1\video.avi
139.63114166666665,108.799575,77.59479166666667,0.22538682311688404,0.2055754687895798,0.4235328403326924,123,p18,v7,source1,data-videos\VIPL\VIPL\p16-20\p18\v7\source1\video.avi
140.0543625,109.00067916666667,78.36907916666667,0.13507000602568284,0.18813081183344407,0.23764980597041926,123,p18,v7,source1,data-videos\VIPL\VIPL\p16-20\p18\v7\source1\video.avi
140.48216666666667,109.26566666666668,78.40711666666667,0.18575942569923473,0.13863769854672675,0.3081497605557317,122,p18,v7,source1,data-videos\VIPL\VIPL\p16-20\p18\v7\source1\video.avi
140.92676666666668,109.40116666666667,78.7072,0.3354352084419559,0.4435270576504384,0.3085722122512185,120,p18,v7,source1,data-videos\VIPL\VIPL\p16-20\p18\v7\source1\video.avi
139.830875,108.01334166666668,77.863075,0.2664344398982401,0.22689148608604384,0.28365957798134656,120,p18,v7,source1,data-videos\VIPL\VIPL\p16-20\p18\v7\source1\video.avi
140.59067916666666,108.72801249999999,78.17459583333333,0.14983906621402102,0.15418755466602627,0.306775731171993,120,p18,v7,source1,data-videos\VIPL\VIPL\p16-20\p18\v7\source1\video.avi
139.54765416666666,108.13580416666666,76.92877083333333,0.33668723137480705,0.18480623890307266,0.4700613388977957,118,p18,v7,source1,data-videos\VIPL\VIPL\p16-20\p18\v7\source1\video.avi
138.467975,107.65679166666666,75.74105833333333,0.5219448847752562,0.4269996981117201,0.4494576309827327,118,p18,v7,source1,data-videos\VIPL\VIPL\p16-20\p18\v7\source1\video.avi
139.98572083333335,109.24428750000001,76.70907083333333,0.589994262654542,0.3748937936176796,0.5815129609177069,119,p18,v7,source1,data-videos\VIPL\VIPL\p16-20\p18\v7\source1\video.avi
136.10677083333334,106.53830416666668,74.35045416666667,0.6542473198688372,0.46786060394333545,0.3674369594456523,116,p18,v7,source1,data-videos\VIPL\VIPL\p16-20\p18\v7\source1\video.avi
135.3115625,105.8263625,74.20186249999999,0.21067867557082712,0.2218624505840659,0.25468133227024037,117,p18,v7,source1,data-videos\VIPL\VIPL\p16-20\p18\v7\source1\video.avi
136.9706875,106.78807083333334,75.04737083333333,0.7975843150309156,0.5558582118370352,0.5290752687472742,117,p18,v7,source1,data-videos\VIPL\VIPL\p16-20\p18\v7\source1\video.avi
137.0687125,106.53634583333334,74.34932916666666,0.36207765492287214,0.20245949937923102,0.31843728952670175,116,p18,v7,source1,data-videos\VIPL\VIPL\p16-20\p18\v7\source1\video.avi
139.52424583333334,108.10324583333333,76.3561125,0.951575609643321,0.7650196760586907,0.7642461221187908,114,p18,v7,source1,data-videos\VIPL\VIPL\p16-20\p18\v7\source1\video.avi
140.057625,108.37269166666665,77.12827499999999,0.3062474503862128,0.33691798669252493,0.44519723223564345,114,p18,v7,source1,data-videos\VIPL\VIPL\p16-20\p18\v7\source1\video.avi
138.71795,107.25251666666665,76.08211666666666,0.2963561866070583,0.28688690770493536,0.2556774153678158,113,p18,v7,source1,data-videos\VIPL\VIPL\p16-20\p18\v7\source1\video.avi
137.994775,106.88617500000001,75.428875,0.6323820080161201,0.4539149345554745,0.7673473998900734,112,p18,v7,source1,data-videos\VIPL\VIPL\p16-20\p18\v7\source1\video.avi
137.65419166666663,107.004525,74.961325,0.8684282294195523,0.5647467998901011,0.5235972940337308,113,p18,v7,source1,data-videos\VIPL\VIPL\p16-20\p18\v7\source1\video.avi
136.01575833333334,106.03047500000001,73.91575833333333,0.21205231542986494,0.21881315572436508,0.21429973273755765,111,p18,v7,source1,data-videos\VIPL\VIPL\p16-20\p18\v7\source1\video.avi
135.68904166666667,105.78559166666668,73.935325,0.5232984861009612,0.48017902000191404,0.6031820484821402,112,p18,v7,source1,data-videos\VIPL\VIPL\p16-20\p18\v7\source1\video.avi
137.33709583333334,106.81409583333333,74.65432916666667,1.4735817823843376,1.0796828675009171,0.9440576228220033,112,p18,v7,source1,data-videos\VIPL\VIPL\p16-20\p18\v7\source1\video.avi
138.382225,107.56105833333334,75.308425,0.24226980927493172,0.16966454259475894,0.414447308422113,113,p18,v7,source1,data-videos\VIPL\VIPL\p16-20\p18\v7\source1\video.avi
137.99475833333335,107.254675,74.94737500000001,0.3558949482173994,0.2440065322440731,0.3262575509981838,113,p18,v7,source1,data-videos\VIPL\VIPL\p16-20\p18\v7\source1\video.avi
138.20081666666667,107.59414999999998,75.13571666666667,0.7798744405039746,0.7148457248333383,0.569045159461834,115,p18,v7,source1,data-videos\VIPL\VIPL\p16-20\p18\v7\source1\video.avi
138.28515833333333,107.90115833333333,75.11377499999999,0.9760868626675722,0.7171906419805301,0.6277001322066311,116,p18,v7,source1,data-videos\VIPL\VIPL\p16-20\p18\v7\source1\video.avi
175.85959166666663,138.12515833333336,92.942075,0.9786315084191959,0.7084931021531592,0.8562133593741896,95,p19,v1,source1,data-videos\VIPL\VIPL\p16-20\p19\v1\source1\video.avi
174.8359291666667,137.6364125,92.64679583333334,0.29642861311555646,0.31683514032669086,0.2890210102056214,95,p19,v1,source1,data-videos\VIPL\VIPL\p16-20\p19\v1\source1\video.avi
174.9780541666667,138.12922083333333,92.61958749999998,0.37522372460566183,0.2937373964790285,0.32558786773781273,95,p19,v1,source1,data-videos\VIPL\VIPL\p16-20\p19\v1\source1\video.avi
174.8534791666667,137.6519125,92.38204583333332,0.4226269235307389,0.2477413488650999,0.26032489362920186,94,p19,v1,source1,data-videos\VIPL\VIPL\p16-20\p19\v1\source1\video.avi
176.35909583333333,138.6462625,93.21259583333332,0.4057774535023272,0.34782288571396264,0.46016555833350653,94,p19,v1,source1,data-videos\VIPL\VIPL\p16-20\p19\v1\source1\video.avi
175.67295833333333,137.87905833333332,92.48819166666668,0.23981376961555376,0.33776688840497177,0.2951936171349612,93,p19,v1,source1,data-videos\VIPL\VIPL\p16-20\p19\v1\source1\video.avi
174.66521250000002,137.33469583333334,91.69474583333333,0.42213349331764094,0.38627645082030615,0.3096181621278781,93,p19,v1,source1,data-videos\VIPL\VIPL\p16-20\p19\v1\source1\video.avi
174.79188749999997,137.70747083333333,91.72445416666666,0.6893508856213545,0.6566664819426548,0.39186632575017666,93,p19,v1,source1,data-videos\VIPL\VIPL\p16-20\p19\v1\source1\video.avi
174.41753333333335,137.55616666666666,91.64689999999999,1.0144464335770635,0.9472512252198788,0.5056705937416162,93,p19,v1,source1,data-videos\VIPL\VIPL\p16-20\p19\v1\source1\video.avi
172.1851125,135.48092916666667,90.20294583333335,1.2751516133712657,0.9964947341250155,0.9640363583795875,93,p19,v1,source1,data-videos\VIPL\VIPL\p16-20\p19\v1\source1\video.avi
170.65741666666668,134.38153333333332,89.02313333333333,0.6099008607108476,0.5775714155277434,0.396558610676138,93,p19,v1,source1,data-videos\VIPL\VIPL\p16-20\p19\v1\source1\video.avi
171.55189583333336,135.53892916666666,89.9811125,0.7548954616277077,0.5607602304387025,0.5854846021672979,94,p19,v1,source1,data-videos\VIPL\VIPL\p16-20\p19\v1\source1\video.avi
168.26026666666664,132.8735,87.82336666666666,2.7386576859980845,2.1695793529106955,1.7111904202252992,95,p19,v1,source1,data-videos\VIPL\VIPL\p16-20\p19\v1\source1\video.avi
163.6499041666667,129.38977083333333,85.14427083333332,1.065980810962503,0.8875513252960209,0.6519255353534115,95,p19,v1,source1,data-videos\VIPL\VIPL\p16-20\p19\v1\source1\video.avi
165.15410416666666,130.35810416666666,85.9671875,0.3723593426177497,0.24102455823756075,0.3292900414886713,95,p19,v1,source1,data-videos\VIPL\VIPL\p16-20\p19\v1\source1\video.avi
165.66267083333332,130.9662875,86.24750416666667,0.6019966069890997,0.547429502913136,0.3558460276326617,94,p19,v1,source1,data-videos\VIPL\VIPL\p16-20\p19\v1\source1\video.avi
162.33482916666665,128.80422916666666,84.4674625,4.990267522495804,3.74971245321169,2.7015190213036226,94,p19,v1,source1,data-videos\VIPL\VIPL\p16-20\p19\v1\source1\video.avi
158.02520833333335,125.52417499999997,82.181625,1.8056100558013943,1.3727489648208322,0.9247773455750793,94,p19,v1,source1,data-videos\VIPL\VIPL\p16-20\p19\v1\source1\video.avi
160.5151125,127.02449583333333,83.70071250000001,0.20557344828281915,0.3284194574016578,0.23718511962646885,95,p19,v1,source1,data-videos\VIPL\VIPL\p16-20\p19\v1\source1\video.avi
162.20798333333332,127.90076666666666,84.90278333333333,1.0887651512531678,0.8451868870420176,0.5698821420551214,96,p19,v1,source1,data-videos\VIPL\VIPL\p16-20\p19\v1\source1\video.avi
166.12210416666665,131.05087083333333,86.74510416666666,0.7171473412261778,0.5564612199475855,0.3797282151238058,96,p19,v1,source1,data-videos\VIPL\VIPL\p16-20\p19\v1\source1\video.avi
164.91955833333333,130.39690833333333,86.03074166666667,0.3257197962355403,0.325137558655733,0.3874641956128905,96,p19,v1,source1,data-videos\VIPL\VIPL\p16-20\p19\v1\source1\video.avi
163.68242916666668,129.65429583333335,85.21957916666666,0.5474538006256311,0.4676068944191599,0.3768126589308741,96,p19,v1,source1,data-videos\VIPL\VIPL\p16-20\p19\v1\source1\video.avi
165.68951666666663,131.43641666666667,86.42436666666667,0.3728751220806613,0.3334178382467123,0.2627827080815368,96,p19,v1,source1,data-videos\VIPL\VIPL\p16-20\p19\v1\source1\video.avi
164.36651666666666,130.46724999999998,85.87233333333333,0.429907492754416,0.41552806409268506,0.29853739965548004,96,p19,v1,source1,data-videos\VIPL\VIPL\p16-20\p19\v1\source1\video.avi
164.4449125,130.2419625,85.9296125,0.7061528716888742,0.5668540864082885,0.3545091769302692,96,p19,v1,source1,data-videos\VIPL\VIPL\p16-20\p19\v1\source1\video.avi
164.7441625,130.40996249999998,86.06044583333335,0.5222682512700936,0.4080891615624219,0.4209611898596526,96,p19,v1,source1,data-videos\VIPL\VIPL\p16-20\p19\v1\source1\video.avi
163.48962083333333,129.44112083333334,85.3239375,0.3748826354303754,0.3201725924534044,0.3670075617030569,95,p19,v1,source1,data-videos\VIPL\VIPL\p16-20\p19\v1\source1\video.avi
163.4697541666667,129.57250416666668,85.20422083333332,0.4579381022052963,0.4532768552824225,0.31994318902172214,94,p19,v1,source1,data-videos\VIPL\VIPL\p16-20\p19\v1\source1\video.avi
164.10779583333334,130.1894458333333,85.50811249999998,0.3225149217047519,0.31618852981866524,0.2562315784706396,93,p19,v1,source1,data-videos\VIPL\VIPL\p16-20\p19\v1\source1\video.avi
163.00043333333332,129.54184999999998,84.8633,0.3566811385790622,0.25798908898386164,0.29390795357324195,93,p19,v1,source1,data-videos\VIPL\VIPL\p16-20\p19\v1\source1\video.avi
162.51254583333332,129.2583125,84.4762125,0.2718323291545943,0.24144891231260984,0.34117149061277785,92,p19,v1,source1,data-videos\VIPL\VIPL\p16-20\p19\v1\source1\video.avi
163.40019166666664,128.0554416666667,83.774575,1.4038882490668785,1.1917845506523455,1.025047036065093,88,p19,v2,source1,data-videos\VIPL\VIPL\p16-20\p19\v2\source1\video.avi
162.61439583333333,129.21607916666667,85.1295125,7.543700819249609,5.999432596788029,4.627650787349105,88,p19,v2,source1,data-videos\VIPL\VIPL\p16-20\p19\v2\source1\video.avi
155.55960833333333,123.44732500000002,81.217125,12.124905453607612,9.346945448010825,6.781623815413587,88,p19,v2,source1,data-videos\VIPL\VIPL\p16-20\p19\v2\source1\video.avi
146.99305833333335,116.50505833333332,76.10314166666666,16.25105035622164,12.481945443788055,8.594885549858917,89,p19,v2,source1,data-videos\VIPL\VIPL\p16-20\p19\v2\source1\video.avi
158.1397,124.40531666666668,81.68670000000002,2.6330847575715377,2.2720656832861748,2.2935723649654767,89,p19,v2,source1,data-videos\VIPL\VIPL\p16-20\p19\v2\source1\video.avi
153.28394583333332,120.82719583333335,78.58917916666667,10.101236524508394,7.8376545268148545,6.145237262712865,89,p19,v2,source1,data-videos\VIPL\VIPL\p16-20\p19\v2\source1\video.avi
148.13064166666666,116.64615833333333,75.482125,11.45710759162371,8.798918447697769,6.431044226407861,89,p19,v2,source1,data-videos\VIPL\VIPL\p16-20\p19\v2\source1\video.avi
151.6216125,119.13234583333333,78.00309583333333,2.5140241050206704,2.114287025857259,1.9315790086344442,89,p19,v2,source1,data-videos\VIPL\VIPL\p16-20\p19\v2\source1\video.avi
151.58073333333334,118.92151666666666,76.83980000000001,5.732696184124812,4.6771816603509855,3.6456116269398713,89,p19,v2,source1,data-videos\VIPL\VIPL\p16-20\p19\v2\source1\video.avi
145.6426291666667,114.45787916666666,74.11696250000001,12.374602835387337,9.338145655289903,6.1882671223873995,89,p19,v2,source1,data-videos\VIPL\VIPL\p16-20\p19\v2\source1\video.avi
160.76282916666668,126.68747916666668,83.49352916666666,6.767483109912533,5.903650293888919,5.0894566710020195,88,p19,v2,source1,data-videos\VIPL\VIPL\p16-20\p19\v2\source1\video.avi
165.57182083333333,130.71370416666667,86.72487083333336,4.5798083625034955,3.9708817900025184,3.4854056742056176,88,p19,v2,source1,data-videos\VIPL\VIPL\p16-20\p19\v2\source1\video.avi
164.17964166666664,129.259475,84.85204166666666,4.164283898385673,3.506131567058036,3.1176510448294863,88,p19,v2,source1,data-videos\VIPL\VIPL\p16-20\p19\v2\source1\video.avi
128.81495416666667,101.04847083333333,65.74292083333334,36.95122954113478,28.658680846457884,17.812702524664456,88,p19,v2,source1,data-videos\VIPL\VIPL\p16-20\p19\v2\source1\video.avi
26.57956666666667,23.775466666666667,18.890633333333334,5.662839389179148,4.03741482593338,2.785475590551021,88,p19,v2,source1,data-videos\VIPL\VIPL\p16-20\p19\v2\source1\video.avi
43.51165833333334,35.961641666666665,27.90540833333333,24.112746541690033,17.72275426589615,10.622474211503764,88,p19,v2,source1,data-videos\VIPL\VIPL\p16-20\p19\v2\source1\video.avi
148.95498333333333,115.23555,79.0697,31.68280791405911,24.431489752801607,17.032773895338426,88,p19,v2,source1,data-videos\VIPL\VIPL\p16-20\p19\v2\source1\video.avi
163.88311249999998,126.34582916666666,86.4430625,16.733264959483275,13.019435882992555,9.151948633152076,89,p19,v2,source1,data-videos\VIPL\VIPL\p16-20\p19\v2\source1\video.avi
138.46004166666668,106.81254166666668,72.74815833333334,29.8683765931008,22.887097570457744,15.053831173166794,89,p19,v2,source1,data-videos\VIPL\VIPL\p16-20\p19\v2\source1\video.avi
143.58515833333334,109.98814166666665,74.20222499999998,13.75226599731361,10.395014531577212,7.1071033421895935,89,p19,v2,source1,data-videos\VIPL\VIPL\p16-20\p19\v2\source1\video.avi
156.37749583333334,120.17199583333333,80.4220125,7.811827867391661,5.601246599273063,4.7228994706090415,89,p19,v2,source1,data-videos\VIPL\VIPL\p16-20\p19\v2\source1\video.avi
149.15636666666668,115.55551666666666,76.93428333333333,13.543322746437326,10.220663338904293,6.455281567434614,89,p19,v2,source1,data-videos\VIPL\VIPL\p16-20\p19\v2\source1\video.avi
163.06658333333334,126.10855,85.23898333333332,19.39673313961872,14.980720025563041,10.205671528704299,89,p19,v2,source1,data-videos\VIPL\VIPL\p16-20\p19\v2\source1\video.avi
167.624075,130.71690833333335,88.01112499999999,6.749433881051619,4.2993311246691155,2.8882200453535294,89,p19,v2,source1,data-videos\VIPL\VIPL\p16-20\p19\v2\source1\video.avi
168.0091,131.84,88.71826666666668,9.250351854319666,6.960449698552268,4.634121130744179,89,p19,v2,source1,data-videos\VIPL\VIPL\p16-20\p19\v2\source1\video.avi
169.87666666666664,133.94050000000001,89.76173333333332,8.06107791969725,6.082529990478423,5.022944376814205,89,p19,v2,source1,data-videos\VIPL\VIPL\p16-20\p19\v2\source1\video.avi
170.26147500000002,134.7486916666667,89.90400833333334,4.716321357600617,3.7119886760997858,3.239536978784116,89,p19,v2,source1,data-videos\VIPL\VIPL\p16-20\p19\v2\source1\video.avi
173.585425,137.40064166666667,91.89660833333333,5.08187647565537,4.026489788307831,3.318099948378674,89,p19,v2,source1,data-videos\VIPL\VIPL\p16-20\p19\v2\source1\video.avi
171.22868333333335,135.6174,90.21000000000002,6.3316640451484,5.060277915491784,4.177576718367624,88,p19,v2,source1,data-videos\VIPL\VIPL\p16-20\p19\v2\source1\video.avi
169.90940416666663,134.70548749999998,90.55750416666667,15.21104364458257,12.57729396515276,8.48222752623627,88,p19,v2,source1,data-videos\VIPL\VIPL\p16-20\p19\v2\source1\video.avi
149.07757500000002,115.96769166666667,77.34200833333334,25.057658299291013,19.95954318705299,14.24607078661419,90,p19,v3,source1,data-videos\VIPL\VIPL\p16-20\p19\v3\source1\video.avi
173.74575416666667,135.63640416666667,91.68627083333332,2.0274765157565775,1.9756886398586888,2.0635554227204294,91,p19,v3,source1,data-videos\VIPL\VIPL\p16-20\p19\v3\source1\video.avi
161.08262916666666,125.45837916666666,82.2626625,4.518545578044782,3.632439283048613,2.426541726243625,91,p19,v3,source1,data-videos\VIPL\VIPL\p16-20\p19\v3\source1\video.avi
166.49681249999998,129.77649583333334,84.83369583333334,2.005889741581513,1.6168154178451972,1.2131267853470182,90,p19,v3,source1,data-videos\VIPL\VIPL\p16-20\p19\v3\source1\video.avi
163.79775833333332,128.3566583333333,83.28534166666667,1.4351408740012848,1.3415102480377388,0.8049472660651972,91,p19,v3,source1,data-videos\VIPL\VIPL\p16-20\p19\v3\source1\video.avi
158.12715833333334,127.69555833333332,86.9755875,21.740229936708864,15.87103525039141,9.07686006591188,91,p19,v3,source1,data-videos\VIPL\VIPL\p16-20\p19\v3\source1\video.avi
133.9205208333333,110.18608749999997,77.48032083333334,4.463615377940568,3.0638988507462463,2.6389979739200564,92,p19,v3,source1,data-videos\VIPL\VIPL\p16-20\p19\v3\source1\video.avi
148.996025,120.83854166666669,82.50124166666666,1.9213534601019753,1.3152963217703058,0.9557206027863361,92,p19,v3,source1,data-videos\VIPL\VIPL\p16-20\p19\v3\source1\video.avi
169.992275,136.56140833333336,92.524025,8.7837527049274,6.774657664521382,4.57930160068863,93,p19,v3,source1,data-videos\VIPL\VIPL\p16-20\p19\v3\source1\video.avi
167.96703333333335,135.81878333333333,92.05659999999997,9.313597140587127,6.93215275710563,4.631061974823138,94,p19,v3,source1,data-videos\VIPL\VIPL\p16-20\p19\v3\source1\video.avi
160.9362875,130.54295416666665,88.07113749999999,7.559233464861681,5.824872855959199,3.8415574400280317,95,p19,v3,source1,data-videos\VIPL\VIPL\p16-20\p19\v3\source1\video.avi
179.41074999999998,144.49855,97.65636666666668,3.081883704414352,2.245532880899633,1.7898920274407157,95,p19,v3,source1,data-videos\VIPL\VIPL\p16-20\p19\v3\source1\video.avi
175.12620833333335,140.63389166666667,95.38877499999998,1.8414075868860926,1.418251749538652,0.8376710497381679,95,p19,v3,source1,data-videos\VIPL\VIPL\p16-20\p19\v3\source1\video.avi
169.9422708333333,136.8875875,92.66800416666665,1.3359215968839018,1.2199919152026075,1.0971433625018858,96,p19,v3,source1,data-videos\VIPL\VIPL\p16-20\p19\v3\source1\video.avi
167.4837,134.31889999999999,90.58118333333334,2.835659494733006,2.1604521188187316,1.564712276333362,97,p19,v3,source1,data-videos\VIPL\VIPL\p16-20\p19\v3\source1\video.avi
168.0904625,134.53734583333332,90.7021125,2.989084365166587,2.5417654224530195,1.830684319986502,97,p19,v3,source1,data-videos\VIPL\VIPL\p16-20\p19\v3\source1\video.avi
167.2735,133.79793333333333,90.30113333333334,1.3713689664032376,1.1041938666775564,0.8633838659197623,97,p19,v3,source1,data-videos\VIPL\VIPL\p16-20\p19\v3\source1\video.avi
170.5555541666667,136.61457083333335,91.78355416666665,1.3093204890270809,1.0707230335216895,0.7238295426928921,97,p19,v3,source1,data-videos\VIPL\VIPL\p16-20\p19\v3\source1\video.avi
159.15449583333333,127.11844583333334,85.11442916666667,3.995246767718519,3.396353983210646,2.1220691512632324,97,p19,v3,source1,data-videos\VIPL\VIPL\p16-20\p19\v3\source1\video.avi
159.91667916666668,127.6443125,85.80779583333334,3.136207733861161,2.586593522443606,1.6304123705327154,97,p19,v3,source1,data-videos\VIPL\VIPL\p16-20\p19\v3\source1\video.avi
151.92495416666668,120.50537083333333,81.2484375,1.3169995643507204,1.059385393295461,0.8221167694670193,97,p19,v3,source1,data-videos\VIPL\VIPL\p16-20\p19\v3\source1\video.avi
146.857975,116.27190833333334,78.554875,1.1231346978651338,0.8905868976839875,0.5396154808634568,97,p19,v3,source1,data-videos\VIPL\VIPL\p16-20\p19\v3\source1\video.avi
144.62435833333333,114.398375,77.46635833333333,2.205021950413547,1.7012749569563035,1.112027735465462,98,p19,v3,source1,data-videos\VIPL\VIPL\p16-20\p19\v3\source1\video.avi
151.80612083333332,120.21628749999999,81.16935416666666,0.9976562465870547,0.845374355089538,0.5529254041949655,98,p19,v3,source1,data-videos\VIPL\VIPL\p16-20\p19\v3\source1\video.avi
157.60147916666668,125.08729583333334,84.33772916666666,4.521560234955774,3.752844551285212,2.49687160095722,96,p19,v3,source1,data-videos\VIPL\VIPL\p16-20\p19\v3\source1\video.avi
153.85700416666668,122.46657083333334,82.28482083333333,2.7532412600436866,2.1611495010130977,1.5131034828315437,95,p19,v3,source1,data-videos\VIPL\VIPL\p16-20\p19\v3\source1\video.avi
150.94086666666666,120.149,80.7106,2.808498372487316,2.3117959727864528,1.4546566412110609,94,p19,v3,source1,data-videos\VIPL\VIPL\p16-20\p19\v3\source1\video.avi
156.47306666666665,124.07816666666668,83.42445,3.486855326974437,2.7903204820165564,1.812286008325458,93,p19,v3,source1,data-videos\VIPL\VIPL\p16-20\p19\v3\source1\video.avi
150.573125,119.37182499999999,80.27999166666666,1.0254844324418346,0.9058492558014877,0.6191159523308671,93,p19,v3,source1,data-videos\VIPL\VIPL\p16-20\p19\v3\source1\video.avi
154.27860416666667,122.32832083333335,82.45085416666667,1.6109413063054516,1.3266564280383804,0.9739466603578567,93,p19,v3,source1,data-videos\VIPL\VIPL\p16-20\p19\v3\source1\video.avi
156.91851666666668,124.36396666666667,83.89706666666667,0.8760040867286406,0.7083363387926461,0.45494669128341075,93,p19,v3,source1,data-videos\VIPL\VIPL\p16-20\p19\v3\source1\video.avi
157.06773333333334,124.05736666666665,83.96965,4.326026284112629,3.457024778480447,2.354363569730092,93,p19,v3,source1,data-videos\VIPL\VIPL\p16-20\p19\v3\source1\video.avi
167.17329999999998,132.57186666666666,89.14475,2.064325841603623,1.625385241439789,1.2403432604105336,93,p19,v3,source1,data-videos\VIPL\VIPL\p16-20\p19\v3\source1\video.avi
158.3847375,125.52467083333335,84.3256375,3.6673034560822853,3.052512684061143,1.9432249378628157,93,p19,v3,source1,data-videos\VIPL\VIPL\p16-20\p19\v3\source1\video.avi
164.23636249999998,130.7051625,87.72481249999998,1.9233457272130994,1.6430527297195585,1.291786432619573,93,p19,v3,source1,data-videos\VIPL\VIPL\p16-20\p19\v3\source1\video.avi
197.14677083333333,137.7875958333333,94.23272916666669,1.6436452155553682,1.139847981122679,0.6277649106043697,81,p19,v4,source1,data-videos\VIPL\VIPL\p16-20\p19\v4\source1\video.avi
196.2413625,137.44325416666663,93.81237083333333,0.8977932861481976,0.598800513468848,0.4309400328061923,81,p19,v4,source1,data-videos\VIPL\VIPL\p16-20\p19\v4\source1\video.avi
193.5811291666667,135.68110416666667,92.6669375,0.5303315350312575,0.37933016278149423,0.2695516355012324,82,p19,v4,source1,data-videos\VIPL\VIPL\p16-20\p19\v4\source1\video.avi
192.18748333333332,134.83519166666667,92.06214166666666,0.6982489163624898,0.5340173735729737,0.3665078894861,83,p19,v4,source1,data-videos\VIPL\VIPL\p16-20\p19\v4\source1\video.avi
193.94655833333334,136.08119583333334,92.83266249999998,0.3142827599383146,0.3315014442946554,0.2858553807094698,84,p19,v4,source1,data-videos\VIPL\VIPL\p16-20\p19\v4\source1\video.avi
193.48559166666666,135.69475833333334,92.65295833333333,0.3085491175107565,0.3406430254150084,0.2294129396415999,87,p19,v4,source1,data-videos\VIPL\VIPL\p16-20\p19\v4\source1\video.avi
190.7493416666667,133.52023333333335,91.57898333333334,1.9515206187615322,1.3610818471032091,0.8740021429623491,88,p19,v4,source1,data-videos\VIPL\VIPL\p16-20\p19\v4\source1\video.avi
190.56164583333336,133.47385416666668,91.0276375,1.5285444720795638,0.9757174425917486,0.625098216393943,88,p19,v4,source1,data-videos\VIPL\VIPL\p16-20\p19\v4\source1\video.avi
189.96953333333335,133.06629166666667,91.17820833333332,0.33173741671061574,0.2989442229538824,0.15437504779576364,89,p19,v4,source1,data-videos\VIPL\VIPL\p16-20\p19\v4\source1\video.avi
189.07938333333334,132.59904166666666,90.80337499999997,1.0015689159180905,0.6941035310424198,0.4665671359634207,89,p19,v4,source1,data-videos\VIPL\VIPL\p16-20\p19\v4\source1\video.avi
188.14670416666664,132.22228333333334,89.93511666666666,0.6528646210643548,0.5277948597637679,0.40755028162008666,89,p19,v4,source1,data-videos\VIPL\VIPL\p16-20\p19\v4\source1\video.avi
187.39035833333335,131.84111666666666,90.03558333333332,0.43396453536134455,0.3215669069182933,0.30765085222537586,89,p19,v4,source1,data-videos\VIPL\VIPL\p16-20\p19\v4\source1\video.avi
186.0539083333333,130.90368333333333,89.3238,1.4431649458284548,0.9888357210523742,0.3596764196333664,89,p19,v4,source1,data-videos\VIPL\VIPL\p16-20\p19\v4\source1\video.avi
185.63040416666664,130.43021666666667,89.59616666666669,1.487224740614956,0.9015911522598987,0.5414829303762844,88,p19,v4,source1,data-videos\VIPL\VIPL\p16-20\p19\v4\source1\video.avi
186.35331250000002,130.65602083333334,89.89242083333333,0.5870695305332703,0.4981647054787432,0.36811310143947484,87,p19,v4,source1,data-videos\VIPL\VIPL\p16-20\p19\v4\source1\video.avi
183.8377291666667,129.00152083333333,88.77922083333333,1.248401986179619,0.6941827604176803,0.6588622144567778,87,p19,v4,source1,data-videos\VIPL\VIPL\p16-20\p19\v4\source1\video.avi
184.0505541666667,129.423975,88.54691666666668,1.7004640195256702,1.1579016224433523,0.4583853417461975,87,p19,v4,source1,data-videos\VIPL\VIPL\p16-20\p19\v4\source1\video.avi
184.41035416666665,129.78309166666665,88.610075,0.3755758668642508,0.24510952009311757,0.2909328693688059,86,p19,v4,source1,data-videos\VIPL\VIPL\p16-20\p19\v4\source1\video.avi
183.97070416666668,129.57969583333335,88.40377916666668,0.8615320395111059,0.6547058605354338,0.43040403490660833,86,p19,v4,source1,data-videos\VIPL\VIPL\p16-20\p19\v4\source1\video.avi
184.22192499999997,129.68244583333333,88.3729125,0.9730195262008159,0.5861684290265896,0.3516711831759741,86,p19,v4,source1,data-videos\VIPL\VIPL\p16-20\p19\v4\source1\video.avi
183.21160833333332,128.90855833333333,88.31647083333331,0.6937928916170437,0.527732180241551,0.2407916744534816,86,p19,v4,source1,data-videos\VIPL\VIPL\p16-20\p19\v4\source1\video.avi
181.4366791666667,128.09695833333333,88.41339166666667,0.8795768234205615,0.46254795828679107,0.19803416266728613,86,p19,v4,source1,data-videos\VIPL\VIPL\p16-20\p19\v4\source1\video.avi
181.070625,127.60103333333332,88.27771666666668,0.887704661945783,0.32455368783103106,0.26509571109632396,86,p19,v4,source1,data-videos\VIPL\VIPL\p16-20\p19\v4\source1\video.avi
181.85063749999998,127.92998333333333,88.16169166666664,0.16765721094525968,0.2236349713633048,0.15577553874797592,86,p19,v4,source1,data-videos\VIPL\VIPL\p16-20\p19\v4\source1\video.avi
181.66161250000002,127.86267083333335,87.96937499999999,0.4236697872705034,0.17670874076428592,0.18836117281332435,86,p19,v4,source1,data-videos\VIPL\VIPL\p16-20\p19\v4\source1\video.avi
181.46050416666668,128.01465833333333,88.06250833333334,0.6640409030344246,0.38645754662992715,0.2378424777061263,85,p19,v4,source1,data-videos\VIPL\VIPL\p16-20\p19\v4\source1\video.avi
182.3417666666667,128.66276666666667,88.00659166666667,0.14355160064802955,0.2159836330765471,0.26880681008083346,85,p19,v4,source1,data-videos\VIPL\VIPL\p16-20\p19\v4\source1\video.avi
180.60117083333336,127.51994166666667,87.78007083333333,0.4286198926739562,0.22533275371288705,0.22744130370701007,85,p19,v4,source1,data-videos\VIPL\VIPL\p16-20\p19\v4\source1\video.avi
216.88919166666668,165.81420416666668,93.16430416666667,0.7000868555242106,0.7576371173800452,0.419815653491705,97,p19,v5,source1,data-videos\VIPL\VIPL\p16-20\p19\v5\source1\video.avi
215.8205583333333,164.17009583333333,92.46832083333332,2.0934939042964475,2.1967915647029432,0.7420911439323181,97,p19,v5,source1,data-videos\VIPL\VIPL\p16-20\p19\v5\source1\video.avi
216.99500416666666,165.35868333333332,93.30445,0.5884376334896892,0.634288221951934,0.5305491173329534,97,p19,v5,source1,data-videos\VIPL\VIPL\p16-20\p19\v5\source1\video.avi
215.63150000000002,163.89430000000002,92.91674583333335,0.6871592406775969,0.793779309126423,0.3969360104898648,97,p19,v5,source1,data-videos\VIPL\VIPL\p16-20\p19\v5\source1\video.avi
216.11515,164.85536666666667,93.3308875,0.30254976645265363,0.38082857186119146,0.27732731288537493,96,p19,v5,source1,data-videos\VIPL\VIPL\p16-20\p19\v5\source1\video.avi
214.89344166666666,161.84865416666668,90.56800416666667,0.7308342903595016,1.2116891052484455,1.3473429306648324,93,p19,v5,source1,data-videos\VIPL\VIPL\p16-20\p19\v5\source1\video.avi
218.28538333333333,167.28282083333332,94.86773749999999,1.5415298618129676,1.8432693125561201,1.4215219129730285,91,p19,v5,source1,data-videos\VIPL\VIPL\p16-20\p19\v5\source1\video.avi
218.81990833333333,168.0982958333333,95.12853333333332,1.0476123304428193,1.0758842466651437,1.044565174818902,90,p19,v5,source1,data-videos\VIPL\VIPL\p16-20\p19\v5\source1\video.avi
218.77789583333336,168.12320416666665,94.90905,0.31032506898009493,0.4077634450913634,0.6647936783893095,87,p19,v5,source1,data-videos\VIPL\VIPL\p16-20\p19\v5\source1\video.avi
217.89,167.29484583333334,95.03463333333333,0.7325274288569527,0.8535501307041087,0.5712862483332874,86,p19,v5,source1,data-videos\VIPL\VIPL\p16-20\p19\v5\source1\video.avi
218.0368875,167.69103333333334,94.80289166666667,0.5682335959344617,0.7377595429133549,0.42120840884359867,85,p19,v5,source1,data-videos\VIPL\VIPL\p16-20\p19\v5\source1\video.avi
217.10067916666668,166.72422083333333,94.37333333333333,0.5327624729039435,0.7887661916809608,0.44507049320710024,85,p19,v5,source1,data-videos\VIPL\VIPL\p16-20\p19\v5\source1\video.avi
215.98152083333332,165.29115416666667,94.06789583333331,0.6445320452015317,0.667827087671484,0.3436281955916243,85,p19,v5,source1,data-videos\VIPL\VIPL\p16-20\p19\v5\source1\video.avi
214.83310416666666,163.95545833333333,93.00008333333331,0.4995209719209884,0.5483654918698018,0.38861244663617694,85,p19,v5,source1,data-videos\VIPL\VIPL\p16-20\p19\v5\source1\video.avi
213.95430416666667,163.46551250000002,92.50803749999999,0.5331295091642029,0.5832909336674212,0.5176291628599153,86,p19,v5,source1,data-videos\VIPL\VIPL\p16-20\p19\v5\source1\video.avi
213.37947916666667,162.9615916666667,92.18015833333331,0.5274676439852855,0.7664274454227369,0.3304950360507187,86,p19,v5,source1,data-videos\VIPL\VIPL\p16-20\p19\v5\source1\video.avi
211.86370416666668,161.11054583333333,91.86820833333333,0.5709053521174839,0.649043461029812,0.3462379034188628,86,p19,v5,source1,data-videos\VIPL\VIPL\p16-20\p19\v5\source1\video.avi
212.08029583333334,161.18560416666668,91.70271249999998,0.2601014904080705,0.47611090214973284,0.4510769707892312,86,p19,v5,source1,data-videos\VIPL\VIPL\p16-20\p19\v5\source1\video.avi
211.51589583333333,160.64421666666667,91.25625416666668,0.6080608236663302,0.6835145650931252,0.3961245337643204,86,p19,v5,source1,data-videos\VIPL\VIPL\p16-20\p19\v5\source1\video.avi
211.45934999999997,160.66890416666666,91.38906666666666,0.27693422410234386,0.29819340456787413,0.23842825630108774,86,p19,v5,source1,data-videos\VIPL\VIPL\p16-20\p19\v5\source1\video.avi
210.7047125,160.06520416666666,91.53779583333333,0.5681731784057775,0.6356982036673017,0.486479048167087,86,p19,v5,source1,data-videos\VIPL\VIPL\p16-20\p19\v5\source1\video.avi
210.27489583333335,159.7159,91.78382083333334,0.5327502476666645,0.5899026644639515,0.19856686994631828,85,p19,v5,source1,data-videos\VIPL\VIPL\p16-20\p19\v5\source1\video.avi
123.524125,112.279525,95.95233333333334,0.12336105051726265,0.1594441600486232,0.35703132643446833,91,p19,v6,source1,data-videos\VIPL\VIPL\p16-20\p19\v6\source1\video.avi
123.17101666666666,111.86243333333336,95.67524166666666,0.1818073477651251,0.286222602825242,0.24598524741220673,91,p19,v6,source1,data-videos\VIPL\VIPL\p16-20\p19\v6\source1\video.avi
122.82417083333334,111.24053750000002,94.99569583333334,0.1316918998763996,0.19520833484525174,0.2566284176045643,91,p19,v6,source1,data-videos\VIPL\VIPL\p16-20\p19\v6\source1\video.avi
123.00372499999999,111.46787499999999,95.28004166666668,0.19820693030825814,0.27628525416074345,0.4078724109888211,91,p19,v6,source1,data-videos\VIPL\VIPL\p16-20\p19\v6\source1\video.avi
123.04628333333334,111.60493333333334,95.54489583333333,0.14637495172691192,0.1786011760996174,0.3866184383087266,91,p19,v6,source1,data-videos\VIPL\VIPL\p16-20\p19\v6\source1\video.avi
122.6735875,110.87167083333335,94.33329166666667,0.23665970881790888,0.24182429571901898,0.3681613840254035,91,p19,v6,source1,data-videos\VIPL\VIPL\p16-20\p19\v6\source1\video.avi
122.65390833333335,111.27247500000001,94.8364625,0.1268948093457298,0.12775704372840732,0.23505456200222005,91,p19,v6,source1,data-videos\VIPL\VIPL\p16-20\p19\v6\source1\video.avi
122.85192916666665,111.67901250000001,95.31534166666667,0.13938663728197817,0.15207507717315885,0.2858237357475175,91,p19,v6,source1,data-videos\VIPL\VIPL\p16-20\p19\v6\source1\video.avi
122.571375,111.59159166666666,95.19291666666668,0.15085734730569508,0.10516107651545228,0.2323237571256973,91,p19,v6,source1,data-videos\VIPL\VIPL\p16-20\p19\v6\source1\video.avi
122.21700000000001,111.55463333333333,95.49151249999998,0.10278491904619574,0.15480345154779576,0.21341185509674473,91,p19,v6,source1,data-videos\VIPL\VIPL\p16-20\p19\v6\source1\video.avi
122.32169583333334,111.43627916666667,95.14626666666668,0.14235623083775953,0.1263537030082177,0.2121516112261074,91,p19,v6,source1,data-videos\VIPL\VIPL\p16-20\p19\v6\source1\video.avi
122.54926249999998,111.88309583333334,95.68538333333332,0.1637872278504775,0.10283375759636827,0.3076264161441951,90,p19,v6,source1,data-videos\VIPL\VIPL\p16-20\p19\v6\source1\video.avi
122.3286375,111.6662875,95.456475,0.1518222957248594,0.16623811538556515,0.27851812677893106,89,p19,v6,source1,data-videos\VIPL\VIPL\p16-20\p19\v6\source1\video.avi
122.39115,111.84263333333334,95.73980416666663,0.13739055454858137,0.222850879155273,0.35500200058121645,89,p19,v6,source1,data-videos\VIPL\VIPL\p16-20\p19\v6\source1\video.avi
122.55219583333333,111.73482916666666,95.72940833333332,0.1487512019092427,0.2793232721189243,0.3994966773867534,88,p19,v6,source1,data-videos\VIPL\VIPL\p16-20\p19\v6\source1\video.avi
122.63670833333333,111.82339166666667,95.99311666666667,0.15694645893495798,0.10165946900751026,0.22695990322876655,88,p19,v6,source1,data-videos\VIPL\VIPL\p16-20\p19\v6\source1\video.avi
122.72232916666668,112.11719583333334,96.62575416666668,0.13120967594846003,0.1629915187168048,0.4087598020401338,88,p19,v6,source1,data-videos\VIPL\VIPL\p16-20\p19\v6\source1\video.avi
122.77055833333333,112.10087500000002,96.60672083333333,0.1348296213951355,0.16597409227212398,0.3174311374359619,88,p19,v6,source1,data-videos\VIPL\VIPL\p16-20\p19\v6\source1\video.avi
123.06631250000001,112.55402916666667,97.06009583333335,0.16164346107079192,0.10352611268150871,0.2743941367661969,87,p19,v6,source1,data-videos\VIPL\VIPL\p16-20\p19\v6\source1\video.avi
122.92421666666667,112.38878333333332,96.70275,0.19627793529060936,0.13683017949572784,0.2760929952278551,86,p19,v6,source1,data-videos\VIPL\VIPL\p16-20\p19\v6\source1\video.avi
122.73015,112.36582916666666,96.49335,0.12562210154201933,0.14193542668136916,0.3026544367022481,86,p19,v6,source1,data-videos\VIPL\VIPL\p16-20\p19\v6\source1\video.avi
122.86318333333332,112.6485,96.81244583333333,0.16326329301843046,0.26725660980808663,0.4739385729580369,85,p19,v6,source1,data-videos\VIPL\VIPL\p16-20\p19\v6\source1\video.avi
123.01601666666667,112.81778333333332,96.95332083333335,0.13559402257597256,0.1268675952956901,0.25482970266652744,85,p19,v6,source1,data-videos\VIPL\VIPL\p16-20\p19\v6\source1\video.avi
122.90535833333334,112.652025,96.89296250000001,0.12994079875295442,0.13915117204161798,0.28154878894350777,85,p19,v6,source1,data-videos\VIPL\VIPL\p16-20\p19\v6\source1\video.avi
122.75796249999999,112.57494583333333,97.1866125,0.11043081308750198,0.13675240615900636,0.30411376982964766,85,p19,v6,source1,data-videos\VIPL\VIPL\p16-20\p19\v6\source1\video.avi
122.9431625,112.50444583333334,97.04491666666667,0.17742640023401263,0.25994257966370693,0.3521782971044481,85,p19,v6,source1,data-videos\VIPL\VIPL\p16-20\p19\v6\source1\video.avi
123.129375,112.81105833333334,97.37446666666669,0.15647471341242333,0.13359271216296087,0.5565672880354269,85,p19,v6,source1,data-videos\VIPL\VIPL\p16-20\p19\v6\source1\video.avi
123.04388333333334,112.73970000000001,97.22766250000001,0.12361323994733842,0.1702545207631159,0.2893961941482642,85,p19,v6,source1,data-videos\VIPL\VIPL\p16-20\p19\v6\source1\video.avi
122.92718333333335,112.94608333333333,97.42332083333332,0.14500730189947825,0.16802104644541138,0.28551610846753317,85,p19,v6,source1,data-videos\VIPL\VIPL\p16-20\p19\v6\source1\video.avi
123.09530416666666,113.11877083333334,97.55033333333333,0.17397145140159656,0.1838054668740231,0.30400279832410815,86,p19,v6,source1,data-videos\VIPL\VIPL\p16-20\p19\v6\source1\video.avi
118.11898333333333,99.38546666666667,74.65066666666667,0.20347495128052107,0.6519358327053969,0.9902275885286844,142,p19,v7,source1,data-videos\VIPL\VIPL\p16-20\p19\v7\source1\video.avi
118.14523333333335,100.2790833333333,76.26084583333335,0.254464098987679,0.8097158007297303,1.6174294273737941,141,p19,v7,source1,data-videos\VIPL\VIPL\p16-20\p19\v7\source1\video.avi
118.84448333333334,98.56981666666667,72.53610833333335,0.6135400109485283,0.5921761291637734,0.6799668196051105,140,p19,v7,source1,data-videos\VIPL\VIPL\p16-20\p19\v7\source1\video.avi
119.27528333333333,97.15064999999998,69.33591666666668,0.6758197809471433,0.5539774953436483,1.0114266005149193,139,p19,v7,source1,data-videos\VIPL\VIPL\p16-20\p19\v7\source1\video.avi
118.5885625,101.0313125,76.87873749999999,0.9357357348372402,2.7071551208030695,4.248667219671004,140,p19,v7,source1,data-videos\VIPL\VIPL\p16-20\p19\v7\source1\video.avi
114.19276666666669,95.91666666666669,71.65690416666666,13.205678970047897,11.652669452114525,11.390298293078741,139,p19,v7,source1,data-videos\VIPL\VIPL\p16-20\p19\v7\source1\video.avi
81.84090416666668,65.05625416666666,43.62621666666667,3.341342241592647,2.6796485520298803,1.5407792422563515,139,p19,v7,source1,data-videos\VIPL\VIPL\p16-20\p19\v7\source1\video.avi
124.94249999999998,97.87245000000001,64.76893333333332,12.567808994727418,9.79785917350238,6.61726145798759,139,p19,v7,source1,data-videos\VIPL\VIPL\p16-20\p19\v7\source1\video.avi
121.86800833333335,95.645275,64.003025,4.5055707479779645,2.940587608376042,2.2933491001229447,139,p19,v7,source1,data-videos\VIPL\VIPL\p16-20\p19\v7\source1\video.avi
121.87646666666667,100.33839999999998,73.4669,0.41530649128250974,0.8258927996795334,1.2894751375855948,139,p19,v7,source1,data-videos\VIPL\VIPL\p16-20\p19\v7\source1\video.avi
122.45418333333333,101.90246666666665,75.6936,0.40072277763297787,0.43754502220724045,0.5279854961049794,137,p19,v7,source1,data-videos\VIPL\VIPL\p16-20\p19\v7\source1\video.avi
124.70702499999997,104.13185833333333,77.19685833333332,1.1654703412738092,1.4799646391233658,1.5809975950505302,135,p19,v7,source1,data-videos\VIPL\VIPL\p16-20\p19\v7\source1\video.avi
128.09757083333335,107.80665416666665,81.11817083333332,0.6322382979399029,0.6232906369902564,0.6209791642762879,133,p19,v7,source1,data-videos\VIPL\VIPL\p16-20\p19\v7\source1\video.avi
128.43326666666667,108.65936666666667,81.97396666666666,0.2845686792835205,0.30861483619238844,0.6545883373721316,131,p19,v7,source1,data-videos\VIPL\VIPL\p16-20\p19\v7\source1\video.avi
129.09357916666667,108.80567916666666,81.40474583333334,0.19288455429277268,0.23108718389928012,0.33765591444916215,131,p19,v7,source1,data-videos\VIPL\VIPL\p16-20\p19\v7\source1\video.avi
129.54494583333334,110.36706249999999,84.30266249999998,0.34611083384597563,0.4765733773804183,0.9433084683118704,130,p19,v7,source1,data-videos\VIPL\VIPL\p16-20\p19\v7\source1\video.avi
129.43043333333333,108.98628333333332,81.58085,0.20672966252586228,0.36549090337707185,0.7126576486654637,130,p19,v7,source1,data-videos\VIPL\VIPL\p16-20\p19\v7\source1\video.avi
129.75321666666667,108.48831666666666,80.59083333333334,0.21262679085077557,0.39476078669908193,0.6682798652500402,131,p19,v7,source1,data-videos\VIPL\VIPL\p16-20\p19\v7\source1\video.avi
129.95159583333333,110.0250625,83.66059583333333,0.4683704201285439,0.4993232094893271,1.103761754577526,131,p19,v7,source1,data-videos\VIPL\VIPL\p16-20\p19\v7\source1\video.avi
129.290025,109.4491,82.74555833333334,0.2946996503622169,0.23408309948665182,0.6649237443747462,132,p19,v7,source1,data-videos\VIPL\VIPL\p16-20\p19\v7\source1\video.avi
130.18057083333332,110.83637083333335,84.2052125,1.5756217611254102,1.3618168836332631,1.3308082044303622,132,p19,v7,source1,data-videos\VIPL\VIPL\p16-20\p19\v7\source1\video.avi
141.55879583333333,121.05786250000001,92.93130000000001,1.8331827495165307,1.7878176444457827,1.7136213142887562,133,p19,v7,source1,data-videos\VIPL\VIPL\p16-20\p19\v7\source1\video.avi
137.25992916666667,116.58023750000002,88.69476250000001,0.6506735670847401,0.7006123409997214,0.7908133589416383,132,p19,v7,source1,data-videos\VIPL\VIPL\p16-20\p19\v7\source1\video.avi
135.84986666666666,115.42841666666665,86.77187500000002,0.6293358323352594,1.104640865155829,1.9459300627277867,131,p19,v7,source1,data-videos\VIPL\VIPL\p16-20\p19\v7\source1\video.avi
137.571925,117.66275833333334,90.28011250000002,0.6045584944357747,0.6218440382577177,0.7685433535040676,129,p19,v7,source1,data-videos\VIPL\VIPL\p16-20\p19\v7\source1\video.avi
137.86170416666667,117.72667083333334,90.07192083333334,0.13089214071134952,0.3753440279337823,0.760978225341858,128,p19,v7,source1,data-videos\VIPL\VIPL\p16-20\p19\v7\source1\video.avi
138.07672083333333,117.66950416666667,89.74962083333334,0.15295261873007857,0.44086174715455495,0.8964742914762126,127,p19,v7,source1,data-videos\VIPL\VIPL\p16-20\p19\v7\source1\video.avi
137.46729583333334,118.91897916666667,93.05429166666667,0.4748197707054524,0.30277677592851443,0.688569636976012,127,p19,v7,source1,data-videos\VIPL\VIPL\p16-20\p19\v7\source1\video.avi
135.2701625,115.77042916666667,89.0668125,0.5620196599405782,0.7743928128388002,1.0587618960862557,128,p19,v7,source1,data-videos\VIPL\VIPL\p16-20\p19\v7\source1\video.avi
134.6096125,116.08546249999999,90.49644583333333,0.2795662679838994,0.708793354347139,1.1583238235221145,128,p19,v7,source1,data-videos\VIPL\VIPL\p16-20\p19\v7\source1\video.avi
134.2197,117.14816666666665,92.77392083333334,0.2746681620357754,0.4229769189427879,0.8758828962744449,127,p19,v7,source1,data-videos\VIPL\VIPL\p16-20\p19\v7\source1\video.avi
134.324725,115.99807499999999,89.96375,0.2507438878450811,0.21573296234388326,0.31562995320645776,127,p19,v7,source1,data-videos\VIPL\VIPL\p16-20\p19\v7\source1\video.avi
133.8746541666667,116.53072083333332,91.49785833333335,0.20849499919062545,0.3805499229459471,1.0851329895935171,125,p19,v7,source1,data-videos\VIPL\VIPL\p16-20\p19\v7\source1\video.avi
134.02602916666666,117.13214583333334,93.10741250000001,0.2542539592584752,0.19470343144196892,0.546179742716779,125,p19,v7,source1,data-videos\VIPL\VIPL\p16-20\p19\v7\source1\video.avi
134.43795416666669,116.3888875,91.05853333333333,0.2461661992209522,0.23306882090442227,0.4099853633905054,124,p19,v7,source1,data-videos\VIPL\VIPL\p16-20\p19\v7\source1\video.avi
134.16343333333333,116.50531666666666,91.77530833333334,0.11229728062651886,0.3886861979619444,0.8064385360310079,123,p19,v7,source1,data-videos\VIPL\VIPL\p16-20\p19\v7\source1\video.avi
122.36433333333332,112.81119166666667,106.40992499999999,2.219062372768306,1.5403646788405152,1.9514060078746907,62,p20,v1,source1,data-videos\VIPL\VIPL\p16-20\p20\v1\source1\video.avi
124.91392916666668,114.31735416666669,107.30624583333334,0.9077941889623927,0.28767884986512654,0.4625890140316533,62,p20,v1,source1,data-videos\VIPL\VIPL\p16-20\p20\v1\source1\video.avi
126.90842500000001,115.91132083333333,108.95883750000002,0.5219012396264352,0.27930584795415325,0.7081282329778117,62,p20,v1,source1,data-videos\VIPL\VIPL\p16-20\p20\v1\source1\video.avi
127.53831249999999,115.85045416666668,108.27491666666667,0.3928519366087197,0.1922750441533351,0.43842384699974474,63,p20,v1,source1,data-videos\VIPL\VIPL\p16-20\p20\v1\source1\video.avi
129.77334166666665,116.79397916666667,108.185675,0.8938322698731928,0.30966748099327807,0.5118859618620031,63,p20,v1,source1,data-videos\VIPL\VIPL\p16-20\p20\v1\source1\video.avi
129.53244999999998,116.80842083333334,108.19602916666666,0.32392016538286883,0.3092017102780784,0.28175931710908547,63,p20,v1,source1,data-videos\VIPL\VIPL\p16-20\p20\v1\source1\video.avi
129.90487083333335,116.85333333333334,108.07383333333333,0.6624181122609706,0.2738425214653495,0.6188335346249322,64,p20,v1,source1,data-videos\VIPL\VIPL\p16-20\p20\v1\source1\video.avi
128.83944583333331,117.53085833333333,110.40118333333332,0.978394314947116,0.25868915058800696,0.7719678778354192,65,p20,v1,source1,data-videos\VIPL\VIPL\p16-20\p20\v1\source1\video.avi
129.49600833333335,117.78882083333336,110.20593749999998,0.8543519690872938,0.18978572008613057,0.7302800398696003,66,p20,v1,source1,data-videos\VIPL\VIPL\p16-20\p20\v1\source1\video.avi
130.6219625,118.37427500000001,110.89510833333334,0.70321680985786,0.49775855271964475,0.9183736948934355,66,p20,v1,source1,data-videos\VIPL\VIPL\p16-20\p20\v1\source1\video.avi
130.26065833333334,118.55532916666667,111.0440125,0.5167464720959504,0.5076062881992743,0.794082727244671,66,p20,v1,source1,data-videos\VIPL\VIPL\p16-20\p20\v1\source1\video.avi
127.53738750000001,116.38944166666666,109.21564166666667,1.5295988762263064,0.9532230208613309,0.7530104878825467,67,p20,v1,source1,data-videos\VIPL\VIPL\p16-20\p20\v1\source1\video.avi
126.58685,115.60605833333334,108.28534999999998,0.6893495174347339,0.2587180647898623,0.6205376147498599,67,p20,v1,source1,data-videos\VIPL\VIPL\p16-20\p20\v1\source1\video.avi
126.82342083333334,115.44393333333333,107.97623750000001,0.368846828953655,0.19682114624986619,0.3028177413547077,67,p20,v1,source1,data-videos\VIPL\VIPL\p16-20\p20\v1\source1\video.avi
126.27075416666666,115.60596666666669,109.28840416666667,0.2674901644739083,0.33161808626625,0.7145167879121757,66,p20,v1,source1,data-videos\VIPL\VIPL\p16-20\p20\v1\source1\video.avi
126.10869166666666,115.14258749999999,108.29767083333334,0.37675762761393095,0.1911577293755082,0.39367471820018995,66,p20,v1,source1,data-videos\VIPL\VIPL\p16-20\p20\v1\source1\video.avi
125.66402916666668,115.33134583333334,108.75332916666666,0.6563168072608346,0.2687839237633304,0.5072052796739862,66,p20,v1,source1,data-videos\VIPL\VIPL\p16-20\p20\v1\source1\video.avi
126.53730833333333,115.4641625,108.46337916666667,1.0017107570024604,0.2972344395399208,0.9985829461006513,66,p20,v1,source1,data-videos\VIPL\VIPL\p16-20\p20\v1\source1\video.avi
126.19335833333332,115.05756666666666,107.79713749999999,0.40997116713488946,0.2681977625305418,0.6382729873292192,65,p20,v1,source1,data-videos\VIPL\VIPL\p16-20\p20\v1\source1\video.avi
127.52116666666667,119.33501666666668,114.56356666666666,2.063706824326274,1.6783602948223326,1.9022289345696233,63,p20,v2,source1,data-videos\VIPL\VIPL\p16-20\p20\v2\source1\video.avi
122.2611625,116.04159583333336,112.53884583333334,6.282265342734878,5.334760153195085,5.350837537872121,63,p20,v2,source1,data-videos\VIPL\VIPL\p16-20\p20\v2\source1\video.avi
108.57513333333333,104.10570833333333,100.493475,13.996637598781785,11.707181181745767,10.670771534006912,63,p20,v2,source1,data-videos\VIPL\VIPL\p16-20\p20\v2\source1\video.avi
157.55728749999997,149.8876833333333,144.39218333333335,31.994301705015573,30.80099431384638,30.0594635254654,63,p20,v2,source1,data-videos\VIPL\VIPL\p16-20\p20\v2\source1\video.avi
114.50344999999999,118.03737083333336,121.07474166666667,25.49681893052148,20.102120788394824,18.680772980674167,64,p20,v2,source1,data-videos\VIPL\VIPL\p16-20\p20\v2\source1\video.avi
131.65235,135.10734166666668,137.47158333333334,2.582044793073409,1.9995901496549777,1.9529625652454283,65,p20,v2,source1,data-videos\VIPL\VIPL\p16-20\p20\v2\source1\video.avi
122.01073749999999,126.17341250000001,129.27536666666666,7.93165739666624,7.389341559647848,6.666207262043452,65,p20,v2,source1,data-videos\VIPL\VIPL\p16-20\p20\v2\source1\video.avi
120.89303333333334,124.63114583333332,127.16210416666667,4.205607689971145,4.291123121020526,4.392656003660318,65,p20,v2,source1,data-videos\VIPL\VIPL\p16-20\p20\v2\source1\video.avi
107.92794166666667,111.02440416666667,111.2968875,20.578124079542714,18.998258825544017,19.40171853099634,65,p20,v2,source1,data-videos\VIPL\VIPL\p16-20\p20\v2\source1\video.avi
120.41150416666666,114.58984166666667,112.91065833333332,8.846397913275212,7.098606875203086,6.955258481592463,65,p20,v2,source1,data-videos\VIPL\VIPL\p16-20\p20\v2\source1\video.avi
122.5200875,117.09647500000001,115.53049999999999,7.693818170261669,7.172036570600759,7.318198134853431,65,p20,v2,source1,data-videos\VIPL\VIPL\p16-20\p20\v2\source1\video.avi
124.11831666666667,117.8959375,116.85172083333333,4.601196741564453,3.5395216281162614,3.093954028502381,65,p20,v2,source1,data-videos\VIPL\VIPL\p16-20\p20\v2\source1\video.avi
128.1053875,119.35915833333333,116.03080833333334,2.289967964075712,1.483602948612581,1.2096365573747756,65,p20,v2,source1,data-videos\VIPL\VIPL\p16-20\p20\v2\source1\video.avi
126.60930833333333,118.29203333333334,115.33759999999998,0.6951958743514517,0.8367537337042825,1.4622764814593605,65,p20,v2,source1,data-videos\VIPL\VIPL\p16-20\p20\v2\source1\video.avi
126.49030416666666,119.06953333333333,116.87113333333333,0.6218742740922631,0.5559476114095147,0.8257592062888756,64,p20,v2,source1,data-videos\VIPL\VIPL\p16-20\p20\v2\source1\video.avi
123.48352499999999,117.12800416666667,116.14327083333333,1.467492204834492,0.8659971114952155,0.7780764392477774,64,p20,v2,source1,data-videos\VIPL\VIPL\p16-20\p20\v2\source1\video.avi
121.18574999999998,115.83376666666668,115.31506666666668,0.6159560552337848,0.4666058374417564,0.7028381821674886,64,p20,v2,source1,data-videos\VIPL\VIPL\p16-20\p20\v2\source1\video.avi
123.71841666666667,116.45637916666666,113.93672916666668,1.6425482988522753,0.790434712652017,1.7339739348591234,64,p20,v2,source1,data-videos\VIPL\VIPL\p16-20\p20\v2\source1\video.avi
124.0714625,117.73347916666667,116.41219583333333,1.1457696169708855,0.5268501526367189,1.2582286580082875,64,p20,v2,source1,data-videos\VIPL\VIPL\p16-20\p20\v2\source1\video.avi
121.31257916666668,116.15109583333333,115.55832916666667,1.01339344380376,0.31551496860952044,0.7730997023167341,64,p20,v2,source1,data-videos\VIPL\VIPL\p16-20\p20\v2\source1\video.avi
149.3362875,150.37425000000002,147.50855416666664,1.5415136643896508,1.1111255636646855,0.9373334297949202,65,p20,v3,source1,data-videos\VIPL\VIPL\p16-20\p20\v3\source1\video.avi
152.9119125,153.62161666666668,150.78021666666666,0.6999639784134549,0.8854460201604941,1.180645798931555,65,p20,v3,source1,data-videos\VIPL\VIPL\p16-20\p20\v3\source1\video.avi
152.96137916666666,153.51399166666667,150.6687208333333,1.1798057048137665,1.218599375920181,1.241508576527073,65,p20,v3,source1,data-videos\VIPL\VIPL\p16-20\p20\v3\source1\video.avi
152.8259875,153.73802083333334,150.69916250000003,0.5760909684447516,0.5461729255312238,0.3961871910438614,65,p20,v3,source1,data-videos\VIPL\VIPL\p16-20\p20\v3\source1\video.avi
152.50545833333334,153.348825,150.41258333333334,0.8643239736485477,0.46691258170918304,0.6209714380788576,65,p20,v3,source1,data-videos\VIPL\VIPL\p16-20\p20\v3\source1\video.avi
152.82461666666666,153.44209583333333,150.5684375,0.19063569806046396,0.16803003648074985,0.14633787127550113,65,p20,v3,source1,data-videos\VIPL\VIPL\p16-20\p20\v3\source1\video.avi
152.20973750000002,152.88281666666666,149.92681249999998,2.077076062575038,1.8951765264451983,1.7646839429208772,65,p20,v3,source1,data-videos\VIPL\VIPL\p16-20\p20\v3\source1\video.avi
147.01009583333334,147.73634166666668,145.08290416666668,6.144547682752979,5.560245582037671,5.243110744815127,65,p20,v3,source1,data-videos\VIPL\VIPL\p16-20\p20\v3\source1\video.avi
137.26554166666668,140.05344583333334,139.04296666666667,1.2697913019551028,0.8568947572079995,0.7853959745948049,65,p20,v3,source1,data-videos\VIPL\VIPL\p16-20\p20\v3\source1\video.avi
140.77583333333334,142.94280416666666,141.40186666666668,3.496049085639585,2.7821789481597547,2.4277971598570036,65,p20,v3,source1,data-videos\VIPL\VIPL\p16-20\p20\v3\source1\video.avi
131.69342500000002,136.04519583333334,135.73285416666667,5.060208347427505,4.076442354477125,3.4919243985527997,65,p20,v3,source1,data-videos\VIPL\VIPL\p16-20\p20\v3\source1\video.avi
130.43830416666668,134.690875,134.4843166666667,1.641488667253668,1.2095363181958303,1.007899712669175,65,p20,v3,source1,data-videos\VIPL\VIPL\p16-20\p20\v3\source1\video.avi
140.8998875,143.07305416666665,141.87960416666664,3.4131964519927425,2.7459690572045763,2.3543455123805983,65,p20,v3,source1,data-videos\VIPL\VIPL\p16-20\p20\v3\source1\video.avi
130.12707916666668,135.07023333333333,135.61224166666668,3.59028805890318,2.7285318936222636,2.1253197988773374,65,p20,v3,source1,data-videos\VIPL\VIPL\p16-20\p20\v3\source1\video.avi
133.89251666666667,137.83485000000002,137.72873333333334,3.2795691428514,2.2216806554870296,1.9090434538208882,65,p20,v3,source1,data-videos\VIPL\VIPL\p16-20\p20\v3\source1\video.avi
137.54135,141.2077625,140.7038125,2.534929052241074,2.096926757748372,1.745014592226478,65,p20,v3,source1,data-videos\VIPL\VIPL\p16-20\p20\v3\source1\video.avi
132.35875416666667,137.11000833333333,137.07795,3.157719290638769,2.355182413597605,1.9337728325251935,65,p20,v3,source1,data-videos\VIPL\VIPL\p16-20\p20\v3\source1\video.avi
134.83490416666666,138.42139583333335,137.44891666666666,1.7280097906945182,1.5398746513402557,1.4574830833900132,65,p20,v3,source1,data-videos\VIPL\VIPL\p16-20\p20\v3\source1\video.avi
135.42065833333334,139.21820833333334,138.23786666666666,3.1697837706276943,2.609753194815024,2.351755883266623,65,p20,v3,source1,data-videos\VIPL\VIPL\p16-20\p20\v3\source1\video.avi
138.67595833333334,142.09222916666667,140.88415833333332,4.658690019606878,3.8996066761019113,3.4143833103047316,65,p20,v3,source1,data-videos\VIPL\VIPL\p16-20\p20\v3\source1\video.avi
131.44556666666668,136.35829999999999,135.856025,4.43968503481979,3.6588809030126375,3.089139824129177,65,p20,v3,source1,data-videos\VIPL\VIPL\p16-20\p20\v3\source1\video.avi
120.42467500000001,127.40655416666665,128.79228750000001,7.790418483375016,6.429538013546453,5.898373598695802,65,p20,v3,source1,data-videos\VIPL\VIPL\p16-20\p20\v3\source1\video.avi
131.30592083333332,137.4651,137.44338333333334,1.3742286301220858,1.2299114143800038,1.3558015727303359,65,p20,v3,source1,data-videos\VIPL\VIPL\p16-20\p20\v3\source1\video.avi
127.91264583333333,134.3081375,134.4968375,3.8508633080146955,3.433117818670807,2.9663617801666278,65,p20,v3,source1,data-videos\VIPL\VIPL\p16-20\p20\v3\source1\video.avi
129.68488333333332,134.90469166666665,135.58299166666663,2.6399768697232213,2.1775580823035594,1.745027982882128,65,p20,v3,source1,data-videos\VIPL\VIPL\p16-20\p20\v3\source1\video.avi
136.14245,140.64850833333333,140.40345833333333,4.40782306377678,3.5335111388683877,2.8851987923157996,65,p20,v3,source1,data-videos\VIPL\VIPL\p16-20\p20\v3\source1\video.avi
156.44917916666665,152.16154166666666,147.9968333333333,2.48691835158104,1.5960877805199165,1.0748330987200592,62,p20,v4,source1,data-videos\VIPL\VIPL\p16-20\p20\v4\source1\video.avi
158.70865416666666,153.26180833333336,148.51564583333334,0.7922325373018474,0.5393800903261803,0.3849814953164782,62,p20,v4,source1,data-videos\VIPL\VIPL\p16-20\p20\v4\source1\video.avi
157.49774583333334,152.75890833333332,148.58649166666666,1.0046419353673293,0.5799102698789816,0.4437185735350716,62,p20,v4,source1,data-videos\VIPL\VIPL\p16-20\p20\v4\source1\video.avi
156.37390000000002,151.89775416666666,147.85621666666668,1.7235181031770928,1.2564301557112356,1.0771330250142683,61,p20,v4,source1,data-videos\VIPL\VIPL\p16-20\p20\v4\source1\video.avi
158.44055,153.28412916666667,148.7710625,0.48688538581848184,0.35298259281915345,0.339081391562804,61,p20,v4,source1,data-videos\VIPL\VIPL\p16-20\p20\v4\source1\video.avi
157.37519583333335,152.67818333333335,148.09121666666667,0.650087991720482,0.35550764403213264,0.37267043048375037,61,p20,v4,source1,data-videos\VIPL\VIPL\p16-20\p20\v4\source1\video.avi
156.37311666666668,152.47280833333335,147.69722916666666,0.2265187590343109,0.2911698096567653,0.25452336991587365,61,p20,v4,source1,data-videos\VIPL\VIPL\p16-20\p20\v4\source1\video.avi
153.83964166666667,150.58299583333334,146.79620416666666,0.897054798121794,0.75540580193051,0.48370125192220936,61,p20,v4,source1,data-videos\VIPL\VIPL\p16-20\p20\v4\source1\video.avi
153.2311125,150.0357,146.38842083333336,0.23192951163673692,0.3358925758334039,0.28422694051633685,61,p20,v4,source1,data-videos\VIPL\VIPL\p16-20\p20\v4\source1\video.avi
153.4586,149.6733416666667,145.81907916666665,2.4806609752647373,1.8029900572748407,1.425596461329627,61,p20,v4,source1,data-videos\VIPL\VIPL\p16-20\p20\v4\source1\video.avi
153.17262916666667,149.06746250000003,145.06389166666668,2.449278932523925,1.7002523494996749,1.4560701626199937,61,p20,v4,source1,data-videos\VIPL\VIPL\p16-20\p20\v4\source1\video.avi
152.362175,148.6044791666667,144.6888375,1.136104286937872,0.7385815944778138,0.48325798144670384,61,p20,v4,source1,data-videos\VIPL\VIPL\p16-20\p20\v4\source1\video.avi
151.47099166666666,147.92292500000002,144.15627916666668,0.4535220034016473,0.44940614646349497,0.3570362200541542,61,p20,v4,source1,data-videos\VIPL\VIPL\p16-20\p20\v4\source1\video.avi
150.75795,147.41679583333334,143.687175,0.6224728440640784,0.4398902298364385,0.3400686732628002,62,p20,v4,source1,data-videos\VIPL\VIPL\p16-20\p20\v4\source1\video.avi
149.4228791666667,146.37287083333334,143.09397916666666,0.24824985992219295,0.33183663996761975,0.27963931692350247,62,p20,v4,source1,data-videos\VIPL\VIPL\p16-20\p20\v4\source1\video.avi
148.99855,146.00211666666667,142.78247916666666,0.3542826267516592,0.34897198570308685,0.26920068315756596,62,p20,v4,source1,data-videos\VIPL\VIPL\p16-20\p20\v4\source1\video.avi
148.68273333333335,145.75301249999998,142.75505,1.7871683103970661,1.2516041099408546,0.9711659413789383,62,p20,v4,source1,data-videos\VIPL\VIPL\p16-20\p20\v4\source1\video.avi
148.26817916666667,145.45445,142.9434625,2.389272974272778,1.6224077319039385,1.3130568343537365,56,p20,v4,source1,data-videos\VIPL\VIPL\p16-20\p20\v4\source1\video.avi
147.6578875,145.28693333333334,142.80215833333332,2.6109902810709973,1.8123476526203055,1.5726841791539452,56,p20,v4,source1,data-videos\VIPL\VIPL\p16-20\p20\v4\source1\video.avi
146.97335416666664,144.69965,142.45605416666666,2.3685178908194766,1.6735453099362825,1.6042352267059115,56,p20,v4,source1,data-videos\VIPL\VIPL\p16-20\p20\v4\source1\video.avi
155.66749583333333,129.6413208333333,111.20183333333334,0.5142577778202368,0.692442980329028,0.5180983473911542,58,p20,v5,source1,data-videos\VIPL\VIPL\p16-20\p20\v5\source1\video.avi
155.04650416666667,129.9720875,111.01729583333332,0.4451575896054463,0.42014463498366245,0.46069347681873346,58,p20,v5,source1,data-videos\VIPL\VIPL\p16-20\p20\v5\source1\video.avi
154.25268333333332,129.0839375,110.48539583333333,0.2529594525177003,0.4827190466010112,0.8664304205249902,58,p20,v5,source1,data-videos\VIPL\VIPL\p16-20\p20\v5\source1\video.avi
154.34757083333335,128.05502916666669,106.468825,0.4664186968793257,0.5480803839057057,1.609981379162503,59,p20,v5,source1,data-videos\VIPL\VIPL\p16-20\p20\v5\source1\video.avi
154.34600833333334,126.14614166666667,102.71166250000002,0.5306516669126974,0.6781317763870349,0.6628752792443927,59,p20,v5,source1,data-videos\VIPL\VIPL\p16-20\p20\v5\source1\video.avi
153.57429166666668,124.05092083333334,100.83914999999999,0.3933687230283376,0.7782731567342235,0.7318541270389125,59,p20,v5,source1,data-videos\VIPL\VIPL\p16-20\p20\v5\source1\video.avi
154.17904583333333,123.39440416666666,100.08724166666669,0.6300839420488187,0.5363703936983384,0.5802302779512529,59,p20,v5,source1,data-videos\VIPL\VIPL\p16-20\p20\v5\source1\video.avi
153.87569166666665,123.8506875,99.75854583333332,0.2907080823299277,0.6676522623362987,0.4142282634443367,59,p20,v5,source1,data-videos\VIPL\VIPL\p16-20\p20\v5\source1\video.avi
154.15228333333332,124.24559583333335,99.98650000000002,0.38875183649977063,0.4859185875383617,0.6421377207660001,59,p20,v5,source1,data-videos\VIPL\VIPL\p16-20\p20\v5\source1\video.avi
155.29909583333335,125.11572499999998,100.8228125,0.6395487760208147,0.6645687553782519,0.4285903057391886,59,p20,v5,source1,data-videos\VIPL\VIPL\p16-20\p20\v5\source1\video.avi
155.84151666666665,125.51075416666667,100.98517083333333,0.3327224990200805,0.6134257575006754,0.4860916318438434,59,p20,v5,source1,data-videos\VIPL\VIPL\p16-20\p20\v5\source1\video.avi
156.17536666666666,125.37287500000001,101.95799166666666,0.2781666450094828,0.455547976838213,0.3677791639995697,59,p20,v5,source1,data-videos\VIPL\VIPL\p16-20\p20\v5\source1\video.avi
156.54176249999998,127.77360416666669,103.85400833333333,0.4256040814324319,0.8755566974113929,1.3099431723122572,58,p20,v5,source1,data-videos\VIPL\VIPL\p16-20\p20\v5\source1\video.avi
155.14922083333332,127.6628125,104.25490000000002,0.6179691559522469,0.6347293256501378,0.5785376278817139,58,p20,v5,source1,data-videos\VIPL\VIPL\p16-20\p20\v5\source1\video.avi
154.29415833333334,127.02307916666666,103.81884583333333,0.4842346220597911,0.6861621940132362,0.6245174685362652,58,p20,v5,source1,data-videos\VIPL\VIPL\p16-20\p20\v5\source1\video.avi
153.66155833333332,125.98094999999999,103.40936666666667,1.6334998040378432,1.2506644346328701,0.8843460679013049,58,p20,v5,source1,data-videos\VIPL\VIPL\p16-20\p20\v5\source1\video.avi
154.66369166666667,126.79462083333334,103.9373875,0.7584011537209582,0.5908350896776909,0.5180226518333906,58,p20,v5,source1,data-videos\VIPL\VIPL\p16-20\p20\v5\source1\video.avi
151.84116666666668,124.8143125,101.63072083333334,1.2211985158458756,0.8653688941235789,0.8710555363043088,58,p20,v5,source1,data-videos\VIPL\VIPL\p16-20\p20\v5\source1\video.avi
149.9646958333333,124.43715833333334,101.93611250000002,0.7109088488854317,0.7673812688202075,0.8510642544534068,58,p20,v5,source1,data-videos\VIPL\VIPL\p16-20\p20\v5\source1\video.avi
148.0941,121.09110833333334,99.87748333333333,0.8303807960140265,0.791729495248114,0.5352231059658413,58,p20,v5,source1,data-videos\VIPL\VIPL\p16-20\p20\v5\source1\video.avi
70.31052777777778,68.50865555555555,67.42115,0.25190931091550706,0.23080854499875808,0.28838019186783453,59,p20,v6,source1,data-videos\VIPL\VIPL\p16-20\p20\v6\source1\video.avi
71.39273888888889,69.10616111111112,67.93443333333333,0.41432468950490325,0.49995837771202933,0.6648030351117753,59,p20,v6,source1,data-videos\VIPL\VIPL\p16-20\p20\v6\source1\video.avi
71.77853888888889,69.78833333333333,68.62407777777777,0.3959373277036858,0.19419204253191266,0.3387342221736747,59,p20,v6,source1,data-videos\VIPL\VIPL\p16-20\p20\v6\source1\video.avi
71.07575,68.97085555555556,67.78015555555555,0.22240434897826084,0.2875148940854837,0.30790793808106603,59,p20,v6,source1,data-videos\VIPL\VIPL\p16-20\p20\v6\source1\video.avi
70.46386666666666,68.57133888888889,67.38423333333333,0.3237057936833954,0.3338374518523334,0.3437036593231123,59,p20,v6,source1,data-videos\VIPL\VIPL\p16-20\p20\v6\source1\video.avi
70.64985555555555,68.67772222222222,67.6130111111111,1.4394756608605355,1.3787699311879955,1.262292997771208,60,p20,v6,source1,data-videos\VIPL\VIPL\p16-20\p20\v6\source1\video.avi
72.07111666666667,70.27896666666666,69.08148888888888,0.3346562647785875,0.36568709867289967,0.55076469079783,62,p20,v6,source1,data-videos\VIPL\VIPL\p16-20\p20\v6\source1\video.avi
72.1044111111111,70.44693333333333,69.39177777777778,0.3289339479268853,0.2036684772908535,0.41311743166523396,62,p20,v6,source1,data-videos\VIPL\VIPL\p16-20\p20\v6\source1\video.avi
71.821,69.61358888888888,68.27402222222221,0.21736103833864748,0.18168638900758974,0.22183960630583088,62,p20,v6,source1,data-videos\VIPL\VIPL\p16-20\p20\v6\source1\video.avi
71.73430555555555,69.70088333333334,68.36908333333332,0.27788574290724466,0.4428810155680836,0.46910850899325623,62,p20,v6,source1,data-videos\VIPL\VIPL\p16-20\p20\v6\source1\video.avi
72.1838,70.92885,69.87982222222223,0.6163108055795179,0.26022944386980984,0.24946887569047815,62,p20,v6,source1,data-videos\VIPL\VIPL\p16-20\p20\v6\source1\video.avi
72.05411111111111,69.93986111111111,68.26645555555555,0.20527602239514078,0.2139689027826808,0.3721929033229279,62,p20,v6,source1,data-videos\VIPL\VIPL\p16-20\p20\v6\source1\video.avi
71.83587777777778,69.90946666666666,68.35398888888889,0.4386285826511075,0.2809710528343887,0.40567319739714164,62,p20,v6,source1,data-videos\VIPL\VIPL\p16-20\p20\v6\source1\video.avi
71.29096666666666,70.16730000000001,68.88867222222223,0.4873414026286386,0.24080276648261198,0.24305815897018468,63,p20,v6,source1,data-videos\VIPL\VIPL\p16-20\p20\v6\source1\video.avi
70.79101666666665,69.29009444444445,67.89768333333335,0.20909885546799356,0.23292063608888233,0.39448869610931026,63,p20,v6,source1,data-videos\VIPL\VIPL\p16-20\p20\v6\source1\video.avi
71.55237222222222,69.96454444444444,68.65429444444445,0.4079535950068486,0.4312558919261152,0.6000488533609184,64,p20,v6,source1,data-videos\VIPL\VIPL\p16-20\p20\v6\source1\video.avi
71.36807777777777,69.61774444444445,68.00327777777778,0.23015120727442812,0.2330182504906617,0.41320836297752694,63,p20,v6,source1,data-videos\VIPL\VIPL\p16-20\p20\v6\source1\video.avi
70.92316111111111,69.20962777777778,67.76548333333334,0.24470092693321538,0.17861739111130162,0.21251688792733825,63,p20,v6,source1,data-videos\VIPL\VIPL\p16-20\p20\v6\source1\video.avi
72.03248888888889,69.93879444444445,68.31160555555556,0.6235376434328384,0.22345607710478976,0.4229497954183734,62,p20,v6,source1,data-videos\VIPL\VIPL\p16-20\p20\v6\source1\video.avi
70.81305555555555,69.29105,67.78088333333332,0.17528015934286295,0.18548006232077466,0.43874209901084765,62,p20,v6,source1,data-videos\VIPL\VIPL\p16-20\p20\v6\source1\video.avi
71.2062,69.46322777777777,67.83047777777777,0.36909975122996924,0.265459659230952,0.2892629204728699,62,p20,v6,source1,data-videos\VIPL\VIPL\p16-20\p20\v6\source1\video.avi
136.52839999999998,133.72889999999998,131.50545416666665,0.6440813392710762,0.8049727340102906,0.7762074201508394,90,p20,v7,source1,data-videos\VIPL\VIPL\p16-20\p20\v7\source1\video.avi
135.85458333333332,133.11915416666668,130.8867,0.4370730406716314,0.5104780390994098,0.5591852492565516,89,p20,v7,source1,data-videos\VIPL\VIPL\p16-20\p20\v7\source1\video.avi
134.96676250000002,131.5035625,129.17192083333333,0.8990667745138405,0.899529928359189,0.8621419582330033,89,p20,v7,source1,data-videos\VIPL\VIPL\p16-20\p20\v7\source1\video.avi
136.55150416666666,133.0782458333333,130.53952500000003,0.33118402917495354,0.3566081115290731,0.41999538489527816,87,p20,v7,source1,data-videos\VIPL\VIPL\p16-20\p20\v7\source1\video.avi
137.39902083333334,134.21485833333335,131.87479999999996,0.5611508349353205,0.4994706554540739,0.40049348998558376,87,p20,v7,source1,data-videos\VIPL\VIPL\p16-20\p20\v7\source1\video.avi
136.55257500000002,133.3830125,131.05852499999997,0.41996942526774717,0.46554452037521726,0.5532012766615794,86,p20,v7,source1,data-videos\VIPL\VIPL\p16-20\p20\v7\source1\video.avi
136.24975,132.87087916666667,130.54204166666668,0.31738686878817896,0.3134728538552712,0.3721953743686095,86,p20,v7,source1,data-videos\VIPL\VIPL\p16-20\p20\v7\source1\video.avi
134.26429166666668,130.7824,128.47329166666665,0.6472507476874383,0.7936269034470789,0.8062401140651445,86,p20,v7,source1,data-videos\VIPL\VIPL\p16-20\p20\v7\source1\video.avi
133.15889166666665,129.80752083333334,127.51253333333332,0.4001041432135741,0.47734671678019674,0.4728254883836922,86,p20,v7,source1,data-videos\VIPL\VIPL\p16-20\p20\v7\source1\video.avi
132.9199708333333,129.2341125,127.03012083333333,0.31957725510299595,0.474449731633628,0.5310226692364985,86,p20,v7,source1,data-videos\VIPL\VIPL\p16-20\p20\v7\source1\video.avi
132.912,129.40127083333334,127.29548333333334,0.5253860196256241,0.6378903842833118,0.6568469777298034,86,p20,v7,source1,data-videos\VIPL\VIPL\p16-20\p20\v7\source1\video.avi
133.41435416666664,130.129925,127.8563875,0.3833189920324539,0.3295110468031069,0.3437349841669857,86,p20,v7,source1,data-videos\VIPL\VIPL\p16-20\p20\v7\source1\video.avi
133.45654583333334,130.25444166666665,128.0241625,0.5300214591109087,0.5709132075200534,0.6514879780058191,86,p20,v7,source1,data-videos\VIPL\VIPL\p16-20\p20\v7\source1\video.avi
136.12733333333335,132.6953375,130.5637625,1.0059576581028826,0.9949531933784072,1.0559730822570186,86,p20,v7,source1,data-videos\VIPL\VIPL\p16-20\p20\v7\source1\video.avi
136.006875,132.42166666666668,130.29056666666665,0.3318391354339556,0.40099264418994446,0.32811079741749805,85,p20,v7,source1,data-videos\VIPL\VIPL\p16-20\p20\v7\source1\video.avi
135.76413333333335,132.411375,130.3327708333333,0.2505751417572504,0.3012115941977772,0.4640944484887296,82,p20,v7,source1,data-videos\VIPL\VIPL\p16-20\p20\v7\source1\video.avi
135.41012083333334,132.16324166666666,129.98948333333334,0.3900531766631301,0.5625735795394532,0.7933873846257794,79,p20,v7,source1,data-videos\VIPL\VIPL\p16-20\p20\v7\source1\video.avi
135.14695416666666,131.69534166666668,129.69655833333334,0.29044065431780636,0.3516476353953837,0.2469532795726058,77,p20,v7,source1,data-videos\VIPL\VIPL\p16-20\p20\v7\source1\video.avi
134.3643833333333,131.13042083333335,129.36779583333333,0.44701447796122656,0.3440344384812536,0.6268629967832775,77,p20,v7,source1,data-videos\VIPL\VIPL\p16-20\p20\v7\source1\video.avi
134.98451666666668,131.3725,129.54681250000002,0.3491803993421187,0.20625152777211894,0.32630069848735127,77,p20,v7,source1,data-videos\VIPL\VIPL\p16-20\p20\v7\source1\video.avi
216.9948541666667,193.72876250000002,175.12311666666668,2.1035386141901227,1.1411330981413186,0.6435347522559383,83,p26,v1,source1,data-videos\VIPL\VIPL\p26-30\p26\v1\source1\video.avi
220.4947041666667,195.94814166666666,176.45170833333333,0.4474735159372895,0.49223075575355835,0.5299223745892183,84,p26,v1,source1,data-videos\VIPL\VIPL\p26-30\p26\v1\source1\video.avi
222.96881666666664,197.51407916666668,177.42642916666668,0.7973940596431409,0.2713290490294455,0.6224163476535526,85,p26,v1,source1,data-videos\VIPL\VIPL\p26-30\p26\v1\source1\video.avi
222.875225,197.75682916666668,178.60571249999998,0.3554027506556619,0.7785682484089353,1.5403714180758505,85,p26,v1,source1,data-videos\VIPL\VIPL\p26-30\p26\v1\source1\video.avi
222.0408541666667,195.4512625,174.53705,1.2602301711200972,0.9153914075941623,0.6510292716953393,86,p26,v1,source1,data-videos\VIPL\VIPL\p26-30\p26\v1\source1\video.avi
219.69134999999997,193.93745833333335,173.9182583333333,0.6824141648812381,0.6179472113994751,0.6398985430649662,86,p26,v1,source1,data-videos\VIPL\VIPL\p26-30\p26\v1\source1\video.avi
217.379125,193.25310833333333,174.58318749999998,1.4099802762238447,0.44385245558224573,0.6478870411233406,86,p26,v1,source1,data-videos\VIPL\VIPL\p26-30\p26\v1\source1\video.avi
217.65940000000003,193.84896250000003,175.2186,0.4935234442252973,0.6106523716428661,1.1955960820397893,86,p26,v1,source1,data-videos\VIPL\VIPL\p26-30\p26\v1\source1\video.avi
212.41161666666665,189.08208749999997,170.08008750000002,2.7328020741208925,2.650871177307672,2.9700961571777365,86,p26,v1,source1,data-videos\VIPL\VIPL\p26-30\p26\v1\source1\video.avi
214.78678750000003,190.76008333333334,171.53199166666664,1.4924756554756613,1.0654834742285635,0.865516549223161,86,p26,v1,source1,data-videos\VIPL\VIPL\p26-30\p26\v1\source1\video.avi
196.24919166666666,177.13060000000002,161.22534166666665,4.952875577691234,3.4440678501077517,2.9441224712045155,86,p26,v1,source1,data-videos\VIPL\VIPL\p26-30\p26\v1\source1\video.avi
196.89618333333337,179.25804166666666,164.30209166666668,2.205579853147721,1.825502422993233,1.6456258911779669,87,p26,v1,source1,data-videos\VIPL\VIPL\p26-30\p26\v1\source1\video.avi
196.1006375,178.8858541666667,164.15218333333334,0.6424008119773581,0.43141218467989295,0.5277932780362736,88,p26,v1,source1,data-videos\VIPL\VIPL\p26-30\p26\v1\source1\video.avi
196.99129999999997,179.83112083333333,165.23780416666665,1.4903394171225428,1.1397784835495457,1.242814328365935,88,p26,v1,source1,data-videos\VIPL\VIPL\p26-30\p26\v1\source1\video.avi
198.75643333333335,181.4801125,166.92753333333334,0.6994868613252629,0.838712472210631,1.3627888314271248,88,p26,v1,source1,data-videos\VIPL\VIPL\p26-30\p26\v1\source1\video.avi
198.80539583333336,180.4232291666667,164.59145833333332,0.1646361149542278,0.5907533039652293,1.4721462937050274,87,p26,v1,source1,data-videos\VIPL\VIPL\p26-30\p26\v1\source1\video.avi
198.71203333333332,181.14665416666668,165.7360958333333,0.358366929287489,0.2557768095810174,0.33734823249170254,87,p26,v1,source1,data-videos\VIPL\VIPL\p26-30\p26\v1\source1\video.avi
196.75492500000001,179.3983958333333,164.55670833333335,0.44569575712212833,0.37284585687132116,0.5100679540103782,87,p26,v1,source1,data-videos\VIPL\VIPL\p26-30\p26\v1\source1\video.avi
209.9547333333333,194.41709583333332,182.3320208333333,7.81019223982266,7.010949827504452,6.834621387114897,95,p26,v2,source1,data-videos\VIPL\VIPL\p26-30\p26\v2\source1\video.avi
133.04357916666666,145.41185416666667,152.05584166666665,43.273148069686435,30.93103485796343,22.9012427417812,95,p26,v2,source1,data-videos\VIPL\VIPL\p26-30\p26\v2\source1\video.avi
226.77389166666669,211.97344583333336,199.86536666666666,4.098272611837517,3.8995974597413023,4.188168324685957,95,p26,v2,source1,data-videos\VIPL\VIPL\p26-30\p26\v2\source1\video.avi
234.43377083333337,215.4281208333333,201.74617083333334,8.060233982594214,9.8355359249495,10.342481499060213,94,p26,v2,source1,data-videos\VIPL\VIPL\p26-30\p26\v2\source1\video.avi
175.2536375,169.34212083333335,164.10202916666665,30.109445028286203,19.608320956440885,13.406269657267382,94,p26,v2,source1,data-videos\VIPL\VIPL\p26-30\p26\v2\source1\video.avi
186.18699166666664,179.56634583333332,174.04341250000002,21.024044896730082,17.67317077423314,15.45599864709694,93,p26,v2,source1,data-videos\VIPL\VIPL\p26-30\p26\v2\source1\video.avi
216.6634166666667,202.8959833333333,192.04949583333328,17.403861707162825,14.461102844951245,12.709976808747092,92,p26,v2,source1,data-videos\VIPL\VIPL\p26-30\p26\v2\source1\video.avi
224.47308333333334,210.26549583333335,199.343275,5.347533632481506,4.764191027363233,4.391828837442991,91,p26,v2,source1,data-videos\VIPL\VIPL\p26-30\p26\v2\source1\video.avi
231.4644,217.61625833333335,207.37739999999997,4.96023975651211,4.56134360953394,4.565137260098722,91,p26,v2,source1,data-videos\VIPL\VIPL\p26-30\p26\v2\source1\video.avi
187.92465,176.5399375,167.38602500000002,46.84665319892127,32.41601966422663,24.381490556695162,91,p26,v2,source1,data-videos\VIPL\VIPL\p26-30\p26\v2\source1\video.avi
110.89118750000002,122.16399583333332,129.43575416666667,17.095288838361693,14.200742538136678,12.213737535575124,90,p26,v2,source1,data-videos\VIPL\VIPL\p26-30\p26\v2\source1\video.avi
195.38991250000004,197.57745416666668,197.9060041666667,13.968652203071775,12.405344657040578,11.699104984422005,89,p26,v2,source1,data-videos\VIPL\VIPL\p26-30\p26\v2\source1\video.avi
203.24293333333335,207.4265208333333,208.50517916666666,3.5263423881709377,3.0815971116744905,2.721123099124751,89,p26,v2,source1,data-videos\VIPL\VIPL\p26-30\p26\v2\source1\video.avi
221.58695416666666,213.63573750000003,206.68838749999998,10.753667430508171,11.595806244126342,14.474150892509446,89,p26,v2,source1,data-videos\VIPL\VIPL\p26-30\p26\v2\source1\video.avi
109.92988333333332,128.23829166666664,138.96052083333333,22.601838067314596,16.34846186118322,12.71291302614169,88,p26,v2,source1,data-videos\VIPL\VIPL\p26-30\p26\v2\source1\video.avi
153.61600833333333,164.96674583333333,170.46669166666666,33.210574981636015,26.1048740593877,20.773593216640485,88,p26,v2,source1,data-videos\VIPL\VIPL\p26-30\p26\v2\source1\video.avi
189.9271375,179.70158333333333,170.14435,19.011556939184132,15.706795113760789,14.1377887807069,87,p26,v2,source1,data-videos\VIPL\VIPL\p26-30\p26\v2\source1\video.avi
220.2121125,200.4851875,185.02540833333336,6.006726805022317,5.631298030609695,5.767299603084282,87,p26,v2,source1,data-videos\VIPL\VIPL\p26-30\p26\v2\source1\video.avi
219.16225416666668,204.05977916666666,192.15403333333336,3.3350769163679392,2.269656841513528,2.021371273014446,87,p26,v2,source1,data-videos\VIPL\VIPL\p26-30\p26\v2\source1\video.avi
138.58181666666667,133.38674166666667,129.2879166666667,37.352534058207,30.76454295449936,26.816855445734046,92,p26,v3,source1,data-videos\VIPL\VIPL\p26-30\p26\v3\source1\video.avi
94.57522916666667,93.8424375,92.35695416666667,28.955574255521405,24.852633587881023,21.905248165736445,92,p26,v3,source1,data-videos\VIPL\VIPL\p26-30\p26\v3\source1\video.avi
143.9669875,139.82161666666667,135.94899166666667,24.25076522496678,18.71943217234804,14.502210190890349,91,p26,v3,source1,data-videos\VIPL\VIPL\p26-30\p26\v3\source1\video.avi
106.35586666666669,107.53667499999997,107.82877083333335,12.016064050269273,9.147015627260467,7.093321931222723,91,p26,v3,source1,data-videos\VIPL\VIPL\p26-30\p26\v3\source1\video.avi
202.00175833333336,187.34247083333332,176.164025,32.74762370934393,28.857726998959194,26.554407119084324,91,p26,v3,source1,data-videos\VIPL\VIPL\p26-30\p26\v3\source1\video.avi
169.9264791666667,155.0340875,145.7312875,27.158586124472347,21.51879022125037,18.00754151848126,91,p26,v3,source1,data-videos\VIPL\VIPL\p26-30\p26\v3\source1\video.avi
189.92559999999997,171.56892499999998,159.31341250000003,4.024116567050256,3.3366793245212394,2.981924254681819,91,p26,v3,source1,data-videos\VIPL\VIPL\p26-30\p26\v3\source1\video.avi
175.5026083333333,159.64996666666667,148.6510875,5.3937641965404755,4.739131788171723,4.5321183808787024,91,p26,v3,source1,data-videos\VIPL\VIPL\p26-30\p26\v3\source1\video.avi
195.2542125,177.6540375,164.53482083333333,9.415622497744627,8.413774778211753,7.652669197415333,89,p26,v3,source1,data-videos\VIPL\VIPL\p26-30\p26\v3\source1\video.avi
197.07854166666667,178.87909583333334,165.4726208333333,4.130907314119649,2.815653657321175,2.1551015473544908,89,p26,v3,source1,data-videos\VIPL\VIPL\p26-30\p26\v3\source1\video.avi
201.703875,182.37813333333332,169.08607500000002,3.70377361361393,2.551081981769367,1.8818988306915774,89,p26,v3,source1,data-videos\VIPL\VIPL\p26-30\p26\v3\source1\video.avi
223.35824166666666,199.4916833333333,184.0265125,4.977014432106444,4.2557556220550055,4.782037468750608,89,p26,v3,source1,data-videos\VIPL\VIPL\p26-30\p26\v3\source1\video.avi
201.5032416666667,181.8824083333333,168.57055416666665,8.717313711958992,7.470521398623506,7.1188461843394775,90,p26,v3,source1,data-videos\VIPL\VIPL\p26-30\p26\v3\source1\video.avi
217.04661666666667,194.58249166666664,180.7947625,7.264020828172099,5.0733806905264816,4.32698827877861,90,p26,v3,source1,data-videos\VIPL\VIPL\p26-30\p26\v3\source1\video.avi
213.4177,191.463375,178.0104,10.186678160609926,7.958631187434442,7.401581149800583,91,p26,v3,source1,data-videos\VIPL\VIPL\p26-30\p26\v3\source1\video.avi
211.5826458333333,191.06824166666667,179.70139583333338,14.024586448398795,11.369603461196924,10.652168229011723,93,p26,v3,source1,data-videos\VIPL\VIPL\p26-30\p26\v3\source1\video.avi
187.72489583333333,170.83170833333332,159.833225,8.267944977556981,6.60836010785612,5.4334324055129075,94,p26,v3,source1,data-videos\VIPL\VIPL\p26-30\p26\v3\source1\video.avi
162.66122916666666,149.76463750000002,140.44608333333335,13.328325212512116,11.282674581302496,10.301828474855675,94,p26,v3,source1,data-videos\VIPL\VIPL\p26-30\p26\v3\source1\video.avi
169.54872500000002,155.34855833333333,145.16280416666666,38.86916832619441,32.653148931277585,28.2397712127022,94,p26,v3,source1,data-videos\VIPL\VIPL\p26-30\p26\v3\source1\video.avi
193.1693916666667,185.05954999999997,175.73180833333333,3.9803847031585895,3.6303982359128946,3.1773927712532637,98,p26,v4,source1,data-videos\VIPL\VIPL\p26-30\p26\v4\source1\video.avi
189.89770833333333,181.7898875,172.2224,1.7521742596798786,1.461715160647947,0.9958023851013884,98,p26,v4,source1,data-videos\VIPL\VIPL\p26-30\p26\v4\source1\video.avi
183.2479833333333,177.75762500000002,168.72224583333332,4.2603648385070825,3.0404733699488395,2.275825396109371,97,p26,v4,source1,data-videos\VIPL\VIPL\p26-30\p26\v4\source1\video.avi
185.64505416666668,179.4969583333333,170.8408333333333,9.978078860774763,7.650279698102641,6.289898465454682,97,p26,v4,source1,data-videos\VIPL\VIPL\p26-30\p26\v4\source1\video.avi
197.51575,188.59977916666668,179.26974166666668,0.9819633787758815,0.6660677474562107,0.4810646776292148,97,p26,v4,source1,data-videos\VIPL\VIPL\p26-30\p26\v4\source1\video.avi
199.19409166666668,190.49920833333334,180.964775,1.2554049135554481,1.1707488652063434,0.9360656405417179,97,p26,v4,source1,data-videos\VIPL\VIPL\p26-30\p26\v4\source1\video.avi
197.8305,190.1402416666667,180.40985833333335,5.891944157406203,4.8461870995939496,4.336130467615971,97,p26,v4,source1,data-videos\VIPL\VIPL\p26-30\p26\v4\source1\video.avi
147.38112083333334,147.47805416666665,143.461975,24.05827860799904,20.389127564529065,17.6533071647207,97,p26,v4,source1,data-videos\VIPL\VIPL\p26-30\p26\v4\source1\video.avi
180.03804166666666,172.8887791666667,164.29720833333332,22.14719673689994,19.180182020758032,17.478478035997906,97,p26,v4,source1,data-videos\VIPL\VIPL\p26-30\p26\v4\source1\video.avi
170.22826249999997,164.00074166666664,155.81540416666667,2.6934412409605186,2.458466128531956,2.155875973864802,97,p26,v4,source1,data-videos\VIPL\VIPL\p26-30\p26\v4\source1\video.avi
205.21478749999997,194.81886666666665,183.86917500000004,8.16031386032595,6.402833996513553,5.7731878109757195,97,p26,v4,source1,data-videos\VIPL\VIPL\p26-30\p26\v4\source1\video.avi
215.2652,202.4519125,189.89167500000002,1.4684416177202197,0.5764727515062331,0.49222429264597983,97,p26,v4,source1,data-videos\VIPL\VIPL\p26-30\p26\v4\source1\video.avi
223.8618291666667,205.90393333333333,190.05648333333332,4.680499924153401,1.94592764633142,1.7899422780497687,93,p26,v4,source1,data-videos\VIPL\VIPL\p26-30\p26\v4\source1\video.avi
228.42620416666668,205.53458333333333,187.41286249999996,0.5085438968611496,0.44240709457058514,1.1902544400457433,89,p26,v4,source1,data-videos\VIPL\VIPL\p26-30\p26\v4\source1\video.avi
229.25822916666667,206.3257125,188.37802916666664,0.5693505231657959,0.42752653596979445,1.1122621331691287,89,p26,v4,source1,data-videos\VIPL\VIPL\p26-30\p26\v4\source1\video.avi
226.72660416666665,205.34314583333332,189.01610416666665,0.966635827004466,0.8768091272675714,0.8418788990877286,89,p26,v4,source1,data-videos\VIPL\VIPL\p26-30\p26\v4\source1\video.avi
227.65479583333334,207.45302500000003,190.66639999999998,1.4068455857530289,1.0792405253361155,0.7845339547215958,89,p26,v4,source1,data-videos\VIPL\VIPL\p26-30\p26\v4\source1\video.avi
223.12960416666664,203.96455833333334,187.9100333333334,0.39382165573743755,0.48052747193549933,1.2315023566540377,89,p26,v4,source1,data-videos\VIPL\VIPL\p26-30\p26\v4\source1\video.avi
221.7600833333333,204.480075,189.3090125,0.5201592187467474,0.7981736604847754,1.1032381052811966,89,p26,v4,source1,data-videos\VIPL\VIPL\p26-30\p26\v4\source1\video.avi
218.01425,202.54150416666667,188.2671875,3.825007545381084,1.059373662765461,2.0981065742827782,89,p26,v4,source1,data-videos\VIPL\VIPL\p26-30\p26\v4\source1\video.avi
234.6093125,198.43477500000006,160.75245416666667,0.49323131159336603,0.7836207626921458,1.028970232636872,77,p26,v5,source1,data-videos\VIPL\VIPL\p26-30\p26\v5\source1\video.avi
235.15213333333332,199.71429583333335,161.62933333333334,0.20484527341793035,0.4075283202923152,0.6028197255629411,77,p26,v5,source1,data-videos\VIPL\VIPL\p26-30\p26\v5\source1\video.avi
234.6858833333333,199.0713958333333,160.94014583333333,0.366508551514604,0.2682791709053582,0.706828522271019,77,p26,v5,source1,data-videos\VIPL\VIPL\p26-30\p26\v5\source1\video.avi
217.4469291666667,185.04317916666668,149.1333875,21.112307035273684,17.634718287193607,14.123410896971293,77,p26,v5,source1,data-videos\VIPL\VIPL\p26-30\p26\v5\source1\video.avi
182.94927916666668,156.87849583333332,128.460375,5.633456969482759,4.305786067179769,3.021833870224523,77,p26,v5,source1,data-videos\VIPL\VIPL\p26-30\p26\v5\source1\video.avi
217.22783333333334,184.64907083333333,152.38210833333332,13.664199202749884,11.372270725493815,11.042102130574984,77,p26,v5,source1,data-videos\VIPL\VIPL\p26-30\p26\v5\source1\video.avi
224.7929375,191.32463750000002,158.22585416666666,0.47081513700089034,0.5220355725360644,0.5350187456152559,75,p26,v5,source1,data-videos\VIPL\VIPL\p26-30\p26\v5\source1\video.avi
226.2195208333333,192.55973749999998,157.63314583333332,0.30754767443213116,0.426301482635495,1.2241468677489016,74,p26,v5,source1,data-videos\VIPL\VIPL\p26-30\p26\v5\source1\video.avi
225.9760458333333,192.1322083333333,156.66502083333333,1.8683581636953923,1.8882668659234665,1.8672411227772063,74,p26,v5,source1,data-videos\VIPL\VIPL\p26-30\p26\v5\source1\video.avi
213.97337083333335,180.68981666666667,148.88985833333334,2.9581881121750673,2.606311960074844,1.7955965995549596,74,p26,v5,source1,data-videos\VIPL\VIPL\p26-30\p26\v5\source1\video.avi
214.37251249999997,180.58571666666666,149.47549999999998,2.1608335185917116,1.7805455013550833,2.137541892661278,74,p26,v5,source1,data-videos\VIPL\VIPL\p26-30\p26\v5\source1\video.avi
218.61773333333332,182.8626875,146.7702375,2.486502346049509,2.90389638328593,2.394611181309563,74,p26,v5,source1,data-videos\VIPL\VIPL\p26-30\p26\v5\source1\video.avi
218.13514166666664,186.71428333333336,151.0586625,2.7987928787284075,3.495872900714695,3.4897671049470933,74,p26,v5,source1,data-videos\VIPL\VIPL\p26-30\p26\v5\source1\video.avi
211.50466249999997,180.69107916666667,146.34050833333333,3.6196000075495616,3.684093673865051,3.4552653026807847,74,p26,v5,source1,data-videos\VIPL\VIPL\p26-30\p26\v5\source1\video.avi
218.7889541666667,187.62020000000004,152.27530833333333,2.5753204702953423,2.4925264369697344,2.184474784217467,74,p26,v5,source1,data-videos\VIPL\VIPL\p26-30\p26\v5\source1\video.avi
226.95747916666667,195.0113625,157.28475416666666,2.4965378697447087,2.2655064022445623,2.047602708190796,74,p26,v5,source1,data-videos\VIPL\VIPL\p26-30\p26\v5\source1\video.avi
218.64120416666668,186.53272083333337,151.50586249999998,7.029528795322689,6.339132737664451,6.046524355934551,74,p26,v5,source1,data-videos\VIPL\VIPL\p26-30\p26\v5\source1\video.avi
219.2021875,185.28436666666664,148.6282958333333,3.2337313056464767,2.9436145920024925,2.350106074157436,74,p26,v5,source1,data-videos\VIPL\VIPL\p26-30\p26\v5\source1\video.avi
226.03178749999998,187.08234166666668,150.99269583333333,5.4468687047104565,1.9684925645444196,1.593701848215953,74,p26,v5,source1,data-videos\VIPL\VIPL\p26-30\p26\v5\source1\video.avi
226.97992083333335,189.5466375,150.256075,9.11616236985398,6.6459245715732935,5.579243639601583,74,p26,v5,source1,data-videos\VIPL\VIPL\p26-30\p26\v5\source1\video.avi
186.78980000000004,153.6647291666667,121.30096249999998,18.43963806303594,17.303111734111866,13.965175655151498,75,p26,v5,source1,data-videos\VIPL\VIPL\p26-30\p26\v5\source1\video.avi
118.38501666666667,118.4592375,108.94169166666667,0.2771785389068852,0.21556180982299805,0.3974304547828319,81,p26,v6,source1,data-videos\VIPL\VIPL\p26-30\p26\v6\source1\video.avi
117.4801375,117.56508333333333,108.25342500000001,1.4250704678361041,1.3495862975294202,1.1795046439666481,81,p26,v6,source1,data-videos\VIPL\VIPL\p26-30\p26\v6\source1\video.avi
115.02688750000002,115.05218333333332,106.08937500000002,1.1381553508675046,0.8587536574400517,0.8110924897382069,79,p26,v6,source1,data-videos\VIPL\VIPL\p26-30\p26\v6\source1\video.avi
117.29510416666666,117.05125416666668,107.85960833333333,0.749338218446783,0.7373131745944562,0.6694837811546788,77,p26,v6,source1,data-videos\VIPL\VIPL\p26-30\p26\v6\source1\video.avi
119.17938333333332,118.70529583333332,109.28184166666668,0.6473184959304135,0.4747613432615955,0.39754235745668876,74,p26,v6,source1,data-videos\VIPL\VIPL\p26-30\p26\v6\source1\video.avi
119.99227083333334,119.39254583333332,109.81572083333334,0.23827199458345533,0.19217628147022253,0.22572703894551807,74,p26,v6,source1,data-videos\VIPL\VIPL\p26-30\p26\v6\source1\video.avi
120.58919583333332,119.89919166666667,110.08802916666667,0.18686799160027992,0.1613880230780933,0.15998451509269404,74,p26,v6,source1,data-videos\VIPL\VIPL\p26-30\p26\v6\source1\video.avi
124.2500625,123.32786666666667,113.49984166666665,6.830405645820631,6.373556195240527,6.143564969811797,73,p26,v6,source1,data-videos\VIPL\VIPL\p26-30\p26\v6\source1\video.avi
143.70876666666666,139.59979166666668,128.52859583333333,9.613900089513402,9.252463954866895,9.282935069634421,73,p26,v6,source1,data-videos\VIPL\VIPL\p26-30\p26\v6\source1\video.avi
120.1203,118.87615416666665,108.618175,0.6290854971923755,0.6481833487342826,0.5759170541225248,73,p26,v6,source1,data-videos\VIPL\VIPL\p26-30\p26\v6\source1\video.avi
120.34632916666668,119.04579166666669,108.71305000000001,0.30123185641536027,0.1711140655746921,0.21665026284057226,73,p26,v6,source1,data-videos\VIPL\VIPL\p26-30\p26\v6\source1\video.avi
120.7660125,119.29021666666665,108.90149999999998,0.26326154500114235,0.14040807627036322,0.14934211051214757,73,p26,v6,source1,data-videos\VIPL\VIPL\p26-30\p26\v6\source1\video.avi
121.50879583333331,118.94527499999998,109.06497083333335,0.4243875479653658,0.2909670237735048,0.3327363071625449,73,p26,v6,source1,data-videos\VIPL\VIPL\p26-30\p26\v6\source1\video.avi
120.89620416666666,118.45427500000001,108.631525,0.273880320134442,0.24448615239984012,0.274080368700396,73,p26,v6,source1,data-videos\VIPL\VIPL\p26-30\p26\v6\source1\video.avi
122.6213375,120.27202083333333,109.94540416666669,2.5649748282417675,2.456732536889701,1.9552328293439756,73,p26,v6,source1,data-videos\VIPL\VIPL\p26-30\p26\v6\source1\video.avi
128.435275,126.319825,115.22062916666665,0.7960044012694133,0.5579052624550151,0.4659105951878875,74,p26,v6,source1,data-videos\VIPL\VIPL\p26-30\p26\v6\source1\video.avi
127.5562875,125.6605625,114.62345,0.2757532406377529,0.11130992456001108,0.17269677363807262,75,p26,v6,source1,data-videos\VIPL\VIPL\p26-30\p26\v6\source1\video.avi
128.2851375,126.0796125,115.09018333333333,0.440802377339385,0.37770877633730227,0.3539471112111561,75,p26,v6,source1,data-videos\VIPL\VIPL\p26-30\p26\v6\source1\video.avi
128.96505833333333,126.65376250000001,115.4202875,0.22408736995868297,0.1545136925342072,0.20785295508483914,75,p26,v6,source1,data-videos\VIPL\VIPL\p26-30\p26\v6\source1\video.avi
193.91069166666665,179.09665,163.79222916666666,11.405583234122053,8.91521046932689,7.552514752332587,116,p26,v7,source1,data-videos\VIPL\VIPL\p26-30\p26\v7\source1\video.avi
178.6697333333333,167.78809583333336,154.41422500000002,7.259906110879447,6.140039861117443,4.947402802709416,115,p26,v7,source1,data-videos\VIPL\VIPL\p26-30\p26\v7\source1\video.avi
169.90582916666665,160.20730833333334,148.768175,2.2217851008301484,1.7886999919440265,1.5340583032298147,115,p26,v7,source1,data-videos\VIPL\VIPL\p26-30\p26\v7\source1\video.avi
133.67451250000002,127.24843333333334,119.37540833333334,43.58849750622808,37.75364062529544,33.237108257557296,113,p26,v7,source1,data-videos\VIPL\VIPL\p26-30\p26\v7\source1\video.avi
187.33177916666665,173.06377916666668,159.36375416666667,12.550467400268738,10.986505339748057,9.610452103477193,113,p26,v7,source1,data-videos\VIPL\VIPL\p26-30\p26\v7\source1\video.avi
184.82115416666664,171.12890833333336,157.56428333333335,1.884940641085727,1.4482508095016646,1.3280395457214382,112,p26,v7,source1,data-videos\VIPL\VIPL\p26-30\p26\v7\source1\video.avi
181.06619166666667,168.29054166666668,155.47042083333335,1.286586142800872,0.9895764964676073,0.8025562920936843,111,p26,v7,source1,data-videos\VIPL\VIPL\p26-30\p26\v7\source1\video.avi
177.85402083333335,166.246775,153.89984583333333,0.5140683278122861,0.3324271177432909,0.328694377846318,111,p26,v7,source1,data-videos\VIPL\VIPL\p26-30\p26\v7\source1\video.avi
196.11435416666666,183.7860041666667,170.6128958333333,25.836841859209738,23.953869204425892,22.73890320392641,111,p26,v7,source1,data-videos\VIPL\VIPL\p26-30\p26\v7\source1\video.avi
231.9671166666667,219.36033333333333,205.81282916666666,10.68394038092337,9.355123311559245,9.004123623348839,111,p26,v7,source1,data-videos\VIPL\VIPL\p26-30\p26\v7\source1\video.avi
219.17495,206.32799583333335,192.4830125,0.7639971589988621,1.4710693602760743,1.9588902844804608,111,p26,v7,source1,data-videos\VIPL\VIPL\p26-30\p26\v7\source1\video.avi
219.0531125,203.65479166666668,188.51989166666667,1.0137386115266622,0.777773368229069,0.7928804272678471,111,p26,v7,source1,data-videos\VIPL\VIPL\p26-30\p26\v7\source1\video.avi
221.24076666666667,206.50043333333335,190.90336666666667,1.0290226868247367,1.2174984295421085,1.668898683482364,110,p26,v7,source1,data-videos\VIPL\VIPL\p26-30\p26\v7\source1\video.avi
217.3638125,203.00319166666668,187.27054583333336,1.9673534241868529,1.5530843561303875,1.1601676450637552,109,p26,v7,source1,data-videos\VIPL\VIPL\p26-30\p26\v7\source1\video.avi
215.99888750000002,202.27238333333335,187.06544583333337,1.4335564251408106,1.4388750055261164,1.396664807862229,109,p26,v7,source1,data-videos\VIPL\VIPL\p26-30\p26\v7\source1\video.avi
209.42704166666667,196.35900416666664,182.79405833333334,1.8677502186695838,1.553140190536042,0.9770436601220662,107,p26,v7,source1,data-videos\VIPL\VIPL\p26-30\p26\v7\source1\video.avi
207.90735,194.8879083333333,181.2070916666667,2.862587640440271,2.7360087939533893,2.825316180825068,106,p26,v7,source1,data-videos\VIPL\VIPL\p26-30\p26\v7\source1\video.avi
201.75405000000003,188.74705833333334,175.43907916666666,2.8334715142959173,1.968366302618676,1.3014719316828653,104,p26,v7,source1,data-videos\VIPL\VIPL\p26-30\p26\v7\source1\video.avi
196.79170833333333,185.58786666666666,173.16995000000003,3.902336620183121,3.3357979422564714,2.858407289817037,103,p26,v7,source1,data-videos\VIPL\VIPL\p26-30\p26\v7\source1\video.avi
93.49560833333335,77.143125,65.63765833333333,2.595033570063582,2.55485113806531,2.1771484803091647,74,p27,v1,source1,data-videos\VIPL\VIPL\p26-30\p27\v1\source1\video.avi
98.23493750000002,81.90886666666667,69.7251,0.3083651630530313,0.21155144157049632,0.2202108255929602,74,p27,v1,source1,data-videos\VIPL\VIPL\p26-30\p27\v1\source1\video.avi
97.66664166666668,80.91004166666667,69.00947500000001,0.28757375002143143,0.31528091668163366,0.34721875794382995,74,p27,v1,source1,data-videos\VIPL\VIPL\p26-30\p27\v1\source1\video.avi
97.57809999999999,80.30428333333334,68.43041666666667,0.24664938051761295,0.1727767388656684,0.2018256927228427,74,p27,v1,source1,data-videos\VIPL\VIPL\p26-30\p27\v1\source1\video.avi
98.96975833333336,81.75985416666667,69.64452083333333,0.6136757343051785,0.5197338052297634,0.4839923910028038,74,p27,v1,source1,data-videos\VIPL\VIPL\p26-30\p27\v1\source1\video.avi
99.55091250000001,82.50776249999998,70.13052916666666,0.252312012804693,0.3047421797374151,0.28946380914641967,74,p27,v1,source1,data-videos\VIPL\VIPL\p26-30\p27\v1\source1\video.avi
99.79225000000001,82.94126666666666,70.48335,0.2920126950365364,0.28426379797694673,0.3319632686026989,74,p27,v1,source1,data-videos\VIPL\VIPL\p26-30\p27\v1\source1\video.avi
101.53096666666669,83.87651666666666,70.96815,0.9409186697901799,0.6395828590389111,0.45592490727792967,73,p27,v1,source1,data-videos\VIPL\VIPL\p26-30\p27\v1\source1\video.avi
101.8071875,84.25109166666667,71.47069166666667,0.26747523087558156,0.2597967657211424,0.2500502308564992,73,p27,v1,source1,data-videos\VIPL\VIPL\p26-30\p27\v1\source1\video.avi
101.42439583333334,84.05267083333334,71.30007083333334,0.25659778059629557,0.13510309168166468,0.18964696212450985,75,p27,v1,source1,data-videos\VIPL\VIPL\p26-30\p27\v1\source1\video.avi
101.025025,83.93104166666666,71.37515833333333,0.27979725310878556,0.1993382846723411,0.186718833670367,75,p27,v1,source1,data-videos\VIPL\VIPL\p26-30\p27\v1\source1\video.avi
102.28457083333333,84.70417499999999,71.90819166666667,0.44241657770608656,0.18235445804272346,0.2543002857106143,75,p27,v1,source1,data-videos\VIPL\VIPL\p26-30\p27\v1\source1\video.avi
103.132475,85.38020416666666,72.7691875,0.40774199452254417,0.2168240864028819,0.27229979266120063,75,p27,v1,source1,data-videos\VIPL\VIPL\p26-30\p27\v1\source1\video.avi
103.572125,85.65225416666668,73.0559375,0.5574860143985689,0.27497194913754397,0.21530096223723214,75,p27,v1,source1,data-videos\VIPL\VIPL\p26-30\p27\v1\source1\video.avi
105.12222500000001,86.73856666666667,73.7418,0.7492410580649455,0.376695811787251,0.3382995833433408,75,p27,v1,source1,data-videos\VIPL\VIPL\p26-30\p27\v1\source1\video.avi
104.41772083333335,86.29717083333335,73.48627083333334,0.33982303186528073,0.17108519969756528,0.24435089039921457,75,p27,v1,source1,data-videos\VIPL\VIPL\p26-30\p27\v1\source1\video.avi
104.76216666666667,86.48988749999998,73.62830416666668,0.3453526051371261,0.18476886584249705,0.26121937705956905,75,p27,v1,source1,data-videos\VIPL\VIPL\p26-30\p27\v1\source1\video.avi
103.54099166666668,86.04136666666668,73.3524375,0.5255165226285063,0.35741493053514684,0.2703848305604854,75,p27,v1,source1,data-videos\VIPL\VIPL\p26-30\p27\v1\source1\video.avi
104.07913333333335,86.03733749999999,73.08635416666668,0.3186266437776364,0.17226881418375675,0.16963437243819385,75,p27,v1,source1,data-videos\VIPL\VIPL\p26-30\p27\v1\source1\video.avi
104.48646666666667,86.23686666666667,73.19988333333333,0.3414849363238621,0.30155725156630253,0.35165594908628733,76,p27,v1,source1,data-videos\VIPL\VIPL\p26-30\p27\v1\source1\video.avi
105.53889999999997,87.03424166666667,73.915425,0.3971360712617549,0.24367942803165282,0.28197612887786266,76,p27,v1,source1,data-videos\VIPL\VIPL\p26-30\p27\v1\source1\video.avi
104.93954166666667,86.63339166666668,73.610975,1.081805448210435,0.5825519722880234,0.4120471745174068,76,p27,v1,source1,data-videos\VIPL\VIPL\p26-30\p27\v1\source1\video.avi
102.42163333333333,85.44225,73.02788333333334,0.23186417262831122,0.20676784107826443,0.2597053046109283,76,p27,v1,source1,data-videos\VIPL\VIPL\p26-30\p27\v1\source1\video.avi
100.4896125,84.1145125,71.83634583333333,0.9174687076104795,0.45767749072991704,0.3369221866045466,76,p27,v1,source1,data-videos\VIPL\VIPL\p26-30\p27\v1\source1\video.avi
101.75190833333335,84.69845416666666,72.27442083333332,0.4664749371021395,0.39850494764633887,0.3060071785083007,76,p27,v1,source1,data-videos\VIPL\VIPL\p26-30\p27\v1\source1\video.avi
101.72015416666667,84.44376666666668,72.06819999999999,0.4627371605908338,0.34087026679474636,0.30413517605252494,76,p27,v1,source1,data-videos\VIPL\VIPL\p26-30\p27\v1\source1\video.avi
100.95900000000002,84.18586666666666,72.12634999999999,0.3108293258231385,0.23464986608301566,0.22071771832038153,76,p27,v1,source1,data-videos\VIPL\VIPL\p26-30\p27\v1\source1\video.avi
100.6839875,83.94930833333332,71.808425,0.23621679756399366,0.13631213185797644,0.19167822048509633,76,p27,v1,source1,data-videos\VIPL\VIPL\p26-30\p27\v1\source1\video.avi
97.7497875,82.5746375,71.5691375,0.8790987372453617,0.694690966040735,0.5935037460976507,80,p27,v2,source1,data-videos\VIPL\VIPL\p26-30\p27\v2\source1\video.avi
97.22405416666666,82.51817083333333,71.83887083333335,2.3523977059469448,2.0206781242114418,1.977019201559087,80,p27,v2,source1,data-videos\VIPL\VIPL\p26-30\p27\v2\source1\video.avi
91.96832500000001,77.53544166666667,66.91035833333335,2.897159158561146,2.424706992299675,2.3016861548550427,79,p27,v2,source1,data-videos\VIPL\VIPL\p26-30\p27\v2\source1\video.avi
88.84067916666665,75.34747916666667,65.4407625,2.7258226461372064,1.6713681085166925,1.4338363151873368,79,p27,v2,source1,data-videos\VIPL\VIPL\p26-30\p27\v2\source1\video.avi
76.79448333333333,68.6283375,63.0222375,14.851190252099743,7.679596144193826,3.7937714365493576,79,p27,v2,source1,data-videos\VIPL\VIPL\p26-30\p27\v2\source1\video.avi
86.50505833333335,80.6895,77.01786666666666,27.707286059298028,18.778925810941562,13.524841729284208,78,p27,v2,source1,data-videos\VIPL\VIPL\p26-30\p27\v2\source1\video.avi
86.78332916666666,78.6182375,72.80494166666668,32.20404500868522,24.040628656424754,18.56473863533122,78,p27,v2,source1,data-videos\VIPL\VIPL\p26-30\p27\v2\source1\video.avi
97.76025,87.10315416666668,79.69770416666667,29.76422597522929,24.07307990703559,19.873111527145966,78,p27,v2,source1,data-videos\VIPL\VIPL\p26-30\p27\v2\source1\video.avi
102.60118333333334,90.12259166666666,81.36905,25.34829406354967,21.465483433627586,18.368447618662515,77,p27,v2,source1,data-videos\VIPL\VIPL\p26-30\p27\v2\source1\video.avi
106.45027083333332,94.25465,85.81487500000001,29.103087821137233,25.325314052889848,22.4568310717219,77,p27,v2,source1,data-videos\VIPL\VIPL\p26-30\p27\v2\source1\video.avi
111.4021875,95.62634583333335,84.31655416666666,11.553587019208216,10.076883317174582,8.729049457094954,76,p27,v2,source1,data-videos\VIPL\VIPL\p26-30\p27\v2\source1\video.avi
87.72839166666668,77.07124166666667,69.58455833333333,3.454855683953301,2.5447518137007656,2.09558593248205,76,p27,v2,source1,data-videos\VIPL\VIPL\p26-30\p27\v2\source1\video.avi
91.72999583333335,79.8748625,71.6516125,5.982419881126467,3.960678397970831,2.5313720174843475,76,p27,v2,source1,data-videos\VIPL\VIPL\p26-30\p27\v2\source1\video.avi
87.89076666666666,76.92219999999999,69.0547,1.665643074709101,0.7833472158122694,0.5206636451243404,76,p27,v2,source1,data-videos\VIPL\VIPL\p26-30\p27\v2\source1\video.avi
101.42936666666667,88.62492083333335,79.3928375,19.354265506877148,16.798506978477945,14.86828575037341,76,p27,v2,source1,data-videos\VIPL\VIPL\p26-30\p27\v2\source1\video.avi
86.96228750000002,77.86828333333334,71.61378749999999,23.07171816058555,16.913333208722367,12.398130266423017,76,p27,v2,source1,data-videos\VIPL\VIPL\p26-30\p27\v2\source1\video.avi
96.07822499999999,84.37090833333333,75.90335833333333,20.114063570823916,16.382975213254916,13.34611310962078,76,p27,v2,source1,data-videos\VIPL\VIPL\p26-30\p27\v2\source1\video.avi
102.02763333333336,90.3077375,81.66797916666667,26.542743737949777,21.30701539050333,17.29925950418772,75,p27,v2,source1,data-videos\VIPL\VIPL\p26-30\p27\v2\source1\video.avi
91.96194166666666,80.45683333333334,72.562,12.733245331075429,11.191948694440708,9.830132075443327,74,p27,v2,source1,data-videos\VIPL\VIPL\p26-30\p27\v2\source1\video.avi
91.44755,79.33943333333333,70.61036666666666,3.0347565763228403,2.0815784715520986,1.6088391362792027,74,p27,v2,source1,data-videos\VIPL\VIPL\p26-30\p27\v2\source1\video.avi
97.36375833333334,83.05245,72.88395,1.9533814842525858,1.6221644887545739,1.3019134878959042,73,p27,v2,source1,data-videos\VIPL\VIPL\p26-30\p27\v2\source1\video.avi
103.18631249999999,88.26679166666666,77.56597083333334,1.1666371112327754,1.227440494498501,1.3682123886231794,73,p27,v2,source1,data-videos\VIPL\VIPL\p26-30\p27\v2\source1\video.avi
99.63625,84.57661666666667,74.15373333333334,1.6435514339296535,1.0757458512069151,0.9535550913409379,81,p27,v3,source1,data-videos\VIPL\VIPL\p26-30\p27\v3\source1\video.avi
98.79350833333334,84.15444166666668,74.30190833333333,0.9637281687612368,0.5064253270473353,0.6605465387023589,82,p27,v3,source1,data-videos\VIPL\VIPL\p26-30\p27\v3\source1\video.avi
98.14385416666669,83.63345416666667,73.90447083333333,1.6795702391886003,0.8764697619689086,0.5494491961968715,84,p27,v3,source1,data-videos\VIPL\VIPL\p26-30\p27\v3\source1\video.avi
95.54799166666666,82.10747500000001,73.08685833333332,1.0077805339547175,0.5345416863811155,0.455965669280595,86,p27,v3,source1,data-videos\VIPL\VIPL\p26-30\p27\v3\source1\video.avi
96.89838750000001,83.0268375,73.54715416666667,1.1123271994855102,0.8292199029601703,0.9078287004769805,86,p27,v3,source1,data-videos\VIPL\VIPL\p26-30\p27\v3\source1\video.avi
97.21110416666669,82.2816875,72.72447083333333,1.0564249698932202,0.6661553599136371,0.7012262547475102,86,p27,v3,source1,data-videos\VIPL\VIPL\p26-30\p27\v3\source1\video.avi
95.54815416666668,82.15110416666667,73.11007083333332,1.0738298385464877,0.7844236084982681,0.7900166910596119,86,p27,v3,source1,data-videos\VIPL\VIPL\p26-30\p27\v3\source1\video.avi
95.13968750000002,81.84937083333334,72.68997083333333,0.5152924533699283,0.41725034168816394,0.35554707396567886,86,p27,v3,source1,data-videos\VIPL\VIPL\p26-30\p27\v3\source1\video.avi
93.46358749999999,80.9106875,72.51477083333333,0.8185113260475123,0.3752076566253381,0.4578856952295336,86,p27,v3,source1,data-videos\VIPL\VIPL\p26-30\p27\v3\source1\video.avi
95.00577083333336,81.57397083333333,72.6363875,1.2345946629444151,0.6086749749284645,0.37976632265959287,86,p27,v3,source1,data-videos\VIPL\VIPL\p26-30\p27\v3\source1\video.avi
94.55631249999999,81.36194583333334,72.62837916666668,1.1826744373041882,0.8919209745995202,0.9884804064615206,86,p27,v3,source1,data-videos\VIPL\VIPL\p26-30\p27\v3\source1\video.avi
93.65137916666667,80.69667916666667,71.97577916666667,0.4976614690158923,0.3828827507196055,0.5541418385102329,86,p27,v3,source1,data-videos\VIPL\VIPL\p26-30\p27\v3\source1\video.avi
93.04210833333333,80.61504166666667,72.430625,0.8062292844453256,0.5822030075616996,0.3575954199580858,87,p27,v3,source1,data-videos\VIPL\VIPL\p26-30\p27\v3\source1\video.avi
94.02837916666667,80.93049583333334,72.22337916666667,1.3548898652453067,0.945570982925131,0.7201929079921722,87,p27,v3,source1,data-videos\VIPL\VIPL\p26-30\p27\v3\source1\video.avi
92.21034583333332,79.6424625,70.82346249999999,2.83086611723608,1.8545850206593826,1.2908157144133279,89,p27,v3,source1,data-videos\VIPL\VIPL\p26-30\p27\v3\source1\video.avi
90.73045000000002,78.06604166666666,69.21175416666667,2.3172117091003295,1.3976913554143497,0.7952818953836414,89,p27,v3,source1,data-videos\VIPL\VIPL\p26-30\p27\v3\source1\video.avi
95.02407500000001,80.77198333333334,70.8814375,0.4348709921248677,0.3108803115750501,0.4032849069154869,89,p27,v3,source1,data-videos\VIPL\VIPL\p26-30\p27\v3\source1\video.avi
98.967875,87.88492500000001,82.33517083333334,0.42682658746133467,0.2278757304797218,0.35701136949877194,87,p27,v4,source1,data-videos\VIPL\VIPL\p26-30\p27\v4\source1\video.avi
99.40997916666667,88.07807916666668,82.33502916666666,0.4444058455461136,0.15560127016762415,0.18727261100687884,87,p27,v4,source1,data-videos\VIPL\VIPL\p26-30\p27\v4\source1\video.avi
99.52324999999999,88.71849583333331,83.19184583333333,0.5588356144015973,0.42775591661762896,0.5572190190343576,85,p27,v4,source1,data-videos\VIPL\VIPL\p26-30\p27\v4\source1\video.avi
101.17277916666666,89.865375,83.56832916666669,0.3065444909479782,0.21545310781389762,0.5120987305116718,83,p27,v4,source1,data-videos\VIPL\VIPL\p26-30\p27\v4\source1\video.avi
100.86256250000001,89.76599583333335,83.96944583333332,0.380155004250824,0.17196437342998294,0.3191726823301671,82,p27,v4,source1,data-videos\VIPL\VIPL\p26-30\p27\v4\source1\video.avi
101.11632916666666,89.792,83.5809,0.5734542691916817,0.15638417294794,0.15916629003009572,80,p27,v4,source1,data-videos\VIPL\VIPL\p26-30\p27\v4\source1\video.avi
102.53323333333334,90.47821250000001,84.05564583333333,0.2874337219497561,0.23392319912799964,0.29733185169894394,80,p27,v4,source1,data-videos\VIPL\VIPL\p26-30\p27\v4\source1\video.avi
102.30134583333334,90.16377916666666,84.0093125,0.32267360465164957,0.3174663306732097,0.20921629557310528,80,p27,v4,source1,data-videos\VIPL\VIPL\p26-30\p27\v4\source1\video.avi
101.11620416666666,89.21732083333332,83.41899583333334,0.3299897621517968,0.18743911400327742,0.3744636660908795,80,p27,v4,source1,data-videos\VIPL\VIPL\p26-30\p27\v4\source1\video.avi
102.461375,90.45484166666665,84.64285833333334,0.8345506894722514,0.5313228839873293,0.6808073849349352,80,p27,v4,source1,data-videos\VIPL\VIPL\p26-30\p27\v4\source1\video.avi
103.371375,91.31824166666667,84.83209166666667,0.5011400362548382,0.13297921503732976,0.7223692962080865,80,p27,v4,source1,data-videos\VIPL\VIPL\p26-30\p27\v4\source1\video.avi
104.12195416666667,91.29118749999999,84.93142916666667,0.11969512152989097,0.13763776242671788,0.1449996154209456,80,p27,v4,source1,data-videos\VIPL\VIPL\p26-30\p27\v4\source1\video.avi
105.4631125,91.82937916666668,84.87221249999999,0.9437783684662017,0.2873014191600669,0.5097351387744338,79,p27,v4,source1,data-videos\VIPL\VIPL\p26-30\p27\v4\source1\video.avi
106.59668333333333,92.35501666666667,84.81877916666666,0.4547500264186652,0.3207035122629275,0.5022374871581607,79,p27,v4,source1,data-videos\VIPL\VIPL\p26-30\p27\v4\source1\video.avi
105.43519166666667,91.46785833333331,84.00071249999999,0.2627351157376326,0.27683044236399457,0.20350397271238377,79,p27,v4,source1,data-videos\VIPL\VIPL\p26-30\p27\v4\source1\video.avi
105.59013333333333,91.69141666666667,84.696725,0.2342220807060653,0.40779384110145434,0.738731832052403,79,p27,v4,source1,data-videos\VIPL\VIPL\p26-30\p27\v4\source1\video.avi
105.97310416666667,91.74805416666666,84.573375,0.5518738824387831,0.14971086636227973,0.4704433451248121,78,p27,v4,source1,data-videos\VIPL\VIPL\p26-30\p27\v4\source1\video.avi
105.22574166666668,91.53582499999999,84.796975,0.3834905965003144,0.2781663185912537,0.2546364433827392,78,p27,v4,source1,data-videos\VIPL\VIPL\p26-30\p27\v4\source1\video.avi
105.24200833333333,91.62392500000001,84.83087499999999,0.33443156001390417,0.24205828671348292,0.2182069529266996,78,p27,v4,source1,data-videos\VIPL\VIPL\p26-30\p27\v4\source1\video.avi
106.53332083333333,92.04524166666668,84.84220416666668,0.2201196137898667,0.20484998686369335,0.3713102418856332,78,p27,v4,source1,data-videos\VIPL\VIPL\p26-30\p27\v4\source1\video.avi
105.39637083333334,91.84550416666666,84.88137916666666,0.19506483448530004,0.23972905293152166,0.47318897288768247,78,p27,v4,source1,data-videos\VIPL\VIPL\p26-30\p27\v4\source1\video.avi
105.68033333333332,91.44368333333334,84.13396666666668,0.3553923997674968,0.16904924054596301,0.39470572604614057,78,p27,v4,source1,data-videos\VIPL\VIPL\p26-30\p27\v4\source1\video.avi
106.002975,91.39901666666665,84.62698333333334,0.18496277562811306,0.14116575068573356,0.20553046307056216,78,p27,v4,source1,data-videos\VIPL\VIPL\p26-30\p27\v4\source1\video.avi
106.17284166666668,91.69972916666667,84.76440416666667,0.3105889098752553,0.22012969267507174,0.2398803874387775,78,p27,v4,source1,data-videos\VIPL\VIPL\p26-30\p27\v4\source1\video.avi
106.52012083333334,91.96165416666666,84.99322083333334,0.17196876906788028,0.17364158618081438,0.18611450822977563,78,p27,v4,source1,data-videos\VIPL\VIPL\p26-30\p27\v4\source1\video.avi
106.09943750000001,91.21895416666666,83.86775416666666,0.34892592262422445,0.4664353458307779,0.6102114750971814,78,p27,v4,source1,data-videos\VIPL\VIPL\p26-30\p27\v4\source1\video.avi
105.1656125,90.13617916666668,83.29819583333334,0.17919777908159892,0.20424089364984943,0.2929069680708281,75,p27,v4,source1,data-videos\VIPL\VIPL\p26-30\p27\v4\source1\video.avi
105.14896250000001,89.97574166666668,83.55315833333333,0.21599491715341582,0.27886593304150725,0.24574370315206268,73,p27,v4,source1,data-videos\VIPL\VIPL\p26-30\p27\v4\source1\video.avi
104.6963125,89.31852916666666,82.82074583333333,0.2671066227495423,0.34228336153446715,0.5924006074920458,71,p27,v4,source1,data-videos\VIPL\VIPL\p26-30\p27\v4\source1\video.avi
104.35682916666664,88.49947916666667,81.6943875,0.5731262798967899,0.16627566113569073,0.42375583956153234,69,p27,v4,source1,data-videos\VIPL\VIPL\p26-30\p27\v4\source1\video.avi
98.2127125,76.05887916666667,68.01189583333334,1.5923478430275353,1.2311409227205554,1.133173740678146,81,p27,v5,source1,data-videos\VIPL\VIPL\p26-30\p27\v5\source1\video.avi
101.31827083333332,78.29035833333333,68.8111625,1.0618853655239298,0.5836170872955424,0.7657651383538284,81,p27,v5,source1,data-videos\VIPL\VIPL\p26-30\p27\v5\source1\video.avi
106.44590416666666,81.15483333333333,71.00470833333333,1.1997008581569402,0.9686317391973882,0.5350452635317667,81,p27,v5,source1,data-videos\VIPL\VIPL\p26-30\p27\v5\source1\video.avi
107.618125,82.39507499999999,71.03121666666667,0.2746225676951913,0.32107043122273915,0.5264588087980951,82,p27,v5,source1,data-videos\VIPL\VIPL\p26-30\p27\v5\source1\video.avi
108.15859166666665,82.66302916666667,71.87837499999999,0.5939106201752458,0.47643337451024687,0.7078158937250023,83,p27,v5,source1,data-videos\VIPL\VIPL\p26-30\p27\v5\source1\video.avi
107.0218,82.52863333333333,71.14930416666667,0.506762812560712,0.3507284326049132,0.4041281056776563,84,p27,v5,source1,data-videos\VIPL\VIPL\p26-30\p27\v5\source1\video.avi
106.91057083333335,82.09925416666667,70.78040833333333,0.3271255069944692,0.4057967746195951,0.31035162478541156,83,p27,v5,source1,data-videos\VIPL\VIPL\p26-30\p27\v5\source1\video.avi
107.56712499999999,82.07718333333334,70.84334166666666,0.33185301376220067,0.2940321081531742,0.26756189075042963,83,p27,v5,source1,data-videos\VIPL\VIPL\p26-30\p27\v5\source1\video.avi
108.43690416666668,81.58308749999999,71.48246250000001,0.40181789761933556,0.5707486980140403,0.5121281805694098,80,p27,v5,source1,data-videos\VIPL\VIPL\p26-30\p27\v5\source1\video.avi
109.53956666666667,82.48075,72.11170416666666,0.35234673662813976,0.5589365825374201,0.44332364091065385,78,p27,v5,source1,data-videos\VIPL\VIPL\p26-30\p27\v5\source1\video.avi
110.46841666666666,82.21871666666667,72.06423333333333,0.285002764058233,0.47578832401692434,0.7388678533790354,78,p27,v5,source1,data-videos\VIPL\VIPL\p26-30\p27\v5\source1\video.avi
109.98323333333332,82.05943749999999,71.48015000000001,0.4007644609922953,0.39539456054293903,0.35256544048784577,78,p27,v5,source1,data-videos\VIPL\VIPL\p26-30\p27\v5\source1\video.avi
110.25421250000001,82.91477916666666,71.20245833333334,0.33943638829888034,0.505849467171312,0.4489748749852904,78,p27,v5,source1,data-videos\VIPL\VIPL\p26-30\p27\v5\source1\video.avi
110.69242916666666,81.90514166666667,72.0432125,0.46684881928676253,0.31232787465213907,0.4607089246627303,76,p27,v5,source1,data-videos\VIPL\VIPL\p26-30\p27\v5\source1\video.avi
110.98924166666666,81.77509166666667,72.23827499999999,0.33472484880827497,0.3204990213301933,0.42617278756522153,75,p27,v5,source1,data-videos\VIPL\VIPL\p26-30\p27\v5\source1\video.avi
110.41775833333332,82.50742916666667,71.21482916666666,0.2820973456637903,0.28267434811693315,0.31021850061690404,74,p27,v5,source1,data-videos\VIPL\VIPL\p26-30\p27\v5\source1\video.avi
110.1671125,81.34765833333333,71.15835416666667,0.3589093644292373,0.19012213983530593,0.5089383233888838,74,p27,v5,source1,data-videos\VIPL\VIPL\p26-30\p27\v5\source1\video.avi
110.64795833333334,81.49421666666666,71.062625,0.2657971990854436,0.23484080216417078,0.252176084864877,74,p27,v5,source1,data-videos\VIPL\VIPL\p26-30\p27\v5\source1\video.avi
110.78040416666667,80.75616250000002,71.75778749999999,0.14063169527271552,0.5148557828681526,0.2779590551756983,74,p27,v5,source1,data-videos\VIPL\VIPL\p26-30\p27\v5\source1\video.avi
77.25994166666666,74.19535,68.05659166666666,0.5592111826231961,0.39797916489992696,0.32997324244424314,77,p27,v6,source1,data-videos\VIPL\VIPL\p26-30\p27\v6\source1\video.avi
77.5977625,74.5893875,68.33325,0.3097178587261128,0.2521585912454485,0.2253015379133293,77,p27,v6,source1,data-videos\VIPL\VIPL\p26-30\p27\v6\source1\video.avi
77.74356666666668,74.836825,68.53365833333334,0.21048255214374367,0.17088347617764474,0.230073839521022,77,p27,v6,source1,data-videos\VIPL\VIPL\p26-30\p27\v6\source1\video.avi
77.68344583333332,75.08541249999999,68.86145,0.17997739759712478,0.13162167110911352,0.1698868187369319,78,p27,v6,source1,data-videos\VIPL\VIPL\p26-30\p27\v6\source1\video.avi
77.78328333333334,75.27299583333334,68.98002083333334,0.14929061749561431,0.11123779692747439,0.10584402423036407,78,p27,v6,source1,data-videos\VIPL\VIPL\p26-30\p27\v6\source1\video.avi
77.8388,75.20150416666667,68.95334583333333,0.12833838978133744,0.15153672627360845,0.13728510454727133,78,p27,v6,source1,data-videos\VIPL\VIPL\p26-30\p27\v6\source1\video.avi
78.02124583333334,75.32986666666666,69.10269583333333,0.21406269866170918,0.09583433658895078,0.1319357953597974,79,p27,v6,source1,data-videos\VIPL\VIPL\p26-30\p27\v6\source1\video.avi
77.86172083333332,75.2344875,68.96419166666666,0.17658692707134244,0.12826548165707854,0.15132423075139056,79,p27,v6,source1,data-videos\VIPL\VIPL\p26-30\p27\v6\source1\video.avi
78.00069583333334,75.24591666666667,69.00780833333333,0.17912320625991707,0.07504380665096047,0.17327771663815622,79,p27,v6,source1,data-videos\VIPL\VIPL\p26-30\p27\v6\source1\video.avi
78.01289999999999,75.2601875,68.99844999999999,0.16292666390894922,0.13903449000058282,0.1564716187213435,78,p27,v6,source1,data-videos\VIPL\VIPL\p26-30\p27\v6\source1\video.avi
78.21697083333332,75.39158333333333,69.20895,0.23677001653327337,0.1263160305873063,0.1899769515442746,78,p27,v6,source1,data-videos\VIPL\VIPL\p26-30\p27\v6\source1\video.avi
77.65519166666667,74.89235000000001,68.76204999999999,0.21845589292298287,0.18000042216385637,0.2226708432742017,78,p27,v6,source1,data-videos\VIPL\VIPL\p26-30\p27\v6\source1\video.avi
77.21612083333333,74.53327916666666,68.44669166666667,0.18896475154480183,0.11031387558160302,0.19307907868280225,76,p27,v6,source1,data-videos\VIPL\VIPL\p26-30\p27\v6\source1\video.avi
77.37221249999999,74.66747916666667,68.60465833333333,0.20883383479588585,0.1812869430741401,0.2639323167262779,74,p27,v6,source1,data-videos\VIPL\VIPL\p26-30\p27\v6\source1\video.avi
76.92024583333334,74.20244583333333,68.23388333333334,0.23126300053546514,0.1656825872631833,0.21504569225386594,73,p27,v6,source1,data-videos\VIPL\VIPL\p26-30\p27\v6\source1\video.avi
76.31969166666667,73.85745416666667,67.8286125,0.25326826275051934,0.1782578307848246,0.25683458001806553,72,p27,v6,source1,data-videos\VIPL\VIPL\p26-30\p27\v6\source1\video.avi
76.93111666666667,74.19281666666667,68.02857916666666,0.3359057608003901,0.2633525778832973,0.3186630013082447,72,p27,v6,source1,data-videos\VIPL\VIPL\p26-30\p27\v6\source1\video.avi
77.23752916666668,74.44749583333333,68.1278125,0.2241342923493505,0.16904306208856282,0.24114858079788368,72,p27,v6,source1,data-videos\VIPL\VIPL\p26-30\p27\v6\source1\video.avi
76.86977083333335,74.2435125,67.6649125,0.179272003918316,0.20388296726376665,0.1743483046073137,70,p27,v6,source1,data-videos\VIPL\VIPL\p26-30\p27\v6\source1\video.avi
77.46787083333334,74.5446125,68.03113333333334,0.44004757385644494,0.322688325880751,0.2899451057360293,70,p27,v6,source1,data-videos\VIPL\VIPL\p26-30\p27\v6\source1\video.avi
78.19317916666668,75.11409583333334,68.77164166666667,0.26074453713516793,0.1761708419561984,0.37667651314563755,70,p27,v6,source1,data-videos\VIPL\VIPL\p26-30\p27\v6\source1\video.avi
77.65561666666666,74.79232083333333,68.2871125,0.19816753381503516,0.1716006712747488,0.20110306817097,70,p27,v6,source1,data-videos\VIPL\VIPL\p26-30\p27\v6\source1\video.avi
78.07335833333333,75.1375875,68.60593333333333,0.26023984877202955,0.20034228453380137,0.21896388051964735,70,p27,v6,source1,data-videos\VIPL\VIPL\p26-30\p27\v6\source1\video.avi
78.096975,75.07790416666667,68.57888333333334,0.2899907497926058,0.20375802071806726,0.2313101433051161,70,p27,v6,source1,data-videos\VIPL\VIPL\p26-30\p27\v6\source1\video.avi
78.44397083333334,75.3438,68.98402083333332,0.3460739766673997,0.21176128364269023,0.36964567423299666,70,p27,v6,source1,data-videos\VIPL\VIPL\p26-30\p27\v6\source1\video.avi
76.9378875,74.17580416666667,68.24805416666668,0.7264351280348821,0.5927833758294195,0.42967315351807384,70,p27,v6,source1,data-videos\VIPL\VIPL\p26-30\p27\v6\source1\video.avi
81.5709,74.8925375,69.3913375,1.1398961803511607,0.5925385322679219,0.5173020217113659,102,p27,v7,source1,data-videos\VIPL\VIPL\p26-30\p27\v7\source1\video.avi
82.79235416666667,75.5734875,69.5798875,0.5004991995844972,0.1523270938045629,0.7241563068159986,98,p27,v7,source1,data-videos\VIPL\VIPL\p26-30\p27\v7\source1\video.avi
83.43547499999998,75.93300833333333,69.68392499999999,0.2744647127440355,0.34512421566171037,0.6225048309161069,96,p27,v7,source1,data-videos\VIPL\VIPL\p26-30\p27\v7\source1\video.avi
83.11022916666667,76.1606125,70.21612916666668,0.7908205994320787,0.5725321788021075,0.5225894408429586,95,p27,v7,source1,data-videos\VIPL\VIPL\p26-30\p27\v7\source1\video.avi
81.93538749999999,75.5985,69.82310416666667,0.7757934896902879,0.3309467951952397,0.43986202954417825,95,p27,v7,source1,data-videos\VIPL\VIPL\p26-30\p27\v7\source1\video.avi
83.14041666666668,76.06715,69.80815,0.8300225597252032,0.5189658962382127,0.6317664933761353,96,p27,v7,source1,data-videos\VIPL\VIPL\p26-30\p27\v7\source1\video.avi
83.392525,75.98504166666666,69.632775,0.569262603462926,0.4155808696287505,0.6822398592799156,96,p27,v7,source1,data-videos\VIPL\VIPL\p26-30\p27\v7\source1\video.avi
84.58274166666666,77.01360833333334,71.09845833333334,0.522006866839678,0.2979257965966985,0.5044029955744169,96,p27,v7,source1,data-videos\VIPL\VIPL\p26-30\p27\v7\source1\video.avi
84.80742916666668,77.38809583333332,71.16176250000001,0.5042353428776526,0.3826245854202979,0.3195763402646454,95,p27,v7,source1,data-videos\VIPL\VIPL\p26-30\p27\v7\source1\video.avi
85.92738333333332,78.36468333333335,71.63981666666666,0.6307849753867097,0.41795170329204445,0.35983352424921583,93,p27,v7,source1,data-videos\VIPL\VIPL\p26-30\p27\v7\source1\video.avi
85.02359583333333,77.62097916666667,70.99279583333333,0.4758456417336858,0.16286417792562105,0.5544153551327221,93,p27,v7,source1,data-videos\VIPL\VIPL\p26-30\p27\v7\source1\video.avi
85.30317083333331,77.90737083333333,71.86910416666666,0.4826254056589836,0.3069671539047609,0.29509086847905514,93,p27,v7,source1,data-videos\VIPL\VIPL\p26-30\p27\v7\source1\video.avi
85.03597083333334,77.65052083333333,71.42185416666666,0.6762489536601066,0.3439454128907835,0.37433284519669857,93,p27,v7,source1,data-videos\VIPL\VIPL\p26-30\p27\v7\source1\video.avi
85.74304166666666,78.260675,71.89679166666667,0.7480239883538351,0.3567099748823343,0.4679294540401713,93,p27,v7,source1,data-videos\VIPL\VIPL\p26-30\p27\v7\source1\video.avi
84.93098333333333,77.8224,71.4603,0.5373263261730337,0.22059875016959846,0.5471474601601681,93,p27,v7,source1,data-videos\VIPL\VIPL\p26-30\p27\v7\source1\video.avi
85.77542083333334,78.50667083333333,72.07233749999999,0.6786680880080901,0.3429712523383782,0.5330424272383135,94,p27,v7,source1,data-videos\VIPL\VIPL\p26-30\p27\v7\source1\video.avi
85.06972083333334,77.88497083333334,71.48068749999999,0.2644399442821458,0.11865415181549896,0.34407169164733126,93,p27,v7,source1,data-videos\VIPL\VIPL\p26-30\p27\v7\source1\video.avi
86.2919375,78.5062875,71.55975416666666,0.8861600732075572,0.39166589636449106,0.45524823516956225,93,p27,v7,source1,data-videos\VIPL\VIPL\p26-30\p27\v7\source1\video.avi
84.90885416666666,77.71617083333332,71.22662083333334,0.34265873627942395,0.21054238876121437,0.3935875735091663,93,p27,v7,source1,data-videos\VIPL\VIPL\p26-30\p27\v7\source1\video.avi
76.14722499999999,72.049775,68.645325,0.9446382849954622,0.6776935306048092,0.6655819752135474,71,p28,v1,source1,data-videos\VIPL\VIPL\p26-30\p28\v1\source1\video.avi
90.27685833333335,86.06432500000001,84.617825,0.40295702969147623,0.7755514778028744,1.1658452124126757,70,p28,v1,source1,data-videos\VIPL\VIPL\p26-30\p28\v1\source1\video.avi
94.5319875,91.04502083333335,89.89940416666667,1.867596979604852,1.6806595248199605,1.5800839795390107,70,p28,v1,source1,data-videos\VIPL\VIPL\p26-30\p28\v1\source1\video.avi
96.036175,92.353775,91.14135833333334,1.0832066879178686,0.9374028177778088,0.8191503455478184,69,p28,v1,source1,data-videos\VIPL\VIPL\p26-30\p28\v1\source1\video.avi
94.73299583333333,91.61834583333334,90.81819583333333,0.7806075387692155,0.9344463547262137,1.1273510567427016,69,p28,v1,source1,data-videos\VIPL\VIPL\p26-30\p28\v1\source1\video.avi
95.67379166666666,92.06515833333331,90.73934166666666,0.7773495165196488,0.6655663687792528,0.7207783762287052,68,p28,v1,source1,data-videos\VIPL\VIPL\p26-30\p28\v1\source1\video.avi
97.9975125,94.18182916666669,92.95252083333335,2.695186782868419,2.2061614793935025,1.7861187067835727,68,p28,v1,source1,data-videos\VIPL\VIPL\p26-30\p28\v1\source1\video.avi
102.0157625,97.02610833333334,94.54879583333333,0.8876456046052386,0.867344518507335,0.788375660685381,67,p28,v1,source1,data-videos\VIPL\VIPL\p26-30\p28\v1\source1\video.avi
105.753525,100.78915,98.35616666666667,1.283789228303592,1.3372062205526576,1.4994898759314235,68,p28,v1,source1,data-videos\VIPL\VIPL\p26-30\p28\v1\source1\video.avi
110.08168749999999,104.0984,101.39025833333334,1.4180626458428154,1.0815866952813917,0.9022063441533517,68,p28,v1,source1,data-videos\VIPL\VIPL\p26-30\p28\v1\source1\video.avi
109.37913333333334,103.23493750000002,100.35172916666669,2.6944466300370578,2.41737351803449,2.2495791247954093,68,p28,v1,source1,data-videos\VIPL\VIPL\p26-30\p28\v1\source1\video.avi
107.43225833333334,101.15740833333334,98.40922916666668,1.8089596718487122,1.6342523393316934,1.460688043913533,68,p28,v1,source1,data-videos\VIPL\VIPL\p26-30\p28\v1\source1\video.avi
90.547425,87.02491249999999,85.98678749999999,6.700835058445036,5.363666389489846,4.502887977288236,68,p28,v1,source1,data-videos\VIPL\VIPL\p26-30\p28\v1\source1\video.avi
89.97127916666668,86.89014583333334,86.14042916666668,1.124901032112874,0.8540778851218215,0.8859061075272961,68,p28,v1,source1,data-videos\VIPL\VIPL\p26-30\p28\v1\source1\video.avi
88.80053333333333,86.02278333333334,85.33030000000001,1.0223655050774263,0.6960541063938763,0.6080358807029589,68,p28,v1,source1,data-videos\VIPL\VIPL\p26-30\p28\v1\source1\video.avi
92.33052083333332,89.48832083333333,88.88152083333333,1.1871441466083168,0.9142748793252914,0.8130724879490887,68,p28,v1,source1,data-videos\VIPL\VIPL\p26-30\p28\v1\source1\video.avi
92.1856,89.08391666666667,88.43611666666668,1.1710586086955679,0.7862725641524635,0.5937016965147099,68,p28,v1,source1,data-videos\VIPL\VIPL\p26-30\p28\v1\source1\video.avi
94.99817916666667,91.43249583333335,90.29094583333334,1.225669630299653,0.8929156733545567,0.7639141951161793,68,p28,v1,source1,data-videos\VIPL\VIPL\p26-30\p28\v1\source1\video.avi
95.14765416666667,91.43867083333335,90.55357083333332,1.2020833196562695,0.9282964059269774,0.9584498427908655,68,p28,v1,source1,data-videos\VIPL\VIPL\p26-30\p28\v1\source1\video.avi
146.43807083333334,151.19678333333334,152.34009166666667,31.904979216913798,21.80351894844041,15.192442414234336,76,p28,v2,source1,data-videos\VIPL\VIPL\p26-30\p28\v2\source1\video.avi
176.66002083333333,175.8130958333333,173.90862916666666,33.9784482328888,23.887712660700135,20.05683656401107,76,p28,v2,source1,data-videos\VIPL\VIPL\p26-30\p28\v2\source1\video.avi
176.1562416666667,163.0670583333333,154.71149166666666,39.47382030421749,40.1766292161623,41.12670742980914,76,p28,v2,source1,data-videos\VIPL\VIPL\p26-30\p28\v2\source1\video.avi
112.68672083333333,108.30784166666666,105.95349166666666,29.400437228243895,24.225435425286417,21.61965747936997,75,p28,v2,source1,data-videos\VIPL\VIPL\p26-30\p28\v2\source1\video.avi
144.33632083333333,135.194925,129.60857083333335,29.5182027997415,26.73391411820283,25.549582175547794,75,p28,v2,source1,data-videos\VIPL\VIPL\p26-30\p28\v2\source1\video.avi
171.4853791666667,150.70124583333333,139.8873583333333,8.106770711606165,6.520862524726992,5.60309156949809,75,p28,v2,source1,data-videos\VIPL\VIPL\p26-30\p28\v2\source1\video.avi
160.6234375,143.36590416666667,133.83802083333333,1.0732792461786327,0.777514859361401,0.575278582876737,74,p28,v2,source1,data-videos\VIPL\VIPL\p26-30\p28\v2\source1\video.avi
138.02587083333333,127.53884583333333,119.85779166666667,34.49075778770106,28.482513674739128,25.989499400215173,74,p28,v2,source1,data-videos\VIPL\VIPL\p26-30\p28\v2\source1\video.avi
86.24412916666667,84.3332125,82.51387916666667,23.766953319640827,19.781163356175004,17.576875867253747,74,p28,v2,source1,data-videos\VIPL\VIPL\p26-30\p28\v2\source1\video.avi
126.83795416666668,113.25055416666667,104.35672083333334,38.044203705834185,30.389675605475073,25.563906761245896,74,p28,v2,source1,data-videos\VIPL\VIPL\p26-30\p28\v2\source1\video.avi
110.457975,101.687675,95.45800833333334,31.531445549334162,24.242601200917697,19.932538327110674,74,p28,v2,source1,data-videos\VIPL\VIPL\p26-30\p28\v2\source1\video.avi
139.58653333333336,124.38871666666665,114.24918333333333,3.8723688636160163,3.9497562069544223,3.7003013486610494,73,p28,v2,source1,data-videos\VIPL\VIPL\p26-30\p28\v2\source1\video.avi
156.60089583333334,146.72684583333333,140.72426249999998,6.51950322163771,6.8565005152450444,7.606201281565879,73,p28,v2,source1,data-videos\VIPL\VIPL\p26-30\p28\v2\source1\video.avi
152.45191666666665,142.90276666666668,136.92191666666665,3.9579107341298454,2.116920818501617,2.009924440605777,73,p28,v2,source1,data-videos\VIPL\VIPL\p26-30\p28\v2\source1\video.avi
124.62429166666666,120.02977499999999,117.44860833333333,12.596297139127337,11.41088612899341,10.692211501847646,73,p28,v2,source1,data-videos\VIPL\VIPL\p26-30\p28\v2\source1\video.avi
133.38448333333332,124.59934166666666,118.95722499999998,8.300780639979322,6.609566931854665,5.473921421765814,73,p28,v2,source1,data-videos\VIPL\VIPL\p26-30\p28\v2\source1\video.avi
169.26155,154.55999166666666,145.21415416666667,4.32607938485042,3.693792027623286,3.2400180871623054,73,p28,v2,source1,data-videos\VIPL\VIPL\p26-30\p28\v2\source1\video.avi
155.9945625,143.71700833333333,136.28875,14.773912964806131,11.14340483019677,8.80057074562694,74,p28,v2,source1,data-videos\VIPL\VIPL\p26-30\p28\v2\source1\video.avi
142.76879583333334,133.1665625,127.349875,14.384179094034907,11.113676164673379,9.269342643355596,73,p28,v2,source1,data-videos\VIPL\VIPL\p26-30\p28\v2\source1\video.avi
140.94073749999998,132.27934166666668,126.80448750000001,25.27036307868177,19.83976683664829,16.63271097926901,73,p28,v2,source1,data-videos\VIPL\VIPL\p26-30\p28\v2\source1\video.avi
107.57985416666666,97.91317916666667,93.09392916666665,2.105646193125758,0.9874762326253731,1.318155632092307,84,p28,v3,source1,data-videos\VIPL\VIPL\p26-30\p28\v3\source1\video.avi
116.17385,103.28672083333333,96.78227499999998,4.225955157429402,3.361751191162832,3.163933996317805,84,p28,v3,source1,data-videos\VIPL\VIPL\p26-30\p28\v3\source1\video.avi
109.7636375,101.04365833333333,96.65200833333334,3.112888332105687,2.4987334446744662,2.316708333992792,84,p28,v3,source1,data-videos\VIPL\VIPL\p26-30\p28\v3\source1\video.avi
109.57047083333333,101.17791666666668,96.993825,3.1655837349399976,2.6741563958915164,2.5007863989750536,84,p28,v3,source1,data-videos\VIPL\VIPL\p26-30\p28\v3\source1\video.avi
112.26010416666668,102.99881666666666,98.923375,4.428058625512112,3.685374653505583,3.0853823003375296,84,p28,v3,source1,data-videos\VIPL\VIPL\p26-30\p28\v3\source1\video.avi
113.00267083333334,104.08307916666666,100.44154583333334,3.3976783222763554,2.9930713815758456,2.763262988160213,85,p28,v3,source1,data-videos\VIPL\VIPL\p26-30\p28\v3\source1\video.avi
113.92256666666667,105.23810416666667,101.36244166666667,2.148576721626498,2.0762048959496444,1.833733216587968,85,p28,v3,source1,data-videos\VIPL\VIPL\p26-30\p28\v3\source1\video.avi
107.55955833333333,99.51485000000001,96.1003125,4.434365085072307,4.039837469558818,3.782844401455736,84,p28,v3,source1,data-videos\VIPL\VIPL\p26-30\p28\v3\source1\video.avi
116.65407083333334,108.04599999999999,104.37462916666668,1.7416865678488191,1.3892082402297459,1.4067605129141363,84,p28,v3,source1,data-videos\VIPL\VIPL\p26-30\p28\v3\source1\video.avi
109.93769166666667,102.4361375,99.25079166666666,3.8463763200874097,3.4238630171196975,3.3416634739957747,81,p28,v3,source1,data-videos\VIPL\VIPL\p26-30\p28\v3\source1\video.avi
112.15472083333334,103.98889166666666,99.82741249999998,2.8398859270664385,2.2859959285424143,2.1032799630626524,80,p28,v3,source1,data-videos\VIPL\VIPL\p26-30\p28\v3\source1\video.avi
115.42960833333332,107.07060833333335,103.17931250000001,0.6142013596035808,0.5742991484191841,0.8866344635051127,80,p28,v3,source1,data-videos\VIPL\VIPL\p26-30\p28\v3\source1\video.avi
114.1334375,105.92734583333333,102.27639583333334,1.4782675445127378,1.2560386476162078,1.1486439650010491,80,p28,v3,source1,data-videos\VIPL\VIPL\p26-30\p28\v3\source1\video.avi
110.11013749999998,102.91277916666667,99.48205416666666,5.632349600275379,4.844327660600992,4.4597969857491515,80,p28,v3,source1,data-videos\VIPL\VIPL\p26-30\p28\v3\source1\video.avi
105.99537500000001,99.80151666666669,96.9325625,2.668198451820743,2.4579818629540595,2.3007625028711804,79,p28,v3,source1,data-videos\VIPL\VIPL\p26-30\p28\v3\source1\video.avi
105.84900833333334,98.42517083333334,94.98821666666667,2.4697206507996237,1.9819211452807874,1.673981096433074,79,p28,v3,source1,data-videos\VIPL\VIPL\p26-30\p28\v3\source1\video.avi
109.47473333333333,101.13848750000001,97.38877500000001,2.6761091024135824,2.417721737920618,2.2262985751532,79,p28,v3,source1,data-videos\VIPL\VIPL\p26-30\p28\v3\source1\video.avi
110.54518333333331,102.19705,98.374925,2.2504460191182734,2.0513943872519027,2.0037318545827043,79,p28,v3,source1,data-videos\VIPL\VIPL\p26-30\p28\v3\source1\video.avi
107.80323333333334,100.36047916666666,97.02362916666665,2.3515536179197336,1.8644731380380017,1.652322629180746,79,p28,v3,source1,data-videos\VIPL\VIPL\p26-30\p28\v3\source1\video.avi
102.74439583333334,97.19585416666669,94.89699583333334,5.349611167074564,4.159008956678996,3.408298810527075,79,p28,v3,source1,data-videos\VIPL\VIPL\p26-30\p28\v3\source1\video.avi
101.29780000000001,96.67762916666666,95.19009166666666,0.8858942326393212,0.6276890591133107,0.5265832684826136,79,p28,v3,source1,data-videos\VIPL\VIPL\p26-30\p28\v3\source1\video.avi
99.84197916666668,95.52375833333333,94.06297500000001,3.0957841024854083,2.093676481072429,1.8103326248905343,79,p28,v3,source1,data-videos\VIPL\VIPL\p26-30\p28\v3\source1\video.avi
102.80472083333333,99.45065833333334,98.19782083333334,3.8324453459401164,3.506232108381763,3.1755234871537765,79,p28,v3,source1,data-videos\VIPL\VIPL\p26-30\p28\v3\source1\video.avi
104.73721249999998,100.22487916666668,98.10289583333332,1.3561017348169746,2.029641068492094,2.4852011650426142,80,p28,v3,source1,data-videos\VIPL\VIPL\p26-30\p28\v3\source1\video.avi
106.13215416666667,99.36863333333335,96.31112916666667,3.0618458646240296,2.818540274644246,2.3431165643427176,80,p28,v3,source1,data-videos\VIPL\VIPL\p26-30\p28\v3\source1\video.avi
91.39962916666666,93.77040416666667,96.20401249999999,1.4577624216062186,1.2717155763857821,1.2407980851552756,70,p28,v4,source1,data-videos\VIPL\VIPL\p26-30\p28\v4\source1\video.avi
88.70525416666668,91.99745416666669,95.15042083333331,0.9861888610644022,0.9248712448302674,1.012335642730051,70,p28,v4,source1,data-videos\VIPL\VIPL\p26-30\p28\v4\source1\video.avi
86.51982083333336,90.80077916666666,94.71487916666666,3.712786009199045,2.8157743837730504,2.570038146313581,70,p28,v4,source1,data-videos\VIPL\VIPL\p26-30\p28\v4\source1\video.avi
77.78877083333333,83.56737083333333,87.9420875,1.4443848231552108,0.9711033249751443,0.8068176471139206,71,p28,v4,source1,data-videos\VIPL\VIPL\p26-30\p28\v4\source1\video.avi
82.12599583333332,86.53043333333335,90.18036666666667,0.8642128885501017,0.9448362409918785,1.116637499277034,72,p28,v4,source1,data-videos\VIPL\VIPL\p26-30\p28\v4\source1\video.avi
83.05443749999999,87.57708333333333,90.8666,0.5955821017547085,0.5313396100894422,0.4940818600641427,72,p28,v4,source1,data-videos\VIPL\VIPL\p26-30\p28\v4\source1\video.avi
83.41290000000001,88.0220875,91.23495416666667,0.3386165208015161,0.3226829711897317,0.30878175595799157,74,p28,v4,source1,data-videos\VIPL\VIPL\p26-30\p28\v4\source1\video.avi
82.65797916666666,87.425525,90.81910833333332,0.5594243375200275,0.48657513183845763,0.6269302104578494,74,p28,v4,source1,data-videos\VIPL\VIPL\p26-30\p28\v4\source1\video.avi
85.53856666666667,89.23632916666665,91.83981250000001,1.7004518316220156,1.0879751960190902,0.661575328235988,74,p28,v4,source1,data-videos\VIPL\VIPL\p26-30\p28\v4\source1\video.avi
85.78532916666667,88.59403750000001,90.67208750000002,1.9054518469490804,1.7016907827829166,1.5220238155851349,74,p28,v4,source1,data-videos\VIPL\VIPL\p26-30\p28\v4\source1\video.avi
83.807925,87.5616875,89.75862083333331,1.373418095053157,0.9875956423444655,0.919409907223105,74,p28,v4,source1,data-videos\VIPL\VIPL\p26-30\p28\v4\source1\video.avi
86.52667083333334,90.28297500000001,92.181325,0.5038644630434425,0.459491555583755,0.47129875735095533,75,p28,v4,source1,data-videos\VIPL\VIPL\p26-30\p28\v4\source1\video.avi
87.25749583333334,91.04229166666666,92.98089166666666,0.6682042499771299,0.5551881734926553,0.4858196218047965,74,p28,v4,source1,data-videos\VIPL\VIPL\p26-30\p28\v4\source1\video.avi
86.41915833333334,90.22488333333332,92.36525000000002,1.2854960483052207,1.1177131684114123,1.06097313698125,74,p28,v4,source1,data-videos\VIPL\VIPL\p26-30\p28\v4\source1\video.avi
85.51700833333334,89.34687083333333,91.56848749999999,0.8290518652310327,0.7135218631558451,0.7741678339827931,74,p28,v4,source1,data-videos\VIPL\VIPL\p26-30\p28\v4\source1\video.avi
84.62387500000001,88.48236666666668,90.55713333333333,0.6352077853392193,0.4706889302158875,0.3578661308909927,75,p28,v4,source1,data-videos\VIPL\VIPL\p26-30\p28\v4\source1\video.avi
86.95756666666666,90.41440833333334,91.9995375,2.4647978539493534,1.9557808786372413,1.6946249544310839,75,p28,v4,source1,data-videos\VIPL\VIPL\p26-30\p28\v4\source1\video.avi
82.65655416666667,86.72847916666667,89.0316625,1.4074759313488758,1.0660906448425647,0.8863498354479522,76,p28,v4,source1,data-videos\VIPL\VIPL\p26-30\p28\v4\source1\video.avi
113.19188333333334,97.02827500000001,87.92343333333334,1.9228017941311286,1.5653134578810752,1.486535714956179,84,p28,v5,source1,data-videos\VIPL\VIPL\p26-30\p28\v5\source1\video.avi
125.235275,106.66997916666665,95.307075,11.189799306349908,9.449792167715692,7.847090166190233,84,p28,v5,source1,data-videos\VIPL\VIPL\p26-30\p28\v5\source1\video.avi
133.3004916666667,112.53257916666668,100.10162499999998,1.0145027241762885,1.4793013193640516,1.2913261782412335,85,p28,v5,source1,data-videos\VIPL\VIPL\p26-30\p28\v5\source1\video.avi
132.70004166666666,110.89224583333333,98.55164583333334,0.4139737929087789,0.4466544920993185,0.5290510019588011,85,p28,v5,source1,data-videos\VIPL\VIPL\p26-30\p28\v5\source1\video.avi
132.09653333333333,110.60484583333334,98.0267875,0.5733568085976457,0.34998631188511387,0.5018454473449295,85,p28,v5,source1,data-videos\VIPL\VIPL\p26-30\p28\v5\source1\video.avi
131.91233333333332,110.81107500000002,98.06112916666665,0.8446310528576293,0.7769994580069252,0.6991690136283621,86,p28,v5,source1,data-videos\VIPL\VIPL\p26-30\p28\v5\source1\video.avi
130.12120000000002,108.94614166666668,96.70479583333334,1.0775081432245797,0.9727773506070997,0.8154352144458402,86,p28,v5,source1,data-videos\VIPL\VIPL\p26-30\p28\v5\source1\video.avi
130.91323333333332,109.36706249999999,96.74110833333333,1.801577819145625,1.6692770484803683,1.3205487015478523,86,p28,v5,source1,data-videos\VIPL\VIPL\p26-30\p28\v5\source1\video.avi
130.88798333333332,109.21627083333334,96.94085416666668,0.5393943015730182,0.5926084911513864,0.531124731145823,88,p28,v5,source1,data-videos\VIPL\VIPL\p26-30\p28\v5\source1\video.avi
130.41864583333333,109.034875,96.39918750000001,1.780914761338335,1.8554716131264462,1.608325792836382,89,p28,v5,source1,data-videos\VIPL\VIPL\p26-30\p28\v5\source1\video.avi
127.18188750000002,104.76265833333335,92.33777916666668,0.726087877725937,1.137658054541214,1.06784795579773,89,p28,v5,source1,data-videos\VIPL\VIPL\p26-30\p28\v5\source1\video.avi
126.69306666666665,104.58555833333334,92.83115833333333,0.9749866385658552,0.8734854391435696,0.6589309229466142,89,p28,v5,source1,data-videos\VIPL\VIPL\p26-30\p28\v5\source1\video.avi
127.25690416666666,104.42856250000001,91.7211625,0.7169872747737591,0.9650169080448804,0.6997315951690171,89,p28,v5,source1,data-videos\VIPL\VIPL\p26-30\p28\v5\source1\video.avi
127.179375,106.35434166666666,93.71223333333333,1.271003688377043,1.3278820489290661,1.113032393708488,89,p28,v5,source1,data-videos\VIPL\VIPL\p26-30\p28\v5\source1\video.avi
128.04450416666666,106.48820000000002,93.76110833333333,0.37696396278173666,1.0617233953152427,0.9784790457395555,89,p28,v5,source1,data-videos\VIPL\VIPL\p26-30\p28\v5\source1\video.avi
128.76749166666664,106.37058333333334,93.761475,1.0633328887962783,1.0051452212484575,0.8656122866495208,89,p28,v5,source1,data-videos\VIPL\VIPL\p26-30\p28\v5\source1\video.avi
131.38340416666668,107.98750416666668,94.22213333333335,1.131537464135876,1.013173012554152,0.8083103154583584,89,p28,v5,source1,data-videos\VIPL\VIPL\p26-30\p28\v5\source1\video.avi
133.86372916666664,110.81379166666666,96.87997916666666,0.5525529457097281,1.3206020801765628,1.3506434272355974,88,p28,v5,source1,data-videos\VIPL\VIPL\p26-30\p28\v5\source1\video.avi
132.58058333333332,109.42958333333334,96.35105,1.3041658489747185,1.0207649773032437,0.9172254740482602,85,p28,v5,source1,data-videos\VIPL\VIPL\p26-30\p28\v5\source1\video.avi
55.4613375,57.9836125,58.758495833333335,0.37768476746671864,0.23953627385649856,0.4797149816412982,73,p28,v6,source1,data-videos\VIPL\VIPL\p26-30\p28\v6\source1\video.avi
54.85998333333333,57.648116666666674,58.149454166666665,0.28519265186984677,0.23443968722134995,0.2765426103645195,73,p28,v6,source1,data-videos\VIPL\VIPL\p26-30\p28\v6\source1\video.avi
54.09957916666665,57.24760833333334,57.9899125,0.257036429540856,0.20350772166622508,0.17634431007107762,73,p28,v6,source1,data-videos\VIPL\VIPL\p26-30\p28\v6\source1\video.avi
54.0067875,56.96916250000001,57.693620833333334,0.2205357048599054,0.11430610584449613,0.202957046546937,73,p28,v6,source1,data-videos\VIPL\VIPL\p26-30\p28\v6\source1\video.avi
53.64505416666667,56.68925833333333,57.43834583333333,0.23241091132171215,0.18606002457017837,0.24349315584723197,72,p28,v6,source1,data-videos\VIPL\VIPL\p26-30\p28\v6\source1\video.avi
53.972525,56.96987083333333,57.627854166666665,0.2248361079023255,0.1765876992342149,0.20165657042564544,72,p28,v6,source1,data-videos\VIPL\VIPL\p26-30\p28\v6\source1\video.avi
55.11667083333334,57.84142083333333,58.59307083333333,0.27593904929098323,0.2278298887968104,0.45622251450696155,72,p28,v6,source1,data-videos\VIPL\VIPL\p26-30\p28\v6\source1\video.avi
55.21499166666666,58.07789166666667,59.138341666666676,0.300608182597288,0.21099819246197898,0.2128304822309683,71,p28,v6,source1,data-videos\VIPL\VIPL\p26-30\p28\v6\source1\video.avi
54.789054166666666,57.582904166666665,58.51292916666667,0.3531071245721489,0.26185138006712083,0.34039703931585524,71,p28,v6,source1,data-videos\VIPL\VIPL\p26-30\p28\v6\source1\video.avi
56.35347916666666,58.731229166666665,59.07798333333333,0.6224367172764536,0.4427750528155727,0.4030969314948394,70,p28,v6,source1,data-videos\VIPL\VIPL\p26-30\p28\v6\source1\video.avi
56.43211666666667,58.9189875,59.061487500000005,0.216979857216056,0.18997766343485337,0.2179221289149716,70,p28,v6,source1,data-videos\VIPL\VIPL\p26-30\p28\v6\source1\video.avi
55.9122125,58.419375,58.60666666666667,0.38002190781146683,0.2023215992272918,0.26255261873416286,70,p28,v6,source1,data-videos\VIPL\VIPL\p26-30\p28\v6\source1\video.avi
55.09308333333333,57.75259583333334,58.119370833333335,0.3787398272836284,0.28790076523864944,0.25139256679323063,70,p28,v6,source1,data-videos\VIPL\VIPL\p26-30\p28\v6\source1\video.avi
55.1232125,57.85663749999999,58.16872083333334,0.3785678291729537,0.21456080083963291,0.2540925754714649,70,p28,v6,source1,data-videos\VIPL\VIPL\p26-30\p28\v6\source1\video.avi
55.325566666666674,58.078445833333326,58.43320416666666,0.19178957354567874,0.12991118400340643,0.16212341053362908,70,p28,v6,source1,data-videos\VIPL\VIPL\p26-30\p28\v6\source1\video.avi
56.151220833333326,58.53915416666667,58.96293333333333,0.5711479656930221,0.3626088130747013,0.37902632668383984,70,p28,v6,source1,data-videos\VIPL\VIPL\p26-30\p28\v6\source1\video.avi
55.34850833333333,57.60116666666667,58.7789,0.2043673943538935,0.1304010540441804,0.19955200928510436,70,p28,v6,source1,data-videos\VIPL\VIPL\p26-30\p28\v6\source1\video.avi
55.049258333333334,57.54845416666667,58.486324999999994,0.44038035990367386,0.21285106760166045,0.4150075619709304,70,p28,v6,source1,data-videos\VIPL\VIPL\p26-30\p28\v6\source1\video.avi
71.8229625,79.2752125,85.7553625,4.718556138133281,4.0951406437276034,3.4972439247997302,84,p28,v7,source1,data-videos\VIPL\VIPL\p26-30\p28\v7\source1\video.avi
79.86242916666666,86.15049583333334,91.98732083333334,6.870804872320776,5.878684864373839,5.518207477385407,84,p28,v7,source1,data-videos\VIPL\VIPL\p26-30\p28\v7\source1\video.avi
119.60644166666667,123.45020833333334,127.35210000000001,39.16049221692185,35.05904340832187,32.42127112955277,84,p28,v7,source1,data-videos\VIPL\VIPL\p26-30\p28\v7\source1\video.avi
88.03477916666665,99.03297916666668,108.16261250000001,3.4717533786228505,3.2220873406425787,3.206718032619826,84,p28,v7,source1,data-videos\VIPL\VIPL\p26-30\p28\v7\source1\video.avi
86.87074583333334,98.56647916666667,108.05244583333331,1.9275769626063775,2.3778150632095807,2.7260092887709084,84,p28,v7,source1,data-videos\VIPL\VIPL\p26-30\p28\v7\source1\video.avi
81.69261250000001,95.39669583333334,105.2488125,3.0199041888487783,1.7620340505345107,1.0277580369256556,84,p28,v7,source1,data-videos\VIPL\VIPL\p26-30\p28\v7\source1\video.avi
80.385975,94.39099166666666,104.68670833333331,0.5681717870356928,0.6195787471249227,0.6189728274416509,83,p28,v7,source1,data-videos\VIPL\VIPL\p26-30\p28\v7\source1\video.avi
79.46280416666667,93.25713749999998,103.39655416666666,1.2866874178351475,1.0560065564788832,0.8518013841388339,81,p28,v7,source1,data-videos\VIPL\VIPL\p26-30\p28\v7\source1\video.avi
82.15161250000001,94.89542916666667,104.52814583333331,0.8625365356190877,0.6508582263698696,0.6077759746951726,79,p28,v7,source1,data-videos\VIPL\VIPL\p26-30\p28\v7\source1\video.avi
79.91137916666666,93.56776249999999,103.69312916666668,1.0566066020652054,1.061829686071274,1.0768191634779418,79,p28,v7,source1,data-videos\VIPL\VIPL\p26-30\p28\v7\source1\video.avi
82.63715833333333,96.48029166666669,106.57569166666666,0.8301595246631143,0.8310053273996899,0.8203372098818051,79,p28,v7,source1,data-videos\VIPL\VIPL\p26-30\p28\v7\source1\video.avi
83.7051,97.04521666666668,106.61781666666666,0.4288083399731821,0.7551149424554148,1.3067071722835322,79,p28,v7,source1,data-videos\VIPL\VIPL\p26-30\p28\v7\source1\video.avi
83.59849583333335,96.84312916666666,106.63494583333335,0.6293179813077197,0.47371076728492045,0.862502195609121,77,p28,v7,source1,data-videos\VIPL\VIPL\p26-30\p28\v7\source1\video.avi
81.89939166666667,95.86179166666666,106.02849166666668,0.7591275663869744,0.7410533132108889,0.7385899032907608,77,p28,v7,source1,data-videos\VIPL\VIPL\p26-30\p28\v7\source1\video.avi
78.61867083333331,92.59580416666668,102.5815375,1.8341988975378767,1.6147444254367835,1.680044171635327,77,p28,v7,source1,data-videos\VIPL\VIPL\p26-30\p28\v7\source1\video.avi
75.86400416666666,90.13787083333335,101.0307,0.7267545430666774,0.657123843525074,1.2683750812774397,77,p28,v7,source1,data-videos\VIPL\VIPL\p26-30\p28\v7\source1\video.avi
80.68615,93.84499999999998,103.80223333333333,1.219419924310556,1.0200754176230746,1.2061842562970588,77,p28,v7,source1,data-videos\VIPL\VIPL\p26-30\p28\v7\source1\video.avi
75.87047916666666,89.60492916666666,99.33952916666665,0.4830647520648757,0.5767523221248335,0.6306160981917699,77,p28,v7,source1,data-videos\VIPL\VIPL\p26-30\p28\v7\source1\video.avi
76.6069375,90.28262083333333,100.17085416666664,0.8078392900672678,0.9815612929261402,0.9601195034668849,77,p28,v7,source1,data-videos\VIPL\VIPL\p26-30\p28\v7\source1\video.avi
78.42692083333333,92.3570375,102.53827083333334,0.6503509216184755,0.6268804697335317,0.8874366663630456,76,p28,v7,source1,data-videos\VIPL\VIPL\p26-30\p28\v7\source1\video.avi
79.88556666666668,94.35026666666668,105.39608333333334,0.6567188312613949,0.6366802341486301,0.9323614024198039,76,p28,v7,source1,data-videos\VIPL\VIPL\p26-30\p28\v7\source1\video.avi
80.55820833333333,88.199975,93.24835833333333,1.1377373409291114,0.410671935504619,0.38949950221049195,74,p29,v1,source1,data-videos\VIPL\VIPL\p26-30\p29\v1\source1\video.avi
81.735075,88.43190833333333,93.12647500000001,0.34171979454826795,0.1672311189724496,0.3653824262749311,74,p29,v1,source1,data-videos\VIPL\VIPL\p26-30\p29\v1\source1\video.avi
81.48147083333333,88.10300416666665,92.86387083333335,0.2972504428905203,0.25600690820485833,0.5898786559244859,74,p29,v1,source1,data-videos\VIPL\VIPL\p26-30\p29\v1\source1\video.avi
81.25532916666667,87.9367125,92.78614583333334,0.26950271315115293,0.1638721848008052,0.30009220949799503,74,p29,v1,source1,data-videos\VIPL\VIPL\p26-30\p29\v1\source1\video.avi
83.40798333333333,88.58293333333333,92.26584999999999,0.4446945755468967,0.6328448518342039,1.366638849653392,74,p29,v1,source1,data-videos\VIPL\VIPL\p26-30\p29\v1\source1\video.avi
84.4155625,89.3370125,93.25686250000001,0.34181098704994184,0.39375307728074327,0.5584387846002766,74,p29,v1,source1,data-videos\VIPL\VIPL\p26-30\p29\v1\source1\video.avi
85.83088749999999,91.04900416666665,94.85495416666667,0.44586141667781143,0.2726583400190514,0.5000900553275389,74,p29,v1,source1,data-videos\VIPL\VIPL\p26-30\p29\v1\source1\video.avi
87.881575,92.35484166666667,95.70220833333333,0.5459993571615556,0.20744890627640766,0.36522854693062506,74,p29,v1,source1,data-videos\VIPL\VIPL\p26-30\p29\v1\source1\video.avi
86.73299166666668,91.59285833333334,94.96124166666667,0.7118207931756565,0.3128032085699684,0.22268307059710474,74,p29,v1,source1,data-videos\VIPL\VIPL\p26-30\p29\v1\source1\video.avi
91.15892083333334,98.59924166666667,102.51529166666667,5.356470715898461,7.52701663451397,7.852064567281014,74,p29,v1,source1,data-videos\VIPL\VIPL\p26-30\p29\v1\source1\video.avi
101.82352916666667,110.38004999999997,113.90254166666665,0.6807448230920791,0.7550251266974124,1.1415480462250729,72,p29,v1,source1,data-videos\VIPL\VIPL\p26-30\p29\v1\source1\video.avi
103.75061666666666,110.03702500000001,112.96934166666666,2.179882637903867,1.1096079348881136,2.641393382242967,71,p29,v1,source1,data-videos\VIPL\VIPL\p26-30\p29\v1\source1\video.avi
102.29091666666667,103.69265,104.81799166666667,6.814832393160892,5.313979280652902,4.406025623770972,70,p29,v1,source1,data-videos\VIPL\VIPL\p26-30\p29\v1\source1\video.avi
88.48514999999999,92.16446666666666,94.69216666666667,1.2012804673989206,0.6667588082938986,0.888086200673329,68,p29,v1,source1,data-videos\VIPL\VIPL\p26-30\p29\v1\source1\video.avi
98.19233333333334,102.54021250000001,105.84435833333333,3.187591470501278,3.9681396546735925,4.036526039612804,68,p29,v1,source1,data-videos\VIPL\VIPL\p26-30\p29\v1\source1\video.avi
88.83200833333335,96.23229583333334,99.8744625,9.004944554914447,8.031004782328592,7.517584719647881,68,p29,v1,source1,data-videos\VIPL\VIPL\p26-30\p29\v1\source1\video.avi
78.78955416666666,87.42937916666668,92.87647083333336,3.008169599151108,3.002646495362235,3.1417340619594767,67,p29,v1,source1,data-videos\VIPL\VIPL\p26-30\p29\v1\source1\video.avi
71.14329166666667,79.69275833333333,84.90882916666668,0.8781470197911386,1.0098274872093818,1.3313118296413695,66,p29,v1,source1,data-videos\VIPL\VIPL\p26-30\p29\v1\source1\video.avi
76.55278750000001,84.8336875,89.33837083333331,4.814460232296873,5.680840736771494,5.875306091603631,66,p29,v1,source1,data-videos\VIPL\VIPL\p26-30\p29\v1\source1\video.avi
80.64574583333334,91.58969583333332,97.6457625,0.2594597162186799,0.21478654398999505,0.5710275701470597,66,p29,v1,source1,data-videos\VIPL\VIPL\p26-30\p29\v1\source1\video.avi
111.68875416666666,126.01763333333332,132.49317083333335,0.24918519733211356,0.3813686592666395,0.3216199867359851,69,p29,v2,source1,data-videos\VIPL\VIPL\p26-30\p29\v2\source1\video.avi
121.77922916666667,131.10840833333333,135.46604583333334,8.538492190190517,6.324209410372965,5.22887886620691,70,p29,v2,source1,data-videos\VIPL\VIPL\p26-30\p29\v2\source1\video.avi
104.49863333333334,125.28041666666668,135.9594875,11.163250101489385,14.9569342631174,17.48153538933314,71,p29,v2,source1,data-videos\VIPL\VIPL\p26-30\p29\v2\source1\video.avi
101.03299999999999,115.66853333333333,122.31984166666668,11.827408592571114,13.196943562255134,15.200302792954487,72,p29,v2,source1,data-videos\VIPL\VIPL\p26-30\p29\v2\source1\video.avi
100.76334999999999,116.59845,123.58635416666667,5.047604738494922,6.183417305087385,7.5704488153935126,72,p29,v2,source1,data-videos\VIPL\VIPL\p26-30\p29\v2\source1\video.avi
104.76814999999999,120.69262916666666,128.92072083333335,20.022637010395744,17.337130449560256,16.0789402458501,73,p29,v2,source1,data-videos\VIPL\VIPL\p26-30\p29\v2\source1\video.avi
94.9578,110.59983333333332,117.87271249999999,2.188940651264201,3.099595226290084,4.151374771503077,73,p29,v2,source1,data-videos\VIPL\VIPL\p26-30\p29\v2\source1\video.avi
111.60153749999999,125.45745416666666,132.50989166666668,8.607496185712115,7.338425654339685,6.919609494721825,73,p29,v2,source1,data-videos\VIPL\VIPL\p26-30\p29\v2\source1\video.avi
99.42752083333333,112.4228375,119.55245416666668,16.891227320075714,15.610329929868243,14.420787416138495,73,p29,v2,source1,data-videos\VIPL\VIPL\p26-30\p29\v2\source1\video.avi
94.70251250000001,111.34011666666667,119.8002,9.935209355027661,6.771381970356733,5.069747352463681,73,p29,v2,source1,data-videos\VIPL\VIPL\p26-30\p29\v2\source1\video.avi
90.92409583333333,104.21364583333332,111.1965875,8.881145125256543,8.33761490201726,7.938753297723648,74,p29,v2,source1,data-videos\VIPL\VIPL\p26-30\p29\v2\source1\video.avi
87.50023333333333,103.64210833333333,112.10048333333334,3.986372206551549,3.781858354330873,3.8300937285546803,74,p29,v2,source1,data-videos\VIPL\VIPL\p26-30\p29\v2\source1\video.avi
94.15309583333334,114.04242916666666,123.40035416666666,7.529371202345407,8.981900695263969,9.893083087475533,74,p29,v2,source1,data-videos\VIPL\VIPL\p26-30\p29\v2\source1\video.avi
115.97893333333332,129.41539583333332,134.92560833333332,10.165010503307958,7.393427293957902,6.387701457309066,73,p29,v2,source1,data-videos\VIPL\VIPL\p26-30\p29\v2\source1\video.avi
101.50349583333333,115.61160416666665,121.60970833333334,9.903064199879976,8.690821325242606,8.182548871302265,73,p29,v2,source1,data-videos\VIPL\VIPL\p26-30\p29\v2\source1\video.avi
100.33848750000001,114.7468625,121.75955833333333,7.173513823296144,6.887271571965703,7.366910706405082,73,p29,v2,source1,data-videos\VIPL\VIPL\p26-30\p29\v2\source1\video.avi
94.08864583333332,111.9940625,121.70822500000003,6.005852844136016,5.730358147317477,6.0879434035612805,72,p29,v2,source1,data-videos\VIPL\VIPL\p26-30\p29\v2\source1\video.avi
87.91619583333333,106.55107916666668,115.82509166666665,11.335848566869926,16.967910459149714,19.586995321605006,72,p29,v2,source1,data-videos\VIPL\VIPL\p26-30\p29\v2\source1\video.avi
121.17391249999999,134.92587916666665,140.58848749999999,11.747938556131702,11.498669638066048,12.441758601856694,72,p29,v2,source1,data-videos\VIPL\VIPL\p26-30\p29\v2\source1\video.avi
79.31708750000001,81.43803750000001,83.9726375,1.6752923543784481,1.1570826220139465,0.9174885816728181,73,p29,v3,source1,data-videos\VIPL\VIPL\p26-30\p29\v3\source1\video.avi
92.3408125,91.0586125,90.79757916666668,5.577643573373725,3.8661405300179177,2.6934687490581317,73,p29,v3,source1,data-videos\VIPL\VIPL\p26-30\p29\v3\source1\video.avi
99.00431666666665,95.46241666666667,94.23168333333331,2.6119721343507862,1.7939446918151265,1.5360745169415515,73,p29,v3,source1,data-videos\VIPL\VIPL\p26-30\p29\v3\source1\video.avi
100.18280416666667,96.86105416666668,95.95067083333333,1.392768173708188,1.2187239442798812,1.3246347079268466,73,p29,v3,source1,data-videos\VIPL\VIPL\p26-30\p29\v3\source1\video.avi
102.87575833333334,100.309625,99.23939166666665,4.1112719459398726,3.8399620888428063,3.5558405026488145,73,p29,v3,source1,data-videos\VIPL\VIPL\p26-30\p29\v3\source1\video.avi
101.90841666666667,99.64668333333333,99.42426666666668,1.6685366158307877,1.3864529334605586,1.2590733287295282,73,p29,v3,source1,data-videos\VIPL\VIPL\p26-30\p29\v3\source1\video.avi
100.78138333333332,99.01330000000002,99.14761666666668,1.6107050193333199,1.3500103326250685,1.196131488788847,73,p29,v3,source1,data-videos\VIPL\VIPL\p26-30\p29\v3\source1\video.avi
99.25950833333334,97.781775,98.34780833333332,1.1289470748654358,1.280409064979063,1.2828944644879743,73,p29,v3,source1,data-videos\VIPL\VIPL\p26-30\p29\v3\source1\video.avi
98.19411666666667,95.40521666666666,94.73383333333334,1.6657744917071513,1.4919502191855378,1.5208570112312036,73,p29,v3,source1,data-videos\VIPL\VIPL\p26-30\p29\v3\source1\video.avi
101.90025833333333,98.86554166666667,98.27149166666666,1.91476638500156,1.530280699729718,1.4809741192103365,73,p29,v3,source1,data-videos\VIPL\VIPL\p26-30\p29\v3\source1\video.avi
95.23547083333332,92.54197083333332,91.96840416666666,2.520261397088162,3.063592523934657,3.652752390312073,73,p29,v3,source1,data-videos\VIPL\VIPL\p26-30\p29\v3\source1\video.avi
93.07116666666667,90.7316,90.16236666666667,1.710170566948091,1.150460452384174,1.1018362213192632,73,p29,v3,source1,data-videos\VIPL\VIPL\p26-30\p29\v3\source1\video.avi
97.79279583333333,95.50942916666665,94.72202916666667,6.612381817409018,5.438085617420513,4.829905078191525,73,p29,v3,source1,data-videos\VIPL\VIPL\p26-30\p29\v3\source1\video.avi
106.2822875,105.4579875,104.9243875,1.3778698316554119,1.4923337953939788,1.7734262669296716,73,p29,v3,source1,data-videos\VIPL\VIPL\p26-30\p29\v3\source1\video.avi
95.49153749999999,94.32372083333331,94.2039375,3.819035276814755,3.5787253307062974,3.1950956911639494,73,p29,v3,source1,data-videos\VIPL\VIPL\p26-30\p29\v3\source1\video.avi
84.22100416666666,85.57437083333335,87.09422083333332,3.1871386724506614,2.399185487233693,2.0685540304797194,73,p29,v3,source1,data-videos\VIPL\VIPL\p26-30\p29\v3\source1\video.avi
98.51082083333334,95.89213749999999,95.20738750000001,5.803853631583094,4.55902956426173,3.6220274909083487,73,p29,v3,source1,data-videos\VIPL\VIPL\p26-30\p29\v3\source1\video.avi
94.96606249999999,93.21129583333334,92.92021249999999,2.286464512140473,1.6978469418403608,1.2080955414296586,73,p29,v3,source1,data-videos\VIPL\VIPL\p26-30\p29\v3\source1\video.avi
93.17333750000002,92.17725416666666,92.2904875,0.7785555499386522,0.46890777333696754,0.36876853969401324,74,p29,v3,source1,data-videos\VIPL\VIPL\p26-30\p29\v3\source1\video.avi
108.02683333333333,105.98068333333335,105.125275,6.580166288781829,6.433855218272129,5.949223424015455,74,p29,v3,source1,data-videos\VIPL\VIPL\p26-30\p29\v3\source1\video.avi
83.27882916666667,82.71909583333334,84.88697916666666,4.9600850703145145,3.146601060254673,2.29175172664111,70,p29,v4,source1,data-videos\VIPL\VIPL\p26-30\p29\v4\source1\video.avi
74.121025,76.77170833333334,80.64252916666666,5.549876137309656,3.7110795118441167,2.99355189519676,70,p29,v4,source1,data-videos\VIPL\VIPL\p26-30\p29\v4\source1\video.avi
71.15997499999999,74.90785833333334,78.823175,5.191579374707553,3.4217835721017686,2.5335507632021557,71,p29,v4,source1,data-videos\VIPL\VIPL\p26-30\p29\v4\source1\video.avi
60.047425,68.085875,74.28794166666667,3.463631180863316,2.3417923044216824,1.6426230326299425,72,p29,v4,source1,data-videos\VIPL\VIPL\p26-30\p29\v4\source1\video.avi
61.33249583333333,68.57596249999999,74.59041250000001,6.411112879231112,3.930056253162393,2.9871995565279605,72,p29,v4,source1,data-videos\VIPL\VIPL\p26-30\p29\v4\source1\video.avi
109.27351666666668,100.09388333333334,98.10256666666666,10.037249170290286,6.909635160469661,5.511593834398716,72,p29,v4,source1,data-videos\VIPL\VIPL\p26-30\p29\v4\source1\video.avi
82.27158333333335,79.8912,80.13866666666667,12.473862393437596,8.159556406347594,6.451262756249633,72,p29,v4,source1,data-videos\VIPL\VIPL\p26-30\p29\v4\source1\video.avi
68.60782083333332,71.05595416666667,73.06952083333334,4.253928427148089,2.888070104656347,2.1227857276841964,72,p29,v4,source1,data-videos\VIPL\VIPL\p26-30\p29\v4\source1\video.avi
89.67332916666666,86.13693333333333,86.46628333333334,3.3383201221967758,1.8763102914937269,1.4586085507327982,72,p29,v4,source1,data-videos\VIPL\VIPL\p26-30\p29\v4\source1\video.avi
91.58204583333335,86.29780833333334,84.73304166666667,1.8131154177616502,1.2108133061689725,0.9207271304706527,72,p29,v4,source1,data-videos\VIPL\VIPL\p26-30\p29\v4\source1\video.avi
90.18218333333334,86.73775833333333,87.75225833333334,3.7942044951853506,3.2011859438578028,3.6952114105529277,72,p29,v4,source1,data-videos\VIPL\VIPL\p26-30\p29\v4\source1\video.avi
85.789675,84.35325833333333,87.00245833333332,4.126768096272998,2.4336588091259026,1.9346532388296054,73,p29,v4,source1,data-videos\VIPL\VIPL\p26-30\p29\v4\source1\video.avi
65.0647375,71.24320833333333,75.725875,13.13255168039041,9.275345566713105,8.037856027949346,73,p29,v4,source1,data-videos\VIPL\VIPL\p26-30\p29\v4\source1\video.avi
71.10107916666666,74.92452499999999,77.429375,6.88817266829376,2.9980148724475435,1.843113881790812,73,p29,v4,source1,data-videos\VIPL\VIPL\p26-30\p29\v4\source1\video.avi
71.24539166666666,74.04267916666667,76.2683125,3.1916599853443994,2.044757779588452,1.6093547994956623,73,p29,v4,source1,data-videos\VIPL\VIPL\p26-30\p29\v4\source1\video.avi
62.28587083333334,68.06150833333334,71.539825,1.3592954877384509,1.109591762907647,0.9438435327639201,73,p29,v4,source1,data-videos\VIPL\VIPL\p26-30\p29\v4\source1\video.avi
56.34410416666667,64.6843375,70.1140875,2.0433510551841607,0.8315767710266531,0.6620253103377377,73,p29,v4,source1,data-videos\VIPL\VIPL\p26-30\p29\v4\source1\video.avi
73.35345000000001,69.53708333333333,69.37427083333334,1.2357520948236786,0.5223631383088658,0.6255634744694399,73,p29,v5,source1,data-videos\VIPL\VIPL\p26-30\p29\v5\source1\video.avi
88.868475,77.65114583333332,74.07374166666668,16.438177252785454,10.275931104237113,6.387155554892636,73,p29,v5,source1,data-videos\VIPL\VIPL\p26-30\p29\v5\source1\video.avi
126.95747083333333,100.42988333333332,86.16616666666667,5.436774562681135,5.061737109469629,4.472295605268372,73,p29,v5,source1,data-videos\VIPL\VIPL\p26-30\p29\v5\source1\video.avi
89.28427916666665,74.82577083333334,67.62700416666667,16.601070111140427,10.0227913327922,6.617724386312446,73,p29,v5,source1,data-videos\VIPL\VIPL\p26-30\p29\v5\source1\video.avi
71.1516125,64.58006666666667,62.92332916666666,0.9516085012690364,1.5075614748958928,1.5764460272415148,73,p29,v5,source1,data-videos\VIPL\VIPL\p26-30\p29\v5\source1\video.avi
72.86500833333334,68.17754166666667,67.03959166666667,0.28458787807498537,0.2662282496332372,0.32774137749273274,73,p29,v5,source1,data-videos\VIPL\VIPL\p26-30\p29\v5\source1\video.avi
73.6736375,66.82442083333332,63.501237499999995,2.912939998047029,1.5099899339942269,2.247220655749008,73,p29,v5,source1,data-videos\VIPL\VIPL\p26-30\p29\v5\source1\video.avi
85.30512083333333,70.411175,64.26171666666667,1.9873446328773423,1.156617824947425,0.7511122956387568,73,p29,v5,source1,data-videos\VIPL\VIPL\p26-30\p29\v5\source1\video.avi
78.33002916666668,66.48412499999999,62.1531375,1.0306738910645896,0.40407738167576773,0.3396801898170783,73,p29,v5,source1,data-videos\VIPL\VIPL\p26-30\p29\v5\source1\video.avi
77.78646666666667,68.03642916666666,63.977283333333325,1.764071410621131,1.4502883159000188,1.17946655378313,72,p29,v5,source1,data-videos\VIPL\VIPL\p26-30\p29\v5\source1\video.avi
84.43592500000001,75.40065,70.03808333333333,2.426400354964005,2.038151521020674,1.573260381043932,71,p29,v5,source1,data-videos\VIPL\VIPL\p26-30\p29\v5\source1\video.avi
83.62186249999999,74.81701666666667,70.34449166666667,1.7894479606152285,1.8810347790972957,1.3881220168935897,71,p29,v5,source1,data-videos\VIPL\VIPL\p26-30\p29\v5\source1\video.avi
75.50548333333334,67.05664583333333,63.68405833333333,0.8038029925074235,0.9059314765906833,1.2097897711367966,70,p29,v5,source1,data-videos\VIPL\VIPL\p26-30\p29\v5\source1\video.avi
72.84327083333332,64.88937916666667,61.523625,0.5415650345359678,0.3194793323823058,0.48331191583294436,70,p29,v5,source1,data-videos\VIPL\VIPL\p26-30\p29\v5\source1\video.avi
76.9446125,67.4829375,63.659120833333326,7.615153026484157,5.259811926377981,3.443289723107386,70,p29,v5,source1,data-videos\VIPL\VIPL\p26-30\p29\v5\source1\video.avi
99.5821666666667,84.57082083333333,77.3582375,2.6806074940815914,1.9696437339391701,1.769502842069002,70,p29,v5,source1,data-videos\VIPL\VIPL\p26-30\p29\v5\source1\video.avi
93.34506249999998,76.45851666666667,69.68079166666666,11.43780578146954,8.222148381539679,6.714456723131483,69,p29,v5,source1,data-videos\VIPL\VIPL\p26-30\p29\v5\source1\video.avi
82.65952916666667,71.46501666666666,65.59925416666665,1.9969550168979497,1.6509584520774945,1.513040803419557,68,p29,v5,source1,data-videos\VIPL\VIPL\p26-30\p29\v5\source1\video.avi
71.70014166666667,63.449745833333324,60.20775833333333,0.9179164235701003,0.8878839985387249,0.7065984944760587,68,p29,v5,source1,data-videos\VIPL\VIPL\p26-30\p29\v5\source1\video.avi
119.24827155172414,124.32588793103449,113.89394827586207,2.2996272409802376,2.15810360824795,2.420547587049821,70,p29,v6,source1,data-videos\VIPL\VIPL\p26-30\p29\v6\source1\video.avi
121.50575431034481,125.8661724137931,115.37198275862069,1.3147693541426746,0.7975060908373757,1.1564803748226264,70,p29,v6,source1,data-videos\VIPL\VIPL\p26-30\p29\v6\source1\video.avi
118.95982327586208,125.38580172413795,115.37288362068966,1.784304280252904,0.43833874001260575,0.7314994993935132,70,p29,v6,source1,data-videos\VIPL\VIPL\p26-30\p29\v6\source1\video.avi
117.10626293103446,123.6409396551724,113.90714224137929,0.8254953148194979,0.8971096163546266,1.4454127309285683,70,p29,v6,source1,data-videos\VIPL\VIPL\p26-30\p29\v6\source1\video.avi
115.4730905172414,121.37665948275863,111.8078577586207,2.287157563588969,0.5655260969002821,0.7086034971748171,69,p29,v6,source1,data-videos\VIPL\VIPL\p26-30\p29\v6\source1\video.avi
117.22611206896552,122.8970172413793,113.02518103448276,1.427053684567798,0.8324867896278443,2.010867357732818,69,p29,v6,source1,data-videos\VIPL\VIPL\p26-30\p29\v6\source1\video.avi
119.55059051724137,124.46483620689655,114.70370258620687,1.9099057500083563,1.864441934088348,1.5323883596149557,69,p29,v6,source1,data-videos\VIPL\VIPL\p26-30\p29\v6\source1\video.avi
117.83939224137931,125.04308620689655,116.13208620689656,1.3790856255789057,0.7273679608377935,1.2832046223050766,69,p29,v6,source1,data-videos\VIPL\VIPL\p26-30\p29\v6\source1\video.avi
119.02509051724137,125.1661551724138,116.15720258620689,0.6997497261262309,0.9710745149306824,1.3325433079439013,69,p29,v6,source1,data-videos\VIPL\VIPL\p26-30\p29\v6\source1\video.avi
119.51224137931032,126.86159051724137,118.29764224137931,1.0777402157186526,1.166735041167085,0.9860393625595998,69,p29,v6,source1,data-videos\VIPL\VIPL\p26-30\p29\v6\source1\video.avi
121.28232758620689,130.10205172413794,120.81629310344826,0.6407466413182212,0.3604680231991571,0.39181428647347666,69,p29,v6,source1,data-videos\VIPL\VIPL\p26-30\p29\v6\source1\video.avi
123.34937931034483,133.267375,123.74886206896554,0.5542408757817628,0.94102308061129,1.139505483283347,69,p29,v6,source1,data-videos\VIPL\VIPL\p26-30\p29\v6\source1\video.avi
123.78969396551723,133.3448879310345,123.78947844827586,0.7871448082816883,0.37974314439489826,0.9787917229525059,69,p29,v6,source1,data-videos\VIPL\VIPL\p26-30\p29\v6\source1\video.avi
124.29473275862068,134.90899137931035,125.59543103448277,0.5361536316265169,0.571465602648494,0.7231118557888953,68,p29,v6,source1,data-videos\VIPL\VIPL\p26-30\p29\v6\source1\video.avi
125.94125431034485,134.79282327586208,125.05296120689655,0.7593058424417859,0.4524226028187759,0.8228407871191062,67,p29,v6,source1,data-videos\VIPL\VIPL\p26-30\p29\v6\source1\video.avi
125.75230603448276,133.76269827586205,123.51174137931035,1.1059313576544172,0.7198177508619843,1.5934005554864195,68,p29,v6,source1,data-videos\VIPL\VIPL\p26-30\p29\v6\source1\video.avi
125.50529310344828,133.36298275862066,122.87043103448275,0.7867591057591559,0.13906716262607882,0.20425196496055853,67,p29,v6,source1,data-videos\VIPL\VIPL\p26-30\p29\v6\source1\video.avi
126.23159913793103,132.23361637931035,121.57770689655172,1.143712205391674,0.4490226429323262,0.6364572775286685,67,p29,v6,source1,data-videos\VIPL\VIPL\p26-30\p29\v6\source1\video.avi
125.64302155172415,132.4839094827586,122.29677586206897,1.3837888554884432,0.7693575914505484,1.1863514491132128,67,p29,v6,source1,data-videos\VIPL\VIPL\p26-30\p29\v6\source1\video.avi
124.59138793103448,131.70412068965518,121.82289655172413,0.7725762142819691,0.4714649638476305,0.7700298074457483,67,p29,v6,source1,data-videos\VIPL\VIPL\p26-30\p29\v6\source1\video.avi
123.70680172413793,131.6263103448276,122.18566379310344,0.2409741622174893,0.18648801088282296,0.5325696551733615,66,p29,v6,source1,data-videos\VIPL\VIPL\p26-30\p29\v6\source1\video.avi
122.45871551724139,131.10364655172415,121.63551724137932,1.0170765072774843,0.4368958688554383,0.4549910380613128,66,p29,v6,source1,data-videos\VIPL\VIPL\p26-30\p29\v6\source1\video.avi
122.86468534482759,131.64149137931034,122.43832758620691,0.8279185022981916,0.2614848467820114,0.2830277622063743,66,p29,v6,source1,data-videos\VIPL\VIPL\p26-30\p29\v6\source1\video.avi
57.519025,61.91589166666667,66.80029166666667,2.1919483552104326,1.2589191176114136,0.9492326794245445,90,p29,v7,source1,data-videos\VIPL\VIPL\p26-30\p29\v7\source1\video.avi
57.77001666666667,61.94118333333333,67.06354999999999,0.24110882937828462,0.16270794888985735,0.20051840132724302,90,p29,v7,source1,data-videos\VIPL\VIPL\p26-30\p29\v7\source1\video.avi
54.209179166666665,59.784662499999996,65.63114583333333,1.8534466732523704,1.3116060428731597,1.0800981215875456,90,p29,v7,source1,data-videos\VIPL\VIPL\p26-30\p29\v7\source1\video.avi
59.503949999999996,63.10088333333333,67.69581666666667,0.8242072427027143,0.6505854375579728,0.5243902714965997,91,p29,v7,source1,data-videos\VIPL\VIPL\p26-30\p29\v7\source1\video.avi
59.549508333333335,62.983425000000004,67.36319166666667,0.7999597328841687,0.5715577173270534,0.5032161743475646,91,p29,v7,source1,data-videos\VIPL\VIPL\p26-30\p29\v7\source1\video.avi
62.3724125,65.1439125,69.17434583333333,0.9279491231975255,0.7341621459140032,0.6716955655228455,91,p29,v7,source1,data-videos\VIPL\VIPL\p26-30\p29\v7\source1\video.avi
63.25314166666667,65.7523875,69.47636250000001,0.6128753064166297,0.5096970853891216,0.3633577841065652,91,p29,v7,source1,data-videos\VIPL\VIPL\p26-30\p29\v7\source1\video.avi
60.564204166666656,63.79881666666666,67.9454,0.5592570242443695,0.36558746469248354,0.23546739254382676,91,p29,v7,source1,data-videos\VIPL\VIPL\p26-30\p29\v7\source1\video.avi
59.38145833333333,62.85872500000001,67.35567499999999,1.4601774278010606,1.290771946934491,1.1020097297885394,91,p29,v7,source1,data-videos\VIPL\VIPL\p26-30\p29\v7\source1\video.avi
58.095458333333326,61.586974999999995,66.203275,0.2801144111489681,0.3544013493045544,0.5080160537161533,91,p29,v7,source1,data-videos\VIPL\VIPL\p26-30\p29\v7\source1\video.avi
87.19637916666666,89.98696249999999,91.92644583333335,9.63748112812859,8.676994345315999,7.41493785265829,90,p29,v7,source1,data-videos\VIPL\VIPL\p26-30\p29\v7\source1\video.avi
88.56554166666669,92.62114166666669,94.69784166666666,1.9023945104167779,1.4692014065423802,1.408577480538631,89,p29,v7,source1,data-videos\VIPL\VIPL\p26-30\p29\v7\source1\video.avi
83.18887916666667,88.02856249999999,90.78046250000001,1.3636017672901948,0.8381308243024082,0.47437027252072844,88,p29,v7,source1,data-videos\VIPL\VIPL\p26-30\p29\v7\source1\video.avi
81.99851666666666,86.44139999999999,89.8194,0.8416730183753733,0.7743413229606482,0.5660154233273552,88,p29,v7,source1,data-videos\VIPL\VIPL\p26-30\p29\v7\source1\video.avi
86.36025,89.59044583333332,92.38142916666668,2.726871677074146,2.0581940779310774,1.6532780541203926,88,p29,v7,source1,data-videos\VIPL\VIPL\p26-30\p29\v7\source1\video.avi
88.21686666666666,91.11805,93.8958625,2.3128816621833215,1.6819933242989138,1.3428680770374997,88,p29,v7,source1,data-videos\VIPL\VIPL\p26-30\p29\v7\source1\video.avi
77.61052083333333,82.1524875,86.49035000000002,2.8110602523225108,2.514996855552208,2.17451543170957,88,p29,v7,source1,data-videos\VIPL\VIPL\p26-30\p29\v7\source1\video.avi
81.0110625,84.54817916666667,88.06332916666668,1.1542611280538362,0.9680084057184963,0.8106916748900961,88,p29,v7,source1,data-videos\VIPL\VIPL\p26-30\p29\v7\source1\video.avi
83.24362083333334,86.42672083333333,89.60090416666668,0.3340125661412726,0.23365345993645725,0.29969202322504657,88,p29,v7,source1,data-videos\VIPL\VIPL\p26-30\p29\v7\source1\video.avi
168.09415,154.26030416666666,143.86630833333334,8.35188995939359,8.57322467884913,8.291385544233545,76,p30,v1,source1,data-videos\VIPL\VIPL\p26-30\p30\v1\source1\video.avi
168.07044166666665,152.513025,141.8704875,4.870429236808996,4.705717422599253,4.620427938589071,76,p30,v1,source1,data-videos\VIPL\VIPL\p26-30\p30\v1\source1\video.avi
175.5059666666667,159.31940416666666,148.16707916666667,0.5085936777991068,0.3883327940804567,0.38440941521631017,76,p30,v1,source1,data-videos\VIPL\VIPL\p26-30\p30\v1\source1\video.avi
178.07354166666667,162.74485833333333,151.50225,1.0983543964533162,1.5785385214213554,1.8316635997187687,75,p30,v1,source1,data-videos\VIPL\VIPL\p26-30\p30\v1\source1\video.avi
179.41131666666664,164.8894875,153.5513,0.36024122039960754,0.15718391154507821,0.43394575825915177,75,p30,v1,source1,data-videos\VIPL\VIPL\p26-30\p30\v1\source1\video.avi
179.73626249999998,165.07685,153.62411666666668,0.24778186867574603,0.17832918920418867,0.21107569263378678,75,p30,v1,source1,data-videos\VIPL\VIPL\p26-30\p30\v1\source1\video.avi
180.29440000000002,164.8396833333333,153.51916250000002,0.25567384632466056,0.16870599086625881,0.20583533121500122,74,p30,v1,source1,data-videos\VIPL\VIPL\p26-30\p30\v1\source1\video.avi
180.8150875,165.22650000000002,153.71253333333334,0.22231418520743318,0.2781469545017714,0.23633880003668054,73,p30,v1,source1,data-videos\VIPL\VIPL\p26-30\p30\v1\source1\video.avi
181.43947083333336,166.4257458333333,154.63216250000002,0.2359406630030794,0.3138615584094733,0.23855525303375538,73,p30,v1,source1,data-videos\VIPL\VIPL\p26-30\p30\v1\source1\video.avi
181.50060833333333,166.88566666666665,155.43952916666666,0.31579589663789726,0.234487073204475,0.6326781459706752,73,p30,v1,source1,data-videos\VIPL\VIPL\p26-30\p30\v1\source1\video.avi
181.1144625,166.716575,155.65483333333333,0.2241246275636722,0.24727184756300827,0.21208443025256343,73,p30,v1,source1,data-videos\VIPL\VIPL\p26-30\p30\v1\source1\video.avi
181.74337083333336,166.6595458333333,155.536675,0.30156817262943614,0.28992199753170866,0.26326441265811606,73,p30,v1,source1,data-videos\VIPL\VIPL\p26-30\p30\v1\source1\video.avi
182.16857083333335,167.19431250000002,155.81762916666668,0.2046426075028265,0.34418168601206944,0.35217607294387043,73,p30,v1,source1,data-videos\VIPL\VIPL\p26-30\p30\v1\source1\video.avi
182.1378291666667,168.09899583333333,156.61211666666665,0.2537323230022347,0.1457823270324634,0.22771256423333902,73,p30,v1,source1,data-videos\VIPL\VIPL\p26-30\p30\v1\source1\video.avi
182.19866666666664,168.09088750000004,156.77904166666667,0.23139565608018356,0.26994214612939976,0.32138486684797424,73,p30,v1,source1,data-videos\VIPL\VIPL\p26-30\p30\v1\source1\video.avi
182.39589166666664,167.53222083333333,156.3628125,0.11494674597274078,0.1992516853929828,0.18082630314675535,74,p30,v1,source1,data-videos\VIPL\VIPL\p26-30\p30\v1\source1\video.avi
182.4307458333333,167.4733625,156.16415833333338,0.20950658319675286,0.212873720636203,0.2760945781365295,74,p30,v1,source1,data-videos\VIPL\VIPL\p26-30\p30\v1\source1\video.avi
182.49106666666665,168.09376666666668,156.59120416666667,0.16958105362922704,0.27609750485562046,0.30625316477956654,74,p30,v1,source1,data-videos\VIPL\VIPL\p26-30\p30\v1\source1\video.avi
183.24256250000002,170.07275416666667,159.11652916666665,1.8743053347433083,1.6104726011954964,1.3561819810516453,73,p30,v1,source1,data-videos\VIPL\VIPL\p26-30\p30\v1\source1\video.avi
142.58624166666667,138.96255833333333,134.44091666666668,14.925935730365914,14.286239488634926,13.988019276988533,74,p30,v2,source1,data-videos\VIPL\VIPL\p26-30\p30\v2\source1\video.avi
128.1713791666667,124.05446250000001,120.581725,15.171558287067352,12.750954546331194,10.118383192088766,74,p30,v2,source1,data-videos\VIPL\VIPL\p26-30\p30\v2\source1\video.avi
107.64137916666667,106.2224375,104.36237499999999,40.03862817521376,38.76137460737332,37.99346692692843,74,p30,v2,source1,data-videos\VIPL\VIPL\p26-30\p30\v2\source1\video.avi
141.53857083333332,139.65397083333335,136.56085416666664,31.769856859290794,31.15496755244425,30.5368789708791,74,p30,v2,source1,data-videos\VIPL\VIPL\p26-30\p30\v2\source1\video.avi
106.35796666666666,104.56245833333334,102.93947500000002,16.576547847906195,14.86488849964139,12.827000547059736,74,p30,v2,source1,data-videos\VIPL\VIPL\p26-30\p30\v2\source1\video.avi
98.37840833333331,98.3721,99.37157916666665,25.866591005942016,23.259029480928206,21.87856548356509,74,p30,v2,source1,data-videos\VIPL\VIPL\p26-30\p30\v2\source1\video.avi
140.37890833333333,135.28863333333334,132.01789166666666,14.905617412739575,14.560298955303509,14.657662572335484,74,p30,v2,source1,data-videos\VIPL\VIPL\p26-30\p30\v2\source1\video.avi
121.75365416666668,117.28365833333335,115.15729999999999,6.041791091600949,4.947856281501701,4.420093432812441,74,p30,v2,source1,data-videos\VIPL\VIPL\p26-30\p30\v2\source1\video.avi
128.95497916666665,125.81584166666667,123.2662833333333,11.912733116998815,12.024329099582623,11.710059190850796,75,p30,v2,source1,data-videos\VIPL\VIPL\p26-30\p30\v2\source1\video.avi
128.218175,126.61326666666668,124.90980416666667,8.230748639613953,6.934268027183006,6.189110842529087,75,p30,v2,source1,data-videos\VIPL\VIPL\p26-30\p30\v2\source1\video.avi
94.20291666666667,101.617175,106.79297499999998,14.425124739946648,10.349756307824556,8.809290667685893,75,p30,v2,source1,data-videos\VIPL\VIPL\p26-30\p30\v2\source1\video.avi
89.59625416666665,103.2358875,112.3515375,1.5528798385423734,0.9898532167595184,1.9008266746650149,75,p30,v2,source1,data-videos\VIPL\VIPL\p26-30\p30\v2\source1\video.avi
89.47363333333332,98.1279625,103.29036250000001,12.434515382341225,15.413528292978137,19.098125699378745,76,p30,v2,source1,data-videos\VIPL\VIPL\p26-30\p30\v2\source1\video.avi
93.05486250000001,96.69200833333332,97.092775,6.7625437084436735,9.432058234205167,11.465745521454025,76,p30,v2,source1,data-videos\VIPL\VIPL\p26-30\p30\v2\source1\video.avi
100.63563333333333,106.63436666666666,111.26759166666666,9.30510637602824,6.899873857663389,6.2103564604400265,77,p30,v2,source1,data-videos\VIPL\VIPL\p26-30\p30\v2\source1\video.avi
72.13628333333334,78.51276666666666,84.31779999999999,3.4901493270743837,5.72898454241432,7.361803992540371,77,p30,v2,source1,data-videos\VIPL\VIPL\p26-30\p30\v2\source1\video.avi
73.73457499999999,80.53360833333335,87.23794166666667,2.0479294209334946,1.5422169493360667,1.8287071288929477,77,p30,v2,source1,data-videos\VIPL\VIPL\p26-30\p30\v2\source1\video.avi
79.87383333333334,86.01411666666667,92.32158333333332,3.7594905974191954,2.730602246020505,2.1610329786290214,78,p30,v2,source1,data-videos\VIPL\VIPL\p26-30\p30\v2\source1\video.avi
84.04570416666665,90.2086875,96.44632083333335,3.0422354405827146,3.00324169287099,2.9688942575652923,78,p30,v2,source1,data-videos\VIPL\VIPL\p26-30\p30\v2\source1\video.avi
86.34825833333335,93.22845833333335,99.62205833333333,1.5425609285643582,1.0577468191081139,0.952697579609837,78,p30,v2,source1,data-videos\VIPL\VIPL\p26-30\p30\v2\source1\video.avi
174.98214166666668,162.2956625,153.72391666666667,1.227492051725229,1.6212926298366064,2.099429118418599,77,p30,v3,source1,data-videos\VIPL\VIPL\p26-30\p30\v3\source1\video.avi
160.35017083333335,147.71447916666665,140.39782083333333,7.570469081363123,6.945415920146139,6.3596970132040855,77,p30,v3,source1,data-videos\VIPL\VIPL\p26-30\p30\v3\source1\video.avi
153.38044166666666,142.13000416666668,135.90920833333334,0.4773228895287306,0.4503356170140094,0.43963239753830535,77,p30,v3,source1,data-videos\VIPL\VIPL\p26-30\p30\v3\source1\video.avi
155.721875,143.80417916666664,136.7886875,1.3110698676716923,1.2269807230442649,1.2945327509965827,77,p30,v3,source1,data-videos\VIPL\VIPL\p26-30\p30\v3\source1\video.avi
158.16568333333333,146.48510833333333,139.27581666666666,0.7648622187107355,0.6597583143870037,0.7099819427965934,78,p30,v3,source1,data-videos\VIPL\VIPL\p26-30\p30\v3\source1\video.avi
158.50897083333334,146.66958333333332,139.41958333333335,0.9845543272811609,0.9171359385942249,0.8680171599286236,78,p30,v3,source1,data-videos\VIPL\VIPL\p26-30\p30\v3\source1\video.avi
160.3820875,147.773575,140.11439166666668,0.4464174235417633,0.6498236637948621,0.9940040689715235,79,p30,v3,source1,data-videos\VIPL\VIPL\p26-30\p30\v3\source1\video.avi
161.82879583333334,148.35591666666664,140.3469458333333,1.0816365048921355,1.0607799029978668,1.1685190561044214,79,p30,v3,source1,data-videos\VIPL\VIPL\p26-30\p30\v3\source1\video.avi
162.35874166666667,150.11474166666667,142.65449583333333,1.1628982027526236,0.8318344103337382,0.9924237387962821,79,p30,v3,source1,data-videos\VIPL\VIPL\p26-30\p30\v3\source1\video.avi
163.32001666666665,150.65067499999998,142.87761666666668,0.5492956519615712,0.5420595555251396,0.5352240131023551,79,p30,v3,source1,data-videos\VIPL\VIPL\p26-30\p30\v3\source1\video.avi
163.00738333333334,150.2777375,142.49820416666665,0.4651859650167998,0.3582952662919539,0.36730772237548476,79,p30,v3,source1,data-videos\VIPL\VIPL\p26-30\p30\v3\source1\video.avi
161.8364875,149.11425416666665,141.38874583333333,0.6979167428606925,0.7433667106902874,0.6575630049290999,80,p30,v3,source1,data-videos\VIPL\VIPL\p26-30\p30\v3\source1\video.avi
161.7102375,148.8024458333333,141.23962916666667,0.6634482577633078,0.6735684279919165,0.6726007740738345,80,p30,v3,source1,data-videos\VIPL\VIPL\p26-30\p30\v3\source1\video.avi
162.31779166666666,149.77040833333334,142.49469166666665,0.8626930535755507,1.1357476443894179,1.5454577813349955,80,p30,v3,source1,data-videos\VIPL\VIPL\p26-30\p30\v3\source1\video.avi
162.51578333333333,150.826775,144.26441666666665,1.1994628514666958,1.0667428612434626,1.08211981952991,80,p30,v3,source1,data-videos\VIPL\VIPL\p26-30\p30\v3\source1\video.avi
159.76880416666665,148.347625,141.33455833333335,0.8542001101786193,0.7590503592757638,0.747119464454425,81,p30,v3,source1,data-videos\VIPL\VIPL\p26-30\p30\v3\source1\video.avi
162.45029583333334,150.56740000000002,143.34040833333336,0.5144196093117367,0.46606545673894345,0.5140199977532743,81,p30,v3,source1,data-videos\VIPL\VIPL\p26-30\p30\v3\source1\video.avi
162.30294166666667,150.34606250000002,143.0320583333333,0.3156039765825554,0.30676697012281595,0.34688249025947004,81,p30,v3,source1,data-videos\VIPL\VIPL\p26-30\p30\v3\source1\video.avi
163.58818333333332,151.58607083333334,144.15210833333333,0.5992204905124644,0.6358011756830921,0.5749140932807081,81,p30,v3,source1,data-videos\VIPL\VIPL\p26-30\p30\v3\source1\video.avi
132.68795,138.4599875,138.82229999999998,0.44010775069546626,0.28367189380221086,0.37414217616584006,94,p30,v4,source1,data-videos\VIPL\VIPL\p26-30\p30\v4\source1\video.avi
133.2903,138.02245416666668,137.59799583333333,1.0078085416890386,0.32636462051030546,0.32038995646147983,94,p30,v4,source1,data-videos\VIPL\VIPL\p26-30\p30\v4\source1\video.avi
131.12845833333333,137.79526666666663,138.30144583333333,1.4865636732705059,0.9654639802281894,0.9349655455995878,92,p30,v4,source1,data-videos\VIPL\VIPL\p26-30\p30\v4\source1\video.avi
133.96965,136.10009166666666,134.26928750000002,1.8843216469966828,0.29192489955323886,0.9012366815358945,92,p30,v4,source1,data-videos\VIPL\VIPL\p26-30\p30\v4\source1\video.avi
136.94127500000002,136.40472916666667,133.58509583333336,0.3344198493805676,0.3018214468255839,0.3229646723994047,91,p30,v4,source1,data-videos\VIPL\VIPL\p26-30\p30\v4\source1\video.avi
138.7030375,138.71197083333334,136.0036625,0.6404284465951929,1.2287236952225624,1.474515766406701,89,p30,v4,source1,data-videos\VIPL\VIPL\p26-30\p30\v4\source1\video.avi
138.10171250000002,139.37324583333333,137.07019166666666,0.7904433355630969,0.26204256221027006,0.1983072367284866,86,p30,v4,source1,data-videos\VIPL\VIPL\p26-30\p30\v4\source1\video.avi
135.97528333333332,138.61625,137.22300416666664,0.44225899011809267,0.2650489554492194,0.43013297834797626,86,p30,v4,source1,data-videos\VIPL\VIPL\p26-30\p30\v4\source1\video.avi
134.3286375,137.20248333333336,136.60533750000002,0.5506387696285605,0.8710656182826664,0.8780742735842771,86,p30,v4,source1,data-videos\VIPL\VIPL\p26-30\p30\v4\source1\video.avi
132.5804,135.27807916666666,134.76125416666665,0.71751224140254,0.45071763194931563,0.37210122493378534,86,p30,v4,source1,data-videos\VIPL\VIPL\p26-30\p30\v4\source1\video.avi
131.44984583333334,134.6006875,134.057825,0.23159986506904448,0.1985282961569966,0.25358221792941393,83,p30,v4,source1,data-videos\VIPL\VIPL\p26-30\p30\v4\source1\video.avi
131.9075625,134.62722916666667,133.640925,0.49937732842594196,0.4186864307055405,1.1505541242429684,83,p30,v4,source1,data-videos\VIPL\VIPL\p26-30\p30\v4\source1\video.avi
133.69989583333333,134.23864166666667,131.4425375,1.0138165523092013,0.18898523209867107,0.4257365165135073,83,p30,v4,source1,data-videos\VIPL\VIPL\p26-30\p30\v4\source1\video.avi
134.52980416666665,134.15057916666666,131.7006,0.5282880281902717,0.22991127908391037,0.6176212777890472,81,p30,v4,source1,data-videos\VIPL\VIPL\p26-30\p30\v4\source1\video.avi
132.7832666666667,133.35924583333335,131.558475,0.23868252005947968,0.38656806986465964,0.3997567803087015,79,p30,v4,source1,data-videos\VIPL\VIPL\p26-30\p30\v4\source1\video.avi
131.768475,132.31774583333333,130.52155,0.5654860962653684,0.5158321165508006,0.5423942871913177,78,p30,v4,source1,data-videos\VIPL\VIPL\p26-30\p30\v4\source1\video.avi
131.58150833333332,132.4589875,130.51540416666666,0.4033226928262411,0.4552231142909185,0.48740298653651987,78,p30,v4,source1,data-videos\VIPL\VIPL\p26-30\p30\v4\source1\video.avi
131.9323625,133.0559375,131.01587916666665,0.2234788641199294,0.20516686975348777,0.1960263168804693,78,p30,v4,source1,data-videos\VIPL\VIPL\p26-30\p30\v4\source1\video.avi
131.36859166666667,132.888075,131.18212083333333,0.5080594054627539,0.21298272401574742,0.46530344870310136,78,p30,v4,source1,data-videos\VIPL\VIPL\p26-30\p30\v4\source1\video.avi
128.87095833333333,131.4199583333333,130.60405833333334,0.5040159382124959,0.3328036194694161,0.6355570415162053,78,p30,v4,source1,data-videos\VIPL\VIPL\p26-30\p30\v4\source1\video.avi
129.51955416666667,130.71932083333334,129.062075,1.0743991212792177,1.1330555347034943,1.65354612728809,76,p30,v4,source1,data-videos\VIPL\VIPL\p26-30\p30\v4\source1\video.avi
142.9637541666667,139.06553333333332,134.92282083333333,2.3349027377360914,1.4506682321338087,1.2818420620260413,76,p30,v4,source1,data-videos\VIPL\VIPL\p26-30\p30\v4\source1\video.avi
141.55153750000002,141.08932083333332,138.5741833333333,1.4323395380727215,1.0784930519595382,2.255631548180208,76,p30,v4,source1,data-videos\VIPL\VIPL\p26-30\p30\v4\source1\video.avi
139.45689583333333,141.79580833333333,140.36137083333332,1.637500722540129,0.2689053931889628,1.4765658848226928,77,p30,v4,source1,data-videos\VIPL\VIPL\p26-30\p30\v4\source1\video.avi
142.79346666666666,141.99868333333333,138.63035833333333,15.43019124041336,13.38658639580536,12.685898728389112,77,p30,v4,source1,data-videos\VIPL\VIPL\p26-30\p30\v4\source1\video.avi
132.24892083333333,111.73747916666667,99.77184583333333,2.086910473950602,1.8529676493061078,1.3484879590211403,77,p30,v5,source1,data-videos\VIPL\VIPL\p26-30\p30\v5\source1\video.avi
130.7645,110.69590416666668,98.67253333333333,1.3813421515891517,1.2855212719862577,0.7561499673969739,77,p30,v5,source1,data-videos\VIPL\VIPL\p26-30\p30\v5\source1\video.avi
133.8189875,113.806475,101.96491666666668,0.32914348879368716,0.34087127651472443,0.5878630401658669,76,p30,v5,source1,data-videos\VIPL\VIPL\p26-30\p30\v5\source1\video.avi
133.00890833333335,112.85539999999999,101.05580833333333,0.5774553667817123,0.6316805686959623,0.43642457236172083,76,p30,v5,source1,data-videos\VIPL\VIPL\p26-30\p30\v5\source1\video.avi
131.73541250000002,111.57464999999998,99.31717083333335,0.6415597222026781,0.7402625331268544,0.7650856068658806,76,p30,v5,source1,data-videos\VIPL\VIPL\p26-30\p30\v5\source1\video.avi
132.3369375,111.32469583333334,97.35546249999999,0.5431345487269543,0.7413362571135393,0.9620222565606549,76,p30,v5,source1,data-videos\VIPL\VIPL\p26-30\p30\v5\source1\video.avi
132.31971666666666,109.46213333333331,93.26699583333335,0.7884914628007861,0.8163051326241972,0.9818664003796256,76,p30,v5,source1,data-videos\VIPL\VIPL\p26-30\p30\v5\source1\video.avi
131.62757916666666,111.11894583333333,97.74897499999999,0.39056281647272906,0.6707028388346303,1.2737002871936636,76,p30,v5,source1,data-videos\VIPL\VIPL\p26-30\p30\v5\source1\video.avi
132.38510833333333,111.92456666666665,98.83752083333334,0.5040125302261845,0.4318645044953985,0.3454580556727066,76,p30,v5,source1,data-videos\VIPL\VIPL\p26-30\p30\v5\source1\video.avi
131.87725416666666,111.67409583333333,98.70276666666666,0.47452090411013725,0.4623433459547265,0.553341127015896,76,p30,v5,source1,data-videos\VIPL\VIPL\p26-30\p30\v5\source1\video.avi
131.8728041666667,110.15080833333333,94.92452916666667,0.4045107426296325,0.8494515915103356,2.0903478493256933,73,p30,v5,source1,data-videos\VIPL\VIPL\p26-30\p30\v5\source1\video.avi
131.45318333333336,109.23277083333332,93.0215625,1.2070448158910407,1.0335623171188344,0.9736806159312585,72,p30,v5,source1,data-videos\VIPL\VIPL\p26-30\p30\v5\source1\video.avi
132.19511250000002,109.83947916666668,93.9504625,0.751265047640016,0.6320604471521443,0.5721411380422464,72,p30,v5,source1,data-videos\VIPL\VIPL\p26-30\p30\v5\source1\video.avi
137.413925,114.61080416666668,97.55516666666666,2.746196727142226,2.3994603396302123,1.7384356982883589,72,p30,v5,source1,data-videos\VIPL\VIPL\p26-30\p30\v5\source1\video.avi
135.76501666666667,113.54137916666667,96.72236250000002,0.9981092384130897,0.8844300386681887,0.7751157136509432,72,p30,v5,source1,data-videos\VIPL\VIPL\p26-30\p30\v5\source1\video.avi
133.97717500000002,112.43799583333333,96.26711666666668,0.3988930008734584,0.34476095064591794,0.4468682659943285,72,p30,v5,source1,data-videos\VIPL\VIPL\p26-30\p30\v5\source1\video.avi
131.08522083333332,109.64109583333335,93.84530833333334,1.6439998899934933,1.4608148661007105,1.2264708291928956,72,p30,v5,source1,data-videos\VIPL\VIPL\p26-30\p30\v5\source1\video.avi
132.49269166666667,111.32512916666667,95.29754583333334,0.4755304117144128,0.377680896548998,0.4228103212763118,72,p30,v5,source1,data-videos\VIPL\VIPL\p26-30\p30\v5\source1\video.avi
133.1362208333333,112.71540416666667,99.53187916666667,0.454603168983675,0.521861990290271,1.1371709381637256,74,p30,v5,source1,data-videos\VIPL\VIPL\p26-30\p30\v5\source1\video.avi
132.74558750000003,112.7020625,100.12005833333335,0.8973744732319585,0.7519507864501888,0.9240460387159659,74,p30,v5,source1,data-videos\VIPL\VIPL\p26-30\p30\v5\source1\video.avi
120.89590416666665,102.38264583333331,91.29511666666667,13.562691064377418,11.35632439302515,8.410353492420235,75,p30,v5,source1,data-videos\VIPL\VIPL\p26-30\p30\v5\source1\video.avi
130.96030416666667,128.34311666666667,120.50058749999998,0.3457642588146023,0.30351979719890954,0.2958670240205514,76,p30,v6,source1,data-videos\VIPL\VIPL\p26-30\p30\v6\source1\video.avi
131.27098333333333,128.55393333333333,120.65339583333332,0.3060559590490668,0.29881952393032146,0.26550762766297764,75,p30,v6,source1,data-videos\VIPL\VIPL\p26-30\p30\v6\source1\video.avi
129.29058750000002,126.74663750000002,118.65704166666669,3.106325472182841,2.7830241559692466,2.926872365914537,74,p30,v6,source1,data-videos\VIPL\VIPL\p26-30\p30\v6\source1\video.avi
149.8047625,143.76009583333334,136.09040833333333,4.713790409230426,4.171768824067116,4.397135352980454,74,p30,v6,source1,data-videos\VIPL\VIPL\p26-30\p30\v6\source1\video.avi
152.13264999999998,146.11160833333332,138.69289999999998,0.48567459981938577,0.4756765166654175,0.45362828341483463,74,p30,v6,source1,data-videos\VIPL\VIPL\p26-30\p30\v6\source1\video.avi
152.4687,146.39296666666667,138.88446666666667,0.13984759536922892,0.14737259716729284,0.15656241910620894,74,p30,v6,source1,data-videos\VIPL\VIPL\p26-30\p30\v6\source1\video.avi
152.27880833333336,146.13975833333333,138.71501666666666,0.3241102726225213,0.29060080054565723,0.2516898697223108,74,p30,v6,source1,data-videos\VIPL\VIPL\p26-30\p30\v6\source1\video.avi
152.00890833333332,146.07945416666666,138.67045000000002,0.4086421771227363,0.345078107704135,0.3606545117425792,74,p30,v6,source1,data-videos\VIPL\VIPL\p26-30\p30\v6\source1\video.avi
151.55705,145.6259375,138.18291250000001,0.12119860279493515,0.18806439361514873,0.17018071093693266,74,p30,v6,source1,data-videos\VIPL\VIPL\p26-30\p30\v6\source1\video.avi
151.35201666666666,145.52859583333333,138.06388333333334,0.23908225840643596,0.17888051790930123,0.22686937649902464,74,p30,v6,source1,data-videos\VIPL\VIPL\p26-30\p30\v6\source1\video.avi
151.4875416666667,145.71744583333333,138.2179625,0.3451715279112029,0.3118875820218608,0.3332960501024399,73,p30,v6,source1,data-videos\VIPL\VIPL\p26-30\p30\v6\source1\video.avi
151.05399583333335,145.41097916666666,137.78560000000002,0.29831406461284105,0.2137074458128069,0.26153797306350357,73,p30,v6,source1,data-videos\VIPL\VIPL\p26-30\p30\v6\source1\video.avi
150.832375,145.01160416666667,137.53852916666668,0.13064189151816866,0.1466836963361427,0.15651579149118372,73,p30,v6,source1,data-videos\VIPL\VIPL\p26-30\p30\v6\source1\video.avi
151.08964166666664,145.19845833333335,137.75682916666665,0.2864345006449523,0.2640055157120573,0.2486477020946393,73,p30,v6,source1,data-videos\VIPL\VIPL\p26-30\p30\v6\source1\video.avi
150.91580416666667,145.30992083333334,137.780925,0.17395109645625584,0.12389755961187468,0.15128609624372572,73,p30,v6,source1,data-videos\VIPL\VIPL\p26-30\p30\v6\source1\video.avi
150.80029166666668,145.32969166666666,137.83024583333335,0.3484396007659673,0.2942773819035355,0.316045804301635,73,p30,v6,source1,data-videos\VIPL\VIPL\p26-30\p30\v6\source1\video.avi
150.65691666666666,145.09598333333332,137.70157083333336,0.18059325461132655,0.15230792514672575,0.19460282495166176,73,p30,v6,source1,data-videos\VIPL\VIPL\p26-30\p30\v6\source1\video.avi
151.15803749999998,145.41284166666665,137.95446666666666,0.2769162116306837,0.29647676728820993,0.31102632011705367,73,p30,v6,source1,data-videos\VIPL\VIPL\p26-30\p30\v6\source1\video.avi
148.33197083333334,142.76467916666667,135.36430833333333,2.8118692040949393,2.622115530603739,2.6408628199744886,73,p30,v6,source1,data-videos\VIPL\VIPL\p26-30\p30\v6\source1\video.avi
153.93785,146.8497166666667,139.3119291666667,0.6097890686369865,0.5922579876108774,0.5095019619551151,73,p30,v6,source1,data-videos\VIPL\VIPL\p26-30\p30\v6\source1\video.avi
154.27247083333336,147.5894875,140.11820416666666,0.18246390558211376,0.32639801335945456,0.32856206774536423,73,p30,v6,source1,data-videos\VIPL\VIPL\p26-30\p30\v6\source1\video.avi
153.414625,147.41385833333334,140.04739583333333,1.1021181858855804,0.9910248091201669,1.0760987146058607,73,p30,v6,source1,data-videos\VIPL\VIPL\p26-30\p30\v6\source1\video.avi
158.84778333333333,151.27811666666668,144.059375,2.924748712128484,2.159489736644658,2.1498327789459717,73,p30,v6,source1,data-videos\VIPL\VIPL\p26-30\p30\v6\source1\video.avi
164.49667916666667,156.04832499999998,148.74647083333332,0.5071340834300007,0.602629252877433,0.5455864560332708,73,p30,v6,source1,data-videos\VIPL\VIPL\p26-30\p30\v6\source1\video.avi
161.86104583333335,155.2034625,146.01804166666668,0.7553670807176784,0.6287305782288654,0.7510109974089382,86,p30,v7,source1,data-videos\VIPL\VIPL\p26-30\p30\v7\source1\video.avi
161.78112916666666,154.33205416666667,144.92391666666666,0.49930940648337313,0.5381404546109572,0.7222623864366108,86,p30,v7,source1,data-videos\VIPL\VIPL\p26-30\p30\v7\source1\video.avi
163.44888749999998,155.69605833333333,146.383925,1.1180890892779987,0.8598985413746967,0.7407404057531083,84,p30,v7,source1,data-videos\VIPL\VIPL\p26-30\p30\v7\source1\video.avi
164.55435416666668,156.16397500000002,146.26110416666666,0.42759122544363404,0.28370055045133236,0.48858080955485506,84,p30,v7,source1,data-videos\VIPL\VIPL\p26-30\p30\v7\source1\video.avi
163.88720416666666,155.83282083333336,145.621,0.68812148909186,0.5141948380991159,0.4788760250793868,84,p30,v7,source1,data-videos\VIPL\VIPL\p26-30\p30\v7\source1\video.avi
162.81294166666666,155.50573333333332,145.85495,0.40050775854255233,0.34371205659275555,0.5635433357338206,84,p30,v7,source1,data-videos\VIPL\VIPL\p26-30\p30\v7\source1\video.avi
162.6738875,155.64655416666668,145.95398333333333,0.6776941896515689,0.5244079672129219,0.44529154217739303,84,p30,v7,source1,data-videos\VIPL\VIPL\p26-30\p30\v7\source1\video.avi
159.2565625,153.26299583333335,143.34189583333333,2.151781740726095,1.8515461496652674,2.1276092746776665,84,p30,v7,source1,data-videos\VIPL\VIPL\p26-30\p30\v7\source1\video.avi
159.13567500000002,151.45834583333334,140.74894166666664,2.419797007118514,1.2285144036740967,1.6119959805746673,84,p30,v7,source1,data-videos\VIPL\VIPL\p26-30\p30\v7\source1\video.avi
161.07667083333334,151.6936125,141.45343333333335,1.6319414018683238,1.9039703960025647,2.214736131542789,82,p30,v7,source1,data-videos\VIPL\VIPL\p26-30\p30\v7\source1\video.avi
151.08755833333333,141.029825,129.5634625,2.8350594426699782,2.8943467076942024,2.8491950531270915,82,p30,v7,source1,data-videos\VIPL\VIPL\p26-30\p30\v7\source1\video.avi
153.54002083333333,143.30400833333334,131.61802083333333,1.4344661197153172,1.609256584942425,1.5574638006873187,82,p30,v7,source1,data-videos\VIPL\VIPL\p26-30\p30\v7\source1\video.avi
157.38355,147.553125,135.6393875,0.34715956535783987,0.3996435108492162,0.46710787301727275,94,p30,v7,source1,data-videos\VIPL\VIPL\p26-30\p30\v7\source1\video.avi
156.53223750000004,146.93349999999998,135.3011125,0.2764343906361668,0.4481980046685708,0.3805627021176071,109,p30,v7,source1,data-videos\VIPL\VIPL\p26-30\p30\v7\source1\video.avi
158.55294583333333,149.61712083333333,138.83718333333334,0.9964971534531791,1.548515681785662,2.03782100497893,106,p30,v7,source1,data-videos\VIPL\VIPL\p26-30\p30\v7\source1\video.avi
158.60553333333334,151.23962083333333,141.272275,0.3263080305989012,0.23166202947997197,0.24776964947585534,104,p30,v7,source1,data-videos\VIPL\VIPL\p26-30\p30\v7\source1\video.avi
160.72502916666667,152.40334166666668,141.31735,0.9700075478121287,0.561039611117662,0.348930618401901,104,p30,v7,source1,data-videos\VIPL\VIPL\p26-30\p30\v7\source1\video.avi
161.3277875,153.2569375,142.23733750000002,0.5570243652410757,0.3459732472998749,0.317008351953593,102,p30,v7,source1,data-videos\VIPL\VIPL\p26-30\p30\v7\source1\video.avi
159.57506666666666,151.86435,141.70405833333334,0.3676187436658333,0.43228374217636334,0.3962219238213153,101,p30,v7,source1,data-videos\VIPL\VIPL\p26-30\p30\v7\source1\video.avi
144.90965833333334,132.00435833333336,125.12092499999999,0.4642786131836379,0.484987820830758,0.5529301707406437,80,p56,v1,source1,data-videos\VIPL\VIPL\p56-60\p56\v1\source1\video.avi
145.9446458333333,133.61522916666667,126.56351250000002,0.36272674302312935,0.322093627207216,0.3560193045932423,80,p56,v1,source1,data-videos\VIPL\VIPL\p56-60\p56\v1\source1\video.avi
145.269775,133.20619166666665,126.11339166666669,0.7256915258527187,0.6555609544504629,0.6924268250548616,80,p56,v1,source1,data-videos\VIPL\VIPL\p56-60\p56\v1\source1\video.avi
142.58900416666668,130.48112083333334,123.46502083333333,0.5571973090524409,0.6803313124408595,0.63938475948346,80,p56,v1,source1,data-videos\VIPL\VIPL\p56-60\p56\v1\source1\video.avi
142.16705,129.41995,122.61868333333332,0.649587485100051,0.6364323495241523,0.6157165244148475,80,p56,v1,source1,data-videos\VIPL\VIPL\p56-60\p56\v1\source1\video.avi
141.60885833333333,128.48752499999998,121.699375,0.43968004117893567,0.44052949248602896,0.5913794050306838,79,p56,v1,source1,data-videos\VIPL\VIPL\p56-60\p56\v1\source1\video.avi
144.311975,129.88215833333334,122.37639166666666,0.8104454672902992,0.8222219813180025,0.7769759286141578,79,p56,v1,source1,data-videos\VIPL\VIPL\p56-60\p56\v1\source1\video.avi
143.69925416666666,129.87520416666666,122.1903375,0.31792607931675426,0.183310878075563,0.22422556591459877,79,p56,v1,source1,data-videos\VIPL\VIPL\p56-60\p56\v1\source1\video.avi
142.72757083333335,129.41555416666665,121.78980416666666,0.412452809506062,0.4714925811688049,0.5671550945900445,78,p56,v1,source1,data-videos\VIPL\VIPL\p56-60\p56\v1\source1\video.avi
142.117075,128.95545833333333,121.46365833333336,1.198817661498542,1.0295972728551834,0.9902583887516717,77,p56,v1,source1,data-videos\VIPL\VIPL\p56-60\p56\v1\source1\video.avi
138.65744999999998,125.70275,118.51918333333333,0.38365977735090295,0.3772434340143569,0.38349541940079196,76,p56,v1,source1,data-videos\VIPL\VIPL\p56-60\p56\v1\source1\video.avi
140.21624999999997,126.92845,119.54928333333334,0.3827557696059801,0.29715296098511673,0.36689801451569065,76,p56,v1,source1,data-videos\VIPL\VIPL\p56-60\p56\v1\source1\video.avi
138.58644583333333,125.86389583333333,118.62984583333335,0.7022519866175745,0.42923914638772936,0.4132711133444978,76,p56,v1,source1,data-videos\VIPL\VIPL\p56-60\p56\v1\source1\video.avi
139.05279166666668,126.02555833333334,118.714325,0.5076955989375426,0.533320257717318,0.5251521696798415,74,p56,v1,source1,data-videos\VIPL\VIPL\p56-60\p56\v1\source1\video.avi
138.10038333333333,124.45491666666666,117.55134999999999,0.850990910216338,1.116621511447091,0.8559921162141817,72,p56,v1,source1,data-videos\VIPL\VIPL\p56-60\p56\v1\source1\video.avi
137.41025416666668,123.55887083333332,116.9933375,0.3935388775708453,0.29849816599799534,0.3241414400531381,71,p56,v1,source1,data-videos\VIPL\VIPL\p56-60\p56\v1\source1\video.avi
138.30054166666667,124.27499166666666,117.21584166666666,0.31824067423274044,0.361276214831224,0.5553650262940173,70,p56,v1,source1,data-videos\VIPL\VIPL\p56-60\p56\v1\source1\video.avi
136.95442500000001,123.07389166666668,115.90429166666665,0.40723798785231385,0.3576079029079512,0.4237316039926947,69,p56,v1,source1,data-videos\VIPL\VIPL\p56-60\p56\v1\source1\video.avi
137.0391875,123.3004375,116.14652083333334,0.4443640245167488,0.30639815718957236,0.29634403834479367,69,p56,v1,source1,data-videos\VIPL\VIPL\p56-60\p56\v1\source1\video.avi
137.3321125,124.01064583333333,117.14089583333335,0.42628613861955383,0.3300199765102609,0.6400323430683884,69,p56,v1,source1,data-videos\VIPL\VIPL\p56-60\p56\v1\source1\video.avi
134.65427083333333,124.1594125,120.0459125,1.5070439879436883,0.9452392668511075,0.8038609842590254,78,p56,v2,source1,data-videos\VIPL\VIPL\p56-60\p56\v2\source1\video.avi
133.34544166666666,122.60247500000001,117.60702500000001,0.424678173983941,0.2949645330609929,0.3478252425787996,78,p56,v2,source1,data-videos\VIPL\VIPL\p56-60\p56\v2\source1\video.avi
133.67190416666665,122.96892083333333,117.98163749999999,0.6100158080260438,0.4663317221350529,0.5375461135903693,80,p56,v2,source1,data-videos\VIPL\VIPL\p56-60\p56\v2\source1\video.avi
140.53350416666666,127.85588750000001,122.63307083333333,6.461843313527216,4.593492001836675,3.2722684123714814,81,p56,v2,source1,data-videos\VIPL\VIPL\p56-60\p56\v2\source1\video.avi
111.48245416666664,104.57578749999999,101.8769875,22.586777094248703,16.860161623191484,13.370213669613179,82,p56,v2,source1,data-videos\VIPL\VIPL\p56-60\p56\v2\source1\video.avi
154.54232916666666,151.8644375,148.60863333333336,28.85460142468615,27.840816508442614,27.560334433875234,82,p56,v2,source1,data-videos\VIPL\VIPL\p56-60\p56\v2\source1\video.avi
105.48523749999998,102.91120833333332,101.50517500000002,15.70835208839287,10.867892720287935,7.8633314938420735,83,p56,v2,source1,data-videos\VIPL\VIPL\p56-60\p56\v2\source1\video.avi
116.39614583333332,113.66002916666665,111.97561249999998,7.393450512918792,6.157653305409297,5.622361832676256,83,p56,v2,source1,data-videos\VIPL\VIPL\p56-60\p56\v2\source1\video.avi
130.44307916666668,125.31014583333334,121.9999,6.560525648843385,5.122590283336888,4.449013180755337,83,p56,v2,source1,data-videos\VIPL\VIPL\p56-60\p56\v2\source1\video.avi
155.6678,148.73146666666665,145.12014583333334,19.59418546869712,17.464628435638012,16.665551073835452,84,p56,v2,source1,data-videos\VIPL\VIPL\p56-60\p56\v2\source1\video.avi
129.5858375,125.2210875,123.02570416666667,4.615324171859889,3.955394071562802,3.5070845506462986,84,p56,v2,source1,data-videos\VIPL\VIPL\p56-60\p56\v2\source1\video.avi
119.8263375,117.13173750000001,115.32250416666666,13.490954135326866,10.899085923769722,9.232195037925628,84,p56,v2,source1,data-videos\VIPL\VIPL\p56-60\p56\v2\source1\video.avi
108.526875,108.385025,108.38884166666666,12.947257429047582,9.481671678039634,7.651796244065471,84,p56,v2,source1,data-videos\VIPL\VIPL\p56-60\p56\v2\source1\video.avi
127.61695833333334,122.24712083333334,119.39487083333331,7.450962164227051,6.588903819156134,6.06778351028393,84,p56,v2,source1,data-videos\VIPL\VIPL\p56-60\p56\v2\source1\video.avi
129.70165416666666,125.21795416666664,122.81887083333334,8.794529383516478,6.526994892200581,5.300261928200786,83,p56,v2,source1,data-videos\VIPL\VIPL\p56-60\p56\v2\source1\video.avi
121.81019583333335,119.28984583333333,117.41311250000001,18.835451374339407,15.502176679156086,13.276719419515825,82,p56,v2,source1,data-videos\VIPL\VIPL\p56-60\p56\v2\source1\video.avi
149.33662916666665,143.83903333333336,140.96921250000003,29.79109437815536,26.650200306299816,24.94000494744769,82,p56,v2,source1,data-videos\VIPL\VIPL\p56-60\p56\v2\source1\video.avi
116.01297083333333,114.70975416666668,114.22727083333334,8.996817638181152,6.632541646765317,5.318990300012958,82,p56,v2,source1,data-videos\VIPL\VIPL\p56-60\p56\v2\source1\video.avi
170.36182916666664,160.1662583333333,154.27885833333335,2.0631458963565277,2.5071926233588435,2.1314360953454994,81,p56,v3,source1,data-videos\VIPL\VIPL\p56-60\p56\v3\source1\video.avi
168.79758750000002,156.89541666666665,151.45146666666668,0.8232451800395407,1.0033139485426668,0.9912555900956288,81,p56,v3,source1,data-videos\VIPL\VIPL\p56-60\p56\v3\source1\video.avi
167.5111333333333,157.28787916666667,151.44038333333333,1.0030099031062287,0.9124080927269358,0.9689448951443981,82,p56,v3,source1,data-videos\VIPL\VIPL\p56-60\p56\v3\source1\video.avi
167.27904999999998,157.0460875,150.68718333333334,1.9653701836069226,1.4257640258335538,1.5468767526589398,82,p56,v3,source1,data-videos\VIPL\VIPL\p56-60\p56\v3\source1\video.avi
171.58047083333332,159.03615,152.79669166666667,0.9618146306772014,1.2975368292782021,1.5369245146671102,84,p56,v3,source1,data-videos\VIPL\VIPL\p56-60\p56\v3\source1\video.avi
170.73452916666665,159.63195000000002,153.89529166666665,1.2063039805567024,0.4907456924444446,0.7173541917758153,84,p56,v3,source1,data-videos\VIPL\VIPL\p56-60\p56\v3\source1\video.avi
170.70962916666664,161.02889583333334,155.54747083333334,1.1485786034177912,1.2956331075213963,1.314729824616492,84,p56,v3,source1,data-videos\VIPL\VIPL\p56-60\p56\v3\source1\video.avi
169.89372916666667,160.63817916666667,155.15623333333332,1.2110785321099131,1.393089876407836,1.6292723456986375,84,p56,v3,source1,data-videos\VIPL\VIPL\p56-60\p56\v3\source1\video.avi
167.39517916666668,157.38428333333334,151.2441458333333,0.6636991522425681,0.9576093389849054,1.1967504032912535,86,p56,v3,source1,data-videos\VIPL\VIPL\p56-60\p56\v3\source1\video.avi
170.42737083333333,159.73347083333334,153.88513333333333,3.361855397254411,3.220849486500027,3.221949060270688,86,p56,v3,source1,data-videos\VIPL\VIPL\p56-60\p56\v3\source1\video.avi
170.51492499999998,160.2104416666667,154.23707916666666,1.0062017968613184,1.0957427007355705,1.1573348534846222,86,p56,v3,source1,data-videos\VIPL\VIPL\p56-60\p56\v3\source1\video.avi
168.695225,158.17020833333333,151.97883333333334,0.6117731200507799,0.6219101337088223,0.6870419920097478,86,p56,v3,source1,data-videos\VIPL\VIPL\p56-60\p56\v3\source1\video.avi
170.02078333333336,159.3663916666667,153.09122499999998,0.959686752242914,0.9389829506794437,0.9588591389423884,86,p56,v3,source1,data-videos\VIPL\VIPL\p56-60\p56\v3\source1\video.avi
170.15345416666668,159.95594166666666,153.98322083333335,1.391988332860387,1.5673694471705142,1.762031356853425,86,p56,v3,source1,data-videos\VIPL\VIPL\p56-60\p56\v3\source1\video.avi
171.65150833333334,160.4242375,153.91135416666668,1.1410750463439707,1.097250100756941,1.1825726472281595,86,p56,v3,source1,data-videos\VIPL\VIPL\p56-60\p56\v3\source1\video.avi
175.2041291666667,164.42105,158.60200833333332,3.5596192532621296,3.575549104212098,3.708183303907986,88,p56,v3,source1,data-videos\VIPL\VIPL\p56-60\p56\v3\source1\video.avi
170.11617916666665,160.1650958333333,154.38564166666666,1.0599444694901587,1.3959127887584697,1.64241306839121,88,p56,v3,source1,data-videos\VIPL\VIPL\p56-60\p56\v3\source1\video.avi
158.18777083333333,148.63140416666667,142.87491250000002,9.649113751987004,8.699659927955995,8.72701628304791,88,p56,v3,source1,data-videos\VIPL\VIPL\p56-60\p56\v3\source1\video.avi
137.8471,126.15906666666666,118.99056666666665,0.6675653920580471,0.9792975149628961,1.2340430654542942,77,p56,v4,source1,data-videos\VIPL\VIPL\p56-60\p56\v4\source1\video.avi
138.24730416666665,125.7455875,119.14085416666667,0.4981401131472841,0.46543680003453747,0.4339313931868207,77,p56,v4,source1,data-videos\VIPL\VIPL\p56-60\p56\v4\source1\video.avi
140.1352625,126.9814125,119.21414583333333,1.0568989505138229,0.7902619248019386,0.7501440498238391,76,p56,v4,source1,data-videos\VIPL\VIPL\p56-60\p56\v4\source1\video.avi
140.00114583333334,126.81831249999999,119.0744125,0.41985645488468387,0.45796108178594924,0.5353528276468169,76,p56,v4,source1,data-videos\VIPL\VIPL\p56-60\p56\v4\source1\video.avi
142.38984166666668,129.12224166666667,121.256925,0.48744824522284885,0.38510245313386665,0.4011118662802588,76,p56,v4,source1,data-videos\VIPL\VIPL\p56-60\p56\v4\source1\video.avi
141.8323208333333,128.35793750000002,120.52408750000001,0.7679674927337946,0.687746312568368,0.6330546222538336,76,p56,v4,source1,data-videos\VIPL\VIPL\p56-60\p56\v4\source1\video.avi
141.42755,127.90776666666666,120.21115000000002,0.25244666846022445,0.21849594389827995,0.1983433131242684,77,p56,v4,source1,data-videos\VIPL\VIPL\p56-60\p56\v4\source1\video.avi
141.75547500000002,128.41290833333332,120.52125833333332,0.2899939925144044,0.29138681502810476,0.28677234292495307,77,p56,v4,source1,data-videos\VIPL\VIPL\p56-60\p56\v4\source1\video.avi
140.86435,127.77556666666668,119.64651666666664,0.6082469817993815,0.49430617680099176,0.4981596226291881,77,p56,v4,source1,data-videos\VIPL\VIPL\p56-60\p56\v4\source1\video.avi
139.55106666666666,126.78128333333333,118.86176666666668,0.5665703190764029,0.44111359703154807,0.3830489824893298,77,p56,v4,source1,data-videos\VIPL\VIPL\p56-60\p56\v4\source1\video.avi
138.30975,125.47361666666667,117.6699,1.721078310347099,1.6858014923051678,1.6948442125843175,77,p56,v4,source1,data-videos\VIPL\VIPL\p56-60\p56\v4\source1\video.avi
134.28211666666667,121.81856666666668,114.35589999999998,0.39424592085538407,0.316829954172755,0.27435167719147985,77,p56,v4,source1,data-videos\VIPL\VIPL\p56-60\p56\v4\source1\video.avi
134.1464,121.80895000000001,114.27461666666667,0.24472630169856174,0.2579100647377999,0.17355161966256533,77,p56,v4,source1,data-videos\VIPL\VIPL\p56-60\p56\v4\source1\video.avi
135.8871666666667,123.16496666666666,115.35251666666667,0.8165882471915624,0.7209423037334532,0.6237426496171232,77,p56,v4,source1,data-videos\VIPL\VIPL\p56-60\p56\v4\source1\video.avi
136.05435,122.97153333333334,115.14286666666666,0.5006305583683657,0.32452508506020544,0.2526651225766379,77,p56,v4,source1,data-videos\VIPL\VIPL\p56-60\p56\v4\source1\video.avi
135.68257083333333,122.84330416666666,115.28395416666667,0.4100918265224918,0.3425440582976154,0.3378721180047268,77,p56,v4,source1,data-videos\VIPL\VIPL\p56-60\p56\v4\source1\video.avi
136.99792916666667,124.36727916666666,116.70921249999999,0.32323312493547685,0.28895395081992536,0.27905235545204266,77,p56,v4,source1,data-videos\VIPL\VIPL\p56-60\p56\v4\source1\video.avi
136.42454999999998,123.70158333333335,116.33476666666667,0.98901487081211,0.3642252610660192,0.48420158031747923,76,p56,v4,source1,data-videos\VIPL\VIPL\p56-60\p56\v4\source1\video.avi
137.29392083333332,123.90420416666667,116.72695416666669,0.3922290199137504,0.33613768244946995,0.25939449103472934,76,p56,v4,source1,data-videos\VIPL\VIPL\p56-60\p56\v4\source1\video.avi
136.08874583333332,122.70396249999997,115.26287916666666,1.0383827145494073,0.6681428802305515,0.9120206031801021,74,p56,v4,source1,data-videos\VIPL\VIPL\p56-60\p56\v4\source1\video.avi
135.11745416666668,121.00568750000002,112.58812083333332,0.9304713327723247,0.4932289937521702,1.0479226973318856,74,p56,v4,source1,data-videos\VIPL\VIPL\p56-60\p56\v4\source1\video.avi
136.42342499999998,120.40525833333334,111.60827499999999,0.5246509225719066,0.6082702772114453,0.5770831423585726,73,p56,v4,source1,data-videos\VIPL\VIPL\p56-60\p56\v4\source1\video.avi
134.90031666666667,118.89281666666666,109.91848333333333,1.1015014652043011,0.4768176429755687,0.47504580195843554,72,p56,v4,source1,data-videos\VIPL\VIPL\p56-60\p56\v4\source1\video.avi
188.50241666666662,153.99858333333333,123.50002083333332,2.75836153356053,2.749036391938343,2.128928406841888,73,p56,v5,source1,data-videos\VIPL\VIPL\p56-60\p56\v5\source1\video.avi
187.662725,152.71904166666664,122.35072083333334,3.0471390902187063,2.1889674121825626,1.5937844037463154,73,p56,v5,source1,data-videos\VIPL\VIPL\p56-60\p56\v5\source1\video.avi
193.32767916666663,155.93059583333334,123.62834583333333,0.781980175180292,1.6496912475542023,2.0620904057348235,73,p56,v5,source1,data-videos\VIPL\VIPL\p56-60\p56\v5\source1\video.avi
189.0062708333333,150.19550416666667,118.42344583333333,1.9914175720276643,1.8734160246151201,1.5366469847234656,73,p56,v5,source1,data-videos\VIPL\VIPL\p56-60\p56\v5\source1\video.avi
185.9339,147.34982083333333,115.61615,0.34253526415173946,0.25234548097961434,0.29247214741559274,74,p56,v5,source1,data-videos\VIPL\VIPL\p56-60\p56\v5\source1\video.avi
186.19549583333333,147.92917916666667,116.26167083333331,0.3455875636245408,0.32620828053816614,0.4028338962725352,75,p56,v5,source1,data-videos\VIPL\VIPL\p56-60\p56\v5\source1\video.avi
184.63918750000002,146.55579166666666,115.92241666666669,0.5639577515081347,0.7542939136435632,0.5400715584017026,75,p56,v5,source1,data-videos\VIPL\VIPL\p56-60\p56\v5\source1\video.avi
181.79697500000003,143.26814166666668,113.33497916666667,1.900806708420869,2.056833378212525,2.0954816872824535,75,p56,v5,source1,data-videos\VIPL\VIPL\p56-60\p56\v5\source1\video.avi
178.08975416666664,138.83441666666667,109.469225,1.4394683679009739,1.3199299562513616,1.0971952793246162,76,p56,v5,source1,data-videos\VIPL\VIPL\p56-60\p56\v5\source1\video.avi
181.83217083333332,142.03537916666667,112.577925,0.5222007995679878,0.9447738306291453,0.7182086414882057,75,p56,v5,source1,data-videos\VIPL\VIPL\p56-60\p56\v5\source1\video.avi
180.24927499999998,142.20814166666668,112.55150000000002,0.7170943421583788,0.7586551158409658,0.6082637795568906,75,p56,v5,source1,data-videos\VIPL\VIPL\p56-60\p56\v5\source1\video.avi
181.12827083333337,143.93294583333332,114.04256666666666,0.2193130412662347,0.4517738365706011,0.7741594629194799,74,p56,v5,source1,data-videos\VIPL\VIPL\p56-60\p56\v5\source1\video.avi
181.599925,146.4693625,117.16884583333332,0.9937760555284412,1.9599689652889483,2.179183949086981,73,p56,v5,source1,data-videos\VIPL\VIPL\p56-60\p56\v5\source1\video.avi
183.09478333333337,149.20663333333334,120.37320000000001,1.202628531375822,1.4295445405817007,1.4412992331983157,73,p56,v5,source1,data-videos\VIPL\VIPL\p56-60\p56\v5\source1\video.avi
182.10305416666665,142.6097875,111.95317916666667,1.6376389849626327,1.601023241457631,1.4733332818156106,73,p56,v5,source1,data-videos\VIPL\VIPL\p56-60\p56\v5\source1\video.avi
186.61789583333336,145.57421666666667,114.21155416666666,1.6058766975960324,1.7380448936053086,1.3741930128488147,74,p56,v5,source1,data-videos\VIPL\VIPL\p56-60\p56\v5\source1\video.avi
184.9597125,144.58898333333332,113.6001125,0.39705853070492764,0.6208735559397563,0.600495692173927,74,p56,v5,source1,data-videos\VIPL\VIPL\p56-60\p56\v5\source1\video.avi
187.2766541666667,148.76407916666668,115.8932,1.3099930818175018,1.8473712645626865,1.0823903814943063,74,p56,v5,source1,data-videos\VIPL\VIPL\p56-60\p56\v5\source1\video.avi
186.6003875,147.3418375,115.12089166666668,0.6314036230285771,1.4954183180890845,0.9479842421334513,74,p56,v5,source1,data-videos\VIPL\VIPL\p56-60\p56\v5\source1\video.avi
108.77002083333333,89.80520416666664,75.70748750000001,0.49870774152637154,0.3511730027311636,0.356262268697124,58,p57,v1,source1,data-videos\VIPL\VIPL\p56-60\p57\v1\source1\video.avi
106.50227916666667,88.00572916666665,74.1897125,1.3168046259870274,0.846650319211439,0.751400206997834,58,p57,v1,source1,data-videos\VIPL\VIPL\p56-60\p57\v1\source1\video.avi
105.33117916666666,87.32619583333333,73.70739583333334,0.48154176826453227,0.39109195547708286,0.34765234470340795,58,p57,v1,source1,data-videos\VIPL\VIPL\p56-60\p57\v1\source1\video.avi
107.05680416666668,88.0159375,74.0975875,0.8699200737152674,0.3706125723979761,0.3420460567387906,58,p57,v1,source1,data-videos\VIPL\VIPL\p56-60\p57\v1\source1\video.avi
110.24463333333333,90.10241666666666,75.72091666666667,2.1224435233128753,1.6581683413525568,1.409619259444629,58,p57,v1,source1,data-videos\VIPL\VIPL\p56-60\p57\v1\source1\video.avi
117.473525,96.420425,80.84940833333333,0.758631444769497,0.6065930021382175,0.5454090635770035,58,p57,v1,source1,data-videos\VIPL\VIPL\p56-60\p57\v1\source1\video.avi
117.6511125,96.6142125,81.21682916666667,0.4411086389475565,0.35369076982545544,0.3423968836562331,58,p57,v1,source1,data-videos\VIPL\VIPL\p56-60\p57\v1\source1\video.avi
116.196625,95.34914166666667,80.25355833333333,0.4547571829956192,0.35705426670885754,0.4446463850166042,58,p57,v1,source1,data-videos\VIPL\VIPL\p56-60\p57\v1\source1\video.avi
115.30319166666668,94.49754166666666,79.438025,0.5016036651331401,0.4457717422409749,0.36693538268943815,58,p57,v1,source1,data-videos\VIPL\VIPL\p56-60\p57\v1\source1\video.avi
115.11275833333335,94.40259166666668,79.35910833333334,0.6881022691018085,0.49989493628800336,0.4226570396429276,58,p57,v1,source1,data-videos\VIPL\VIPL\p56-60\p57\v1\source1\video.avi
115.38421666666665,94.73096666666669,79.59583333333333,0.31026230099170427,0.3079200545596211,0.2876174941074804,57,p57,v1,source1,data-videos\VIPL\VIPL\p56-60\p57\v1\source1\video.avi
114.54537083333335,94.03457083333333,78.97817083333334,0.4784509710165367,0.46291776207491164,0.3371376425141514,57,p57,v1,source1,data-videos\VIPL\VIPL\p56-60\p57\v1\source1\video.avi
113.78376666666666,93.52843333333334,78.82641666666666,0.34820501359551886,0.12561768041141727,0.3225280389942862,56,p57,v1,source1,data-videos\VIPL\VIPL\p56-60\p57\v1\source1\video.avi
115.4062125,94.34477916666668,79.13932916666667,0.5577234650232136,0.398732243726915,0.36834312897042365,56,p57,v1,source1,data-videos\VIPL\VIPL\p56-60\p57\v1\source1\video.avi
119.50478749999998,97.2665375,81.3630875,3.2075425844362866,2.203061000504625,1.7787546836824415,56,p57,v1,source1,data-videos\VIPL\VIPL\p56-60\p57\v1\source1\video.avi
131.04160833333333,105.93852499999998,88.59109166666667,2.529718855508783,1.77225140076119,1.6552824692648558,56,p57,v1,source1,data-videos\VIPL\VIPL\p56-60\p57\v1\source1\video.avi
132.70885833333335,107.232475,89.71314166666666,0.2762485521580954,0.30797700029114866,0.3009220576688712,55,p57,v1,source1,data-videos\VIPL\VIPL\p56-60\p57\v1\source1\video.avi
131.7827125,106.57052916666667,88.9837625,0.34411923412048157,0.28099085579724187,0.2796989054471497,55,p57,v1,source1,data-videos\VIPL\VIPL\p56-60\p57\v1\source1\video.avi
128.8120875,104.95035416666666,87.63868749999997,0.8997861698527759,0.5351215480435779,0.38604658208779247,55,p57,v1,source1,data-videos\VIPL\VIPL\p56-60\p57\v1\source1\video.avi
130.49467916666666,106.53877916666666,89.13202916666667,0.6450780287104796,0.5891309347368295,0.5078677641894366,55,p57,v1,source1,data-videos\VIPL\VIPL\p56-60\p57\v1\source1\video.avi
131.96867083333333,106.84973750000003,89.20748750000001,2.2600490321776703,0.8672794884243877,0.7931481676854428,55,p57,v1,source1,data-videos\VIPL\VIPL\p56-60\p57\v1\source1\video.avi
131.02778750000002,106.5046875,89.40717083333332,1.7245057077339438,0.7151109040105044,0.6411678314531051,55,p57,v1,source1,data-videos\VIPL\VIPL\p56-60\p57\v1\source1\video.avi
130.53839166666666,107.35725833333332,90.44410833333332,0.5759524298571317,0.5813086863443929,0.5109069346786927,55,p57,v1,source1,data-videos\VIPL\VIPL\p56-60\p57\v1\source1\video.avi
130.1132375,106.97867083333334,89.98520416666666,0.29735320246112845,0.2478355386866674,0.24164337976884667,55,p57,v1,source1,data-videos\VIPL\VIPL\p56-60\p57\v1\source1\video.avi
116.72879583333335,96.57927916666665,81.09612916666666,11.233308259394926,8.792636692878387,7.399758086363458,55,p57,v1,source1,data-videos\VIPL\VIPL\p56-60\p57\v1\source1\video.avi
126.29626250000001,103.72642916666668,87.18607916666667,5.230131211284946,3.777925166863899,3.2661179221127075,55,p57,v1,source1,data-videos\VIPL\VIPL\p56-60\p57\v1\source1\video.avi
90.97167916666668,72.37384583333333,61.0971125,0.8249385111344826,0.4129306169019208,0.4359734015682607,60,p57,v2,source1,data-videos\VIPL\VIPL\p56-60\p57\v2\source1\video.avi
90.13722500000002,72.61565833333333,61.94914166666668,12.064611613529566,7.772548493677123,5.860452695875147,60,p57,v2,source1,data-videos\VIPL\VIPL\p56-60\p57\v2\source1\video.avi
137.1822958333333,105.8904625,88.9860125,34.14058893146429,25.285266978252924,21.55618748773836,60,p57,v2,source1,data-videos\VIPL\VIPL\p56-60\p57\v2\source1\video.avi
104.20160000000001,83.02748333333334,70.2274,42.52850038567764,30.338934414220077,24.73419444793511,60,p57,v2,source1,data-videos\VIPL\VIPL\p56-60\p57\v2\source1\video.avi
147.37506666666667,112.4231625,93.65249583333332,16.44976986400992,11.67283354575379,9.564245588246449,60,p57,v2,source1,data-videos\VIPL\VIPL\p56-60\p57\v2\source1\video.avi
83.81583333333334,66.92903749999999,56.61422083333333,33.239231772976325,23.56313502073634,19.128878948094897,60,p57,v2,source1,data-videos\VIPL\VIPL\p56-60\p57\v2\source1\video.avi
91.69085833333332,73.05069166666667,62.461625000000005,35.17005300376401,23.940897924717362,19.276343545776303,59,p57,v2,source1,data-videos\VIPL\VIPL\p56-60\p57\v2\source1\video.avi
151.87285833333334,114.22513333333332,95.25301666666667,9.79364536629918,6.52746161929916,5.1483867937125325,59,p57,v2,source1,data-videos\VIPL\VIPL\p56-60\p57\v2\source1\video.avi
146.99308333333335,110.60305416666667,92.35155416666666,8.77310702006936,5.8133764240477,4.502356354412439,58,p57,v2,source1,data-videos\VIPL\VIPL\p56-60\p57\v2\source1\video.avi
92.99421666666669,73.97443333333334,62.61794999999999,14.962478979091564,10.05139151328651,8.00480652980558,58,p57,v2,source1,data-videos\VIPL\VIPL\p56-60\p57\v2\source1\video.avi
86.84340833333331,68.88210833333333,58.41315833333334,7.678700429276393,5.268980522774306,4.1297914138794924,58,p57,v2,source1,data-videos\VIPL\VIPL\p56-60\p57\v2\source1\video.avi
106.3490375,82.9874875,70.10087083333333,2.229223430211865,1.781499318886887,1.5950092277249601,58,p57,v2,source1,data-videos\VIPL\VIPL\p56-60\p57\v2\source1\video.avi
76.28529166666667,62.75525833333334,54.141425,12.16046550893909,8.266911506324643,6.278421599840777,58,p57,v2,source1,data-videos\VIPL\VIPL\p56-60\p57\v2\source1\video.avi
90.1910875,72.18255416666666,61.415387499999994,25.071553619993484,16.97244700689956,13.320449681601197,58,p57,v2,source1,data-videos\VIPL\VIPL\p56-60\p57\v2\source1\video.avi
152.7983,115.36560416666666,96.33772083333334,10.965199522464937,7.888703608311804,6.3276287512088585,58,p57,v2,source1,data-videos\VIPL\VIPL\p56-60\p57\v2\source1\video.avi
126.4458,96.56637500000001,80.57537500000001,18.882258414116286,13.13762055206213,10.696260486008585,58,p57,v2,source1,data-videos\VIPL\VIPL\p56-60\p57\v2\source1\video.avi
119.79592083333333,92.31797083333333,77.57547083333334,20.588954159576414,14.695908365898614,12.505482205355866,58,p57,v2,source1,data-videos\VIPL\VIPL\p56-60\p57\v2\source1\video.avi
138.87454166666666,104.98229166666668,87.64012500000001,8.94075278089393,6.66321435396684,5.556021477537157,58,p57,v2,source1,data-videos\VIPL\VIPL\p56-60\p57\v2\source1\video.avi
88.15827083333333,71.32323750000002,60.873637499999994,16.95787493565551,11.636392163894461,9.13320729335934,58,p57,v2,source1,data-videos\VIPL\VIPL\p56-60\p57\v2\source1\video.avi
109.60695833333334,85.38980833333333,71.94209166666667,12.161595841513828,8.222946940061238,6.66175616280524,58,p57,v2,source1,data-videos\VIPL\VIPL\p56-60\p57\v2\source1\video.avi
110.49009583333333,86.01919583333333,72.83309583333333,22.539790122116546,15.246759792399107,11.95176135004824,58,p57,v2,source1,data-videos\VIPL\VIPL\p56-60\p57\v2\source1\video.avi
107.27925416666665,83.64087083333332,71.34815416666666,23.4085138963325,15.56368059100926,12.489148433403985,58,p57,v2,source1,data-videos\VIPL\VIPL\p56-60\p57\v2\source1\video.avi
138.55275,101.81400000000002,82.2333,0.659580912424487,0.47790076350320415,0.543397110680423,71,p57,v3,source1,data-videos\VIPL\VIPL\p56-60\p57\v3\source1\video.avi
150.47653333333335,111.56094999999999,90.17781666666666,5.730754475921875,4.643646383556874,3.784187220944509,70,p57,v3,source1,data-videos\VIPL\VIPL\p56-60\p57\v3\source1\video.avi
140.7733625,104.70989583333333,84.06721249999998,5.876240422576633,4.595315283680067,3.6149179838216177,69,p57,v3,source1,data-videos\VIPL\VIPL\p56-60\p57\v3\source1\video.avi
146.583175,108.52782499999999,87.61654166666668,6.2935368732616634,4.292642803564378,3.8935389419122943,69,p57,v3,source1,data-videos\VIPL\VIPL\p56-60\p57\v3\source1\video.avi
149.00302083333332,110.52462083333334,89.30760416666666,2.885848948364725,1.800281858449147,1.6418043459610732,69,p57,v3,source1,data-videos\VIPL\VIPL\p56-60\p57\v3\source1\video.avi
137.38674166666667,102.68120833333334,82.61520833333334,3.252678029988649,2.267012366981841,1.8930104292483596,68,p57,v3,source1,data-videos\VIPL\VIPL\p56-60\p57\v3\source1\video.avi
150.3474,111.61358333333332,90.47425000000001,4.495466388377048,2.8889603882711867,2.700137127433428,68,p57,v3,source1,data-videos\VIPL\VIPL\p56-60\p57\v3\source1\video.avi
151.96127083333334,112.22897083333334,91.29953750000003,6.45867759982968,4.447489297025095,3.9061821803090404,68,p57,v3,source1,data-videos\VIPL\VIPL\p56-60\p57\v3\source1\video.avi
137.84176666666667,101.95455,82.22906666666665,2.4977301423756617,1.6771691690559838,1.4417401472964488,68,p57,v3,source1,data-videos\VIPL\VIPL\p56-60\p57\v3\source1\video.avi
145.59242083333334,107.06135416666666,86.56443749999998,1.3898786837171775,1.033957412770764,0.9140052714753468,68,p57,v3,source1,data-videos\VIPL\VIPL\p56-60\p57\v3\source1\video.avi
148.72176249999998,109.30441250000001,88.75807916666666,3.952206567323956,2.4974029625167624,2.4054930615142203,68,p57,v3,source1,data-videos\VIPL\VIPL\p56-60\p57\v3\source1\video.avi
139.52063333333334,103.06559999999998,83.44603333333333,2.860042183231066,1.8539168842240774,1.5442847931971617,68,p57,v3,source1,data-videos\VIPL\VIPL\p56-60\p57\v3\source1\video.avi
137.45683333333332,101.63859999999998,82.40686666666666,1.5335972545171372,1.1642951309608605,1.051075325245664,68,p57,v3,source1,data-videos\VIPL\VIPL\p56-60\p57\v3\source1\video.avi
136.2480625,101.25226250000001,82.13279583333333,3.2097813635682004,2.429801952113187,2.118304604668489,68,p57,v3,source1,data-videos\VIPL\VIPL\p56-60\p57\v3\source1\video.avi
158.42930833333332,116.97190833333335,95.93190833333333,6.831528088453806,4.425558900940586,4.253139523275064,68,p57,v3,source1,data-videos\VIPL\VIPL\p56-60\p57\v3\source1\video.avi
154.96595000000002,114.49731666666666,93.27051666666667,3.1968917637390404,2.0714959373954454,1.9846692142958244,68,p57,v3,source1,data-videos\VIPL\VIPL\p56-60\p57\v3\source1\video.avi
143.02906666666667,106.14583333333334,86.00188333333334,3.7485937797976305,2.8551051399629848,2.4981832442060656,67,p57,v3,source1,data-videos\VIPL\VIPL\p56-60\p57\v3\source1\video.avi
139.28300833333336,103.22769166666666,83.223125,1.7859102172553987,1.1661893032615533,1.0113255096448093,65,p57,v3,source1,data-videos\VIPL\VIPL\p56-60\p57\v3\source1\video.avi
138.6443541666667,102.80287083333333,82.78437083333333,2.0736341053275944,1.4088264293572692,1.2296860740426583,64,p57,v3,source1,data-videos\VIPL\VIPL\p56-60\p57\v3\source1\video.avi
141.9528,105.88578333333334,85.24405,2.3097824772674307,1.666482805254327,1.3591956817616238,64,p57,v3,source1,data-videos\VIPL\VIPL\p56-60\p57\v3\source1\video.avi
145.682525,108.95994166666668,87.961425,1.1307880722335004,0.8455190621413823,0.7484997162843675,63,p57,v3,source1,data-videos\VIPL\VIPL\p56-60\p57\v3\source1\video.avi
136.16234999999998,101.54371666666668,82.36671666666668,6.205158948944551,4.32850003035437,3.707236254985348,63,p57,v3,source1,data-videos\VIPL\VIPL\p56-60\p57\v3\source1\video.avi
141.5948958333333,104.84987916666667,85.46891249999999,9.128932822199005,6.443503851565456,5.528345493379252,63,p57,v3,source1,data-videos\VIPL\VIPL\p56-60\p57\v3\source1\video.avi
165.15926666666667,120.71751666666667,99.87066666666668,1.9251247444429833,1.309350901952736,1.203974239238532,64,p57,v4,source1,data-videos\VIPL\VIPL\p56-60\p57\v4\source1\video.avi
162.95957499999997,119.12714166666665,98.54054166666667,0.7930179908329452,0.7475950812113389,0.4935334484682316,64,p57,v4,source1,data-videos\VIPL\VIPL\p56-60\p57\v4\source1\video.avi
163.54595416666666,119.69177083333334,99.03575416666666,0.6585292151095329,0.5251808699681998,0.40906638630273306,63,p57,v4,source1,data-videos\VIPL\VIPL\p56-60\p57\v4\source1\video.avi
167.1182875,122.47512083333334,101.38915416666669,1.5056594805677717,1.0427203823313176,0.9554555056977051,62,p57,v4,source1,data-videos\VIPL\VIPL\p56-60\p57\v4\source1\video.avi
167.94577916666665,123.02287916666666,101.84719583333333,1.7177631897244225,1.316580020514008,1.1575741419139325,61,p57,v4,source1,data-videos\VIPL\VIPL\p56-60\p57\v4\source1\video.avi
167.69293333333334,122.79005000000001,101.55951666666668,0.7514505230626376,0.42859162640236237,0.4480736729477515,59,p57,v4,source1,data-videos\VIPL\VIPL\p56-60\p57\v4\source1\video.avi
167.67903750000002,122.90110416666664,101.68937083333334,0.6074372912021924,0.6209677895508937,0.4852785242274688,58,p57,v4,source1,data-videos\VIPL\VIPL\p56-60\p57\v4\source1\video.avi
165.79254166666666,121.533225,100.52424166666665,0.6534905124226278,0.5291891263934416,0.3478798564858436,58,p57,v4,source1,data-videos\VIPL\VIPL\p56-60\p57\v4\source1\video.avi
167.23950000000002,122.57268333333336,101.56729999999999,1.0269218876662687,0.7518617392152858,0.672156357703614,58,p57,v4,source1,data-videos\VIPL\VIPL\p56-60\p57\v4\source1\video.avi
166.9851708333333,122.24718750000002,101.19632083333335,0.23595201092241921,0.2103122554481003,0.18099471658188102,58,p57,v4,source1,data-videos\VIPL\VIPL\p56-60\p57\v4\source1\video.avi
167.58350416666667,122.65712083333334,101.52775416666667,0.38307963851455706,0.4611686457914398,0.31293057847459366,58,p57,v4,source1,data-videos\VIPL\VIPL\p56-60\p57\v4\source1\video.avi
166.1700833333333,121.55935000000001,100.56013333333333,0.32821891909846923,0.32182366133187795,0.20609647173040677,58,p57,v4,source1,data-videos\VIPL\VIPL\p56-60\p57\v4\source1\video.avi
166.7103625,121.87301249999999,100.81546250000001,0.5021814082289731,0.49458056805601525,0.34946330016143695,58,p57,v4,source1,data-videos\VIPL\VIPL\p56-60\p57\v4\source1\video.avi
166.9462375,122.0760875,101.0263208333333,0.37498767609379313,0.27876452702554916,0.25938168117231686,56,p57,v4,source1,data-videos\VIPL\VIPL\p56-60\p57\v4\source1\video.avi
166.37411666666668,121.76761666666667,100.6344,0.2756031408565597,0.361101108686257,0.20936274275896227,56,p57,v4,source1,data-videos\VIPL\VIPL\p56-60\p57\v4\source1\video.avi
164.84482916666667,120.6102625,99.66469583333331,0.5223110992927895,0.4989765751014769,0.36758790275252445,56,p57,v4,source1,data-videos\VIPL\VIPL\p56-60\p57\v4\source1\video.avi
166.56599166666666,121.92820833333333,100.92944166666666,0.6621431842572475,0.6083798569538794,0.42747448843631414,54,p57,v4,source1,data-videos\VIPL\VIPL\p56-60\p57\v4\source1\video.avi
166.38367083333335,121.54553750000001,100.5971875,0.2710038105769407,0.21236979197067268,0.22789654466324039,54,p57,v4,source1,data-videos\VIPL\VIPL\p56-60\p57\v4\source1\video.avi
166.93900416666668,121.85330416666667,100.9065875,0.780983435679372,0.38770401833529416,0.4378328111911611,54,p57,v4,source1,data-videos\VIPL\VIPL\p56-60\p57\v4\source1\video.avi
163.04519166666668,119.20035833333333,98.657775,0.5526703880994033,0.5005031505547969,0.337863232879734,54,p57,v4,source1,data-videos\VIPL\VIPL\p56-60\p57\v4\source1\video.avi
164.29624583333333,120.28024583333334,99.45464583333334,0.7767625245297851,0.4908817082132242,0.4299689608467872,55,p57,v4,source1,data-videos\VIPL\VIPL\p56-60\p57\v4\source1\video.avi
165.91855416666667,121.50563749999999,100.42312083333334,0.20362089749294832,0.16813671819963913,0.2432563831667898,55,p57,v4,source1,data-videos\VIPL\VIPL\p56-60\p57\v4\source1\video.avi
166.23764583333335,121.53612916666667,100.5323125,0.5824744450760623,0.6098639759542015,0.41232281127102943,55,p57,v4,source1,data-videos\VIPL\VIPL\p56-60\p57\v4\source1\video.avi
168.96544583333332,123.20016249999999,102.44646249999998,1.960478000838274,1.366040347172867,1.4132353062383531,55,p57,v4,source1,data-videos\VIPL\VIPL\p56-60\p57\v4\source1\video.avi
169.57624166666668,123.49967499999998,102.88537499999998,0.5702368689729825,0.4554697231216974,0.38776979183316007,55,p57,v4,source1,data-videos\VIPL\VIPL\p56-60\p57\v4\source1\video.avi
171.52199583333334,125.11721250000001,104.30167916666666,0.5786120738576847,0.6004326993579986,0.407818640673224,55,p57,v4,source1,data-videos\VIPL\VIPL\p56-60\p57\v4\source1\video.avi
172.16219583333336,125.56627916666666,104.61049583333333,0.13286665373076684,0.2170398799280137,0.14408775019738868,55,p57,v4,source1,data-videos\VIPL\VIPL\p56-60\p57\v4\source1\video.avi
171.701475,125.24084166666667,104.34772500000001,0.3962386167309907,0.14018054429913163,0.231232220938174,55,p57,v4,source1,data-videos\VIPL\VIPL\p56-60\p57\v4\source1\video.avi
169.99194166666663,124.02525833333335,103.48975833333333,0.32426013257319786,0.26335307830774685,0.2314786889488953,55,p57,v4,source1,data-videos\VIPL\VIPL\p56-60\p57\v4\source1\video.avi
170.28457083333333,124.27445416666666,103.57912083333332,0.6066911892079044,0.5193260475326006,0.3561810838311971,55,p57,v4,source1,data-videos\VIPL\VIPL\p56-60\p57\v4\source1\video.avi
149.9413375,107.64950416666666,88.7153375,2.6901481377787446,1.578820820000378,1.3180694048388437,53,p57,v5,source1,data-videos\VIPL\VIPL\p56-60\p57\v5\source1\video.avi
143.276825,103.35295,85.63828333333333,3.868111455910652,2.3970371973079136,1.8215140682883073,54,p57,v5,source1,data-videos\VIPL\VIPL\p56-60\p57\v5\source1\video.avi
151.25770416666666,108.37147083333333,89.12112083333334,0.8215801390587724,0.5040941694776758,0.47149490235991814,54,p57,v5,source1,data-videos\VIPL\VIPL\p56-60\p57\v5\source1\video.avi
151.57575000000003,108.63525000000001,89.42543333333334,0.6432864829389338,0.436873065684798,0.44014544104288267,54,p57,v5,source1,data-videos\VIPL\VIPL\p56-60\p57\v5\source1\video.avi
154.95467083333332,110.5469875,91.51392083333334,1.2115589509950024,0.7287362967550972,0.7643433143246425,55,p57,v5,source1,data-videos\VIPL\VIPL\p56-60\p57\v5\source1\video.avi
155.96478333333332,111.39068333333333,92.03055000000002,0.7015664046043273,0.5395663801069034,0.39303931180608276,55,p57,v5,source1,data-videos\VIPL\VIPL\p56-60\p57\v5\source1\video.avi
154.60293333333334,110.61149999999999,91.46571666666667,0.4484780471215944,0.42713780140475666,0.366544478125704,54,p57,v5,source1,data-videos\VIPL\VIPL\p56-60\p57\v5\source1\video.avi
154.93007083333333,110.7184875,91.01153749999999,0.2765653926716273,0.41312621881648964,0.4501924880367547,54,p57,v5,source1,data-videos\VIPL\VIPL\p56-60\p57\v5\source1\video.avi
154.75110416666666,110.4590375,90.90287083333332,0.8803966297609521,0.7271517024207069,0.6604513884668411,54,p57,v5,source1,data-videos\VIPL\VIPL\p56-60\p57\v5\source1\video.avi
154.86825000000002,110.53535,90.74080000000002,0.7168211110230585,0.4039964986268792,0.42366733534893586,54,p57,v5,source1,data-videos\VIPL\VIPL\p56-60\p57\v5\source1\video.avi
156.20489166666667,111.41825833333334,91.524975,0.7532442854357858,0.6084994133453743,0.5686783557439713,54,p57,v5,source1,data-videos\VIPL\VIPL\p56-60\p57\v5\source1\video.avi
158.14002916666666,112.62699583333332,92.37609583333332,0.6489302177697713,0.6122557624439581,0.5834081753476711,53,p57,v5,source1,data-videos\VIPL\VIPL\p56-60\p57\v5\source1\video.avi
156.6797125,111.74147916666666,91.78874583333334,0.30929012202676714,0.4711208893278991,0.3620300455609849,53,p57,v5,source1,data-videos\VIPL\VIPL\p56-60\p57\v5\source1\video.avi
157.31338333333332,112.00621666666666,91.80083333333332,0.40606161884449316,0.3323480930670094,0.3211846007252767,53,p57,v5,source1,data-videos\VIPL\VIPL\p56-60\p57\v5\source1\video.avi
157.54225,112.32883333333334,92.13238333333335,0.3684899518549422,0.2646307126213821,0.1886541729704571,54,p57,v5,source1,data-videos\VIPL\VIPL\p56-60\p57\v5\source1\video.avi
157.11003333333332,111.99176666666666,91.58196666666667,0.608537969805043,0.5319107626702474,0.35356619233336084,54,p57,v5,source1,data-videos\VIPL\VIPL\p56-60\p57\v5\source1\video.avi
158.45566666666664,112.92981666666667,92.56508333333335,0.8088581468564866,0.6114231004045675,0.4208578190071367,54,p57,v5,source1,data-videos\VIPL\VIPL\p56-60\p57\v5\source1\video.avi
159.973725,113.71080833333333,93.21514166666665,0.4390684388487241,0.5037012351293503,0.5209872388272415,54,p57,v5,source1,data-videos\VIPL\VIPL\p56-60\p57\v5\source1\video.avi
160.303475,113.837075,93.27974166666665,0.4468646685674405,0.38439321763513096,0.29589759149539807,54,p57,v5,source1,data-videos\VIPL\VIPL\p56-60\p57\v5\source1\video.avi
159.76944583333335,113.63239583333332,93.14334583333333,0.7038154386143757,0.5907160695515145,0.47996119211609145,55,p57,v5,source1,data-videos\VIPL\VIPL\p56-60\p57\v5\source1\video.avi
133.4317333333333,146.92959166666665,151.24618750000002,0.17538510177210465,0.32566355194049634,0.8456802724812037,58,p57,v6,source1,data-videos\VIPL\VIPL\p56-60\p57\v6\source1\video.avi
133.45385416666667,148.71968333333334,153.49188333333333,0.2334151307518199,0.6224379936766559,1.0786827574639357,58,p57,v6,source1,data-videos\VIPL\VIPL\p56-60\p57\v6\source1\video.avi
133.58445833333334,149.48689166666668,153.43799166666668,0.15114258410245052,0.24574467447886336,0.314337244419372,58,p57,v6,source1,data-videos\VIPL\VIPL\p56-60\p57\v6\source1\video.avi
133.8448375,149.3020416666667,153.719675,0.2210985476609407,0.1130992335603743,0.7555345349072394,58,p57,v6,source1,data-videos\VIPL\VIPL\p56-60\p57\v6\source1\video.avi
133.84494583333333,149.164925,154.35595833333332,0.1311409306073251,0.1814227374194833,0.4850051027079823,58,p57,v6,source1,data-videos\VIPL\VIPL\p56-60\p57\v6\source1\video.avi
134.55687083333333,149.35524583333333,153.56827916666668,0.4877115624270148,0.4919754511293111,0.5775207466210868,59,p57,v6,source1,data-videos\VIPL\VIPL\p56-60\p57\v6\source1\video.avi
134.43938749999998,147.3185875,150.9913875,0.1712555765515405,0.38088014514448043,0.6101174790961269,59,p57,v6,source1,data-videos\VIPL\VIPL\p56-60\p57\v6\source1\video.avi
133.52065833333333,146.13633333333334,149.81819166666668,0.6035869414902004,0.5916615037920269,0.5583024531883322,59,p57,v6,source1,data-videos\VIPL\VIPL\p56-60\p57\v6\source1\video.avi
132.27487499999998,146.39030416666665,150.6761375,0.5710043455820708,0.5369027891204148,1.1169876812056965,59,p57,v6,source1,data-videos\VIPL\VIPL\p56-60\p57\v6\source1\video.avi
132.88766249999998,148.11851666666666,152.77417916666664,0.3569286190990353,0.24903382969655366,0.5221452962032912,59,p57,v6,source1,data-videos\VIPL\VIPL\p56-60\p57\v6\source1\video.avi
133.23224583333334,148.59265416666668,152.87272083333332,0.11084229318420631,0.12138029983279802,0.30192860882398875,59,p57,v6,source1,data-videos\VIPL\VIPL\p56-60\p57\v6\source1\video.avi
133.41724166666665,149.27026249999997,153.69272916666665,0.17621231403637985,0.29695847966649014,0.46078215979432263,59,p57,v6,source1,data-videos\VIPL\VIPL\p56-60\p57\v6\source1\video.avi
133.74759583333332,149.94095,154.52785000000003,0.15457500235861865,0.10261220281558953,0.20897498454759178,59,p57,v6,source1,data-videos\VIPL\VIPL\p56-60\p57\v6\source1\video.avi
134.07581249999998,149.92554166666667,154.39228333333332,0.14042329979387244,0.10188154375711966,0.21672799196227555,59,p57,v6,source1,data-videos\VIPL\VIPL\p56-60\p57\v6\source1\video.avi
134.0811375,149.9300375,154.33080416666667,0.1452300674791532,0.09559645488981201,0.19371480531598717,59,p57,v6,source1,data-videos\VIPL\VIPL\p56-60\p57\v6\source1\video.avi
134.0109625,149.20114166666664,153.49580833333334,0.2777120143541985,0.3926367922014904,0.5565820499872922,59,p57,v6,source1,data-videos\VIPL\VIPL\p56-60\p57\v6\source1\video.avi
134.33992083333334,147.90717916666665,152.08229166666663,0.19739213668482505,0.3604871979638585,0.5584991801259787,59,p57,v6,source1,data-videos\VIPL\VIPL\p56-60\p57\v6\source1\video.avi
133.67907499999998,146.78395,150.7173875,0.3197384039792,0.17577611114710465,0.4314286887449877,59,p57,v6,source1,data-videos\VIPL\VIPL\p56-60\p57\v6\source1\video.avi
132.3469,146.99091666666666,151.58485,0.23262303957619343,0.22153138494102736,0.6293342561566327,59,p57,v6,source1,data-videos\VIPL\VIPL\p56-60\p57\v6\source1\video.avi
133.109125,147.21814166666667,151.38189166666666,0.2673968892006112,0.2087692703181341,1.423838149853826,58,p57,v6,source1,data-videos\VIPL\VIPL\p56-60\p57\v6\source1\video.avi
132.72786666666664,147.49006666666665,154.0182125,0.13149620796180342,0.250826946347257,0.9452778511464524,58,p57,v6,source1,data-videos\VIPL\VIPL\p56-60\p57\v6\source1\video.avi
132.74756666666664,147.71714583333335,154.110325,0.1244500258079984,0.1851807511332566,0.5869543678730729,57,p57,v6,source1,data-videos\VIPL\VIPL\p56-60\p57\v6\source1\video.avi
132.5414583333333,147.3384875,153.5202833333333,0.6453073644536016,0.6607915386636284,0.6216970414831374,57,p57,v6,source1,data-videos\VIPL\VIPL\p56-60\p57\v6\source1\video.avi
103.85815000000001,115.39765,118.9446875,0.3338438672098254,0.16008637013430443,0.448761138054285,82,p57,v7,source1,data-videos\VIPL\VIPL\p56-60\p57\v7\source1\video.avi
103.60411666666667,113.13972083333333,115.64747500000001,0.3469264653012058,0.7283484765063808,1.073523445847701,81,p57,v7,source1,data-videos\VIPL\VIPL\p56-60\p57\v7\source1\video.avi
104.79826666666668,111.86045416666667,113.21507916666665,1.1235605937740718,0.27812748575668106,1.0004089724818657,81,p57,v7,source1,data-videos\VIPL\VIPL\p56-60\p57\v7\source1\video.avi
110.9542875,110.85937916666666,108.78262916666667,2.9464991665133544,1.31585347266623,1.0092637736619643,81,p57,v7,source1,data-videos\VIPL\VIPL\p56-60\p57\v7\source1\video.avi
113.99404583333333,113.6982125,111.2124375,1.066619058052125,0.4741654663502678,0.8363193512598315,81,p57,v7,source1,data-videos\VIPL\VIPL\p56-60\p57\v7\source1\video.avi
114.28401666666667,113.89382499999999,111.23118749999999,0.1512381626451397,0.4178655601021029,0.6554473298877227,83,p57,v7,source1,data-videos\VIPL\VIPL\p56-60\p57\v7\source1\video.avi
114.5881625,114.320025,111.55407083333334,0.4952879948196806,0.5514694143830636,0.9827954721277053,83,p57,v7,source1,data-videos\VIPL\VIPL\p56-60\p57\v7\source1\video.avi
113.63287916666667,113.83783333333335,111.22344583333333,1.6890887674954105,1.159499899681372,0.8794587434065159,83,p57,v7,source1,data-videos\VIPL\VIPL\p56-60\p57\v7\source1\video.avi
107.52855416666665,111.20264583333334,110.72814166666667,0.4401731157232976,0.26774556647693637,0.5796866278669685,83,p57,v7,source1,data-videos\VIPL\VIPL\p56-60\p57\v7\source1\video.avi
107.56677916666668,111.30996666666668,110.58082083333335,0.3450382085826795,0.14273023773499632,0.2406292772347124,83,p57,v7,source1,data-videos\VIPL\VIPL\p56-60\p57\v7\source1\video.avi
108.04324999999999,111.77940833333332,111.17274166666668,0.5154319032374689,0.32232711467415637,0.5270202216168324,83,p57,v7,source1,data-videos\VIPL\VIPL\p56-60\p57\v7\source1\video.avi
108.4371125,111.77799166666668,110.6704125,0.4235291854612846,0.4796399017463236,0.5386391509770501,83,p57,v7,source1,data-videos\VIPL\VIPL\p56-60\p57\v7\source1\video.avi
108.61381666666666,112.04832916666666,111.20505416666667,0.6967204897719433,0.6123467165623758,0.7629791095645704,82,p57,v7,source1,data-videos\VIPL\VIPL\p56-60\p57\v7\source1\video.avi
109.34493749999997,112.06335833333334,111.117075,1.223405161166184,0.42476921152027436,0.7102640811942581,82,p57,v7,source1,data-videos\VIPL\VIPL\p56-60\p57\v7\source1\video.avi
107.10955416666665,113.294975,114.02914166666667,0.1739513309967936,0.4792453497716778,0.7302406901295185,82,p57,v7,source1,data-videos\VIPL\VIPL\p56-60\p57\v7\source1\video.avi
106.44755416666666,113.13807500000001,113.9829125,0.2929482722398844,0.41254339956879343,0.30366270390526384,82,p57,v7,source1,data-videos\VIPL\VIPL\p56-60\p57\v7\source1\video.avi
106.23478333333334,113.57630833333333,114.33010833333334,0.17839678806821604,0.2499148988489213,0.46517651824334477,82,p57,v7,source1,data-videos\VIPL\VIPL\p56-60\p57\v7\source1\video.avi
106.19087083333332,112.651875,113.32797916666667,0.26881630138235474,0.21105258074773212,0.4207278178364105,82,p57,v7,source1,data-videos\VIPL\VIPL\p56-60\p57\v7\source1\video.avi
105.97112083333333,112.7821125,113.34062916666667,0.28438020794986857,0.3515169723854024,0.5236170794605332,81,p57,v7,source1,data-videos\VIPL\VIPL\p56-60\p57\v7\source1\video.avi
105.84736666666667,112.4222875,112.76052916666666,0.2688606418243885,0.3099827986939125,0.32037911017435405,81,p57,v7,source1,data-videos\VIPL\VIPL\p56-60\p57\v7\source1\video.avi
105.71487083333332,112.66445416666666,113.21625000000002,0.1618124430818324,0.38215696228048174,0.5703676293750285,80,p57,v7,source1,data-videos\VIPL\VIPL\p56-60\p57\v7\source1\video.avi
105.53004166666666,111.95594166666666,112.25526666666669,0.2097094406057256,0.17334834790739148,0.22882945660105286,80,p57,v7,source1,data-videos\VIPL\VIPL\p56-60\p57\v7\source1\video.avi
106.48029583333333,112.42813333333335,112.53706666666665,0.3627581284984073,0.31712453592354306,0.398501524463833,79,p57,v7,source1,data-videos\VIPL\VIPL\p56-60\p57\v7\source1\video.avi
106.43893750000001,112.47927916666666,112.84751250000001,0.37006898404404126,0.3562138491891738,0.5853531062173787,79,p57,v7,source1,data-videos\VIPL\VIPL\p56-60\p57\v7\source1\video.avi
106.53212916666665,113.18655833333334,113.94092500000001,0.20898401736470065,0.20293378709432391,0.2751115703597957,77,p57,v7,source1,data-videos\VIPL\VIPL\p56-60\p57\v7\source1\video.avi
105.82310833333335,112.96413749999999,113.78054583333332,0.47175875010285856,0.38505683824671466,0.38549321456054375,77,p57,v7,source1,data-videos\VIPL\VIPL\p56-60\p57\v7\source1\video.avi
106.37147499999999,113.13319583333332,113.69968333333333,0.5385867765439988,0.2903841426073005,0.38988017042633133,77,p57,v7,source1,data-videos\VIPL\VIPL\p56-60\p57\v7\source1\video.avi
106.47360416666666,112.87698750000001,113.5024125,0.35907339517847886,0.45771131079292476,0.7536097786699328,77,p57,v7,source1,data-videos\VIPL\VIPL\p56-60\p57\v7\source1\video.avi
106.80196666666667,113.2061,113.83062500000001,0.2525464329556257,0.33157477668653135,0.4674463743010774,76,p57,v7,source1,data-videos\VIPL\VIPL\p56-60\p57\v7\source1\video.avi
148.82881666666668,122.06437916666668,106.67420416666666,2.40862980673718,1.663771441937548,1.6076104101425222,55,p58,v1,source1,data-videos\VIPL\VIPL\p56-60\p58\v1\source1\video.avi
151.67882916666667,124.32839166666666,108.69810416666667,0.3924566670170232,0.3562411744520831,0.40684544076788115,55,p58,v1,source1,data-videos\VIPL\VIPL\p56-60\p58\v1\source1\video.avi
151.58174166666666,124.13954166666666,108.453225,0.5205616253944679,0.24707139515847487,0.1514833985449316,55,p58,v1,source1,data-videos\VIPL\VIPL\p56-60\p58\v1\source1\video.avi
152.45452083333333,124.42418333333333,108.49486249999998,0.5795279673411419,0.2996418242043315,0.2532498538444244,55,p58,v1,source1,data-videos\VIPL\VIPL\p56-60\p58\v1\source1\video.avi
154.33034999999998,124.4410875,107.8436875,0.28189380154097105,0.15774208984834107,0.30524072922494666,61,p58,v1,source1,data-videos\VIPL\VIPL\p56-60\p58\v1\source1\video.avi
154.70342083333333,124.48699583333332,107.85849166666665,0.9505509192407576,1.0580997719149134,1.1585715717683243,61,p58,v1,source1,data-videos\VIPL\VIPL\p56-60\p58\v1\source1\video.avi
156.53162083333333,126.08230833333333,109.20568333333333,0.2782489035493019,0.1539257652742966,0.19929072818442536,61,p58,v1,source1,data-videos\VIPL\VIPL\p56-60\p58\v1\source1\video.avi
156.650475,126.42170833333336,109.2832625,0.10685512761964648,0.10950728508236943,0.19518646426771924,61,p58,v1,source1,data-videos\VIPL\VIPL\p56-60\p58\v1\source1\video.avi
156.74812083333333,126.49869166666667,108.81387916666667,0.2086957711498567,0.09908365783518469,0.16244398949244743,61,p58,v1,source1,data-videos\VIPL\VIPL\p56-60\p58\v1\source1\video.avi
156.95673750000003,126.5941875,108.72228750000002,0.18698202230874258,0.1524804803081365,0.16520460399321638,61,p58,v1,source1,data-videos\VIPL\VIPL\p56-60\p58\v1\source1\video.avi
156.24558333333334,126.10726666666666,108.46359583333333,0.1759743904979082,0.1155738147967208,0.22713635107390145,61,p58,v1,source1,data-videos\VIPL\VIPL\p56-60\p58\v1\source1\video.avi
156.28814583333332,126.13567916666669,108.7550375,0.15531356052622536,0.15741653740951073,0.1453281872655432,61,p58,v1,source1,data-videos\VIPL\VIPL\p56-60\p58\v1\source1\video.avi
156.3121416666667,125.84880416666667,108.47798333333334,0.221618018392883,0.13966590567612894,0.13829849548772058,67,p58,v1,source1,data-videos\VIPL\VIPL\p56-60\p58\v1\source1\video.avi
156.9264125,125.82401666666667,108.43137499999999,0.17791361258112828,0.15339513892504336,0.17892492897395115,67,p58,v1,source1,data-videos\VIPL\VIPL\p56-60\p58\v1\source1\video.avi
156.96375,126.00315,108.71482499999998,0.13668483746072801,0.12022640057755078,0.2043325531863845,68,p58,v1,source1,data-videos\VIPL\VIPL\p56-60\p58\v1\source1\video.avi
156.78905833333332,125.97603333333335,108.77794583333335,0.17559726323085528,0.11901104319674577,0.2545027227124611,68,p58,v1,source1,data-videos\VIPL\VIPL\p56-60\p58\v1\source1\video.avi
159.16475833333334,128.5438333333333,111.33844583333335,2.6699301350357896,2.770377259928038,2.616758183763196,68,p58,v1,source1,data-videos\VIPL\VIPL\p56-60\p58\v1\source1\video.avi
164.61803749999999,128.26069999999999,108.74341249999999,4.228006253534939,4.965516053059789,5.6764501051493435,67,p58,v1,source1,data-videos\VIPL\VIPL\p56-60\p58\v1\source1\video.avi
156.09129166666668,121.08265416666667,102.210675,0.7646575378387448,1.1370218130725445,1.5599956611406898,67,p58,v1,source1,data-videos\VIPL\VIPL\p56-60\p58\v1\source1\video.avi
156.34060416666668,122.80031666666666,104.73486666666668,0.7910297229367844,0.6025164607594639,0.5066905589213194,67,p58,v1,source1,data-videos\VIPL\VIPL\p56-60\p58\v1\source1\video.avi
154.14942916666666,120.80907499999999,102.87495416666667,0.8528870329080942,0.7208457714003962,0.6898081551185472,67,p58,v1,source1,data-videos\VIPL\VIPL\p56-60\p58\v1\source1\video.avi
154.52189166666665,120.77069166666666,102.66415833333332,0.6246078795487967,0.3802874277091102,0.285136544288676,66,p58,v1,source1,data-videos\VIPL\VIPL\p56-60\p58\v1\source1\video.avi
154.32158333333334,119.87132083333334,101.3382,1.852763145530884,1.968577632383906,2.063556137741619,66,p58,v1,source1,data-videos\VIPL\VIPL\p56-60\p58\v1\source1\video.avi
143.41835833333332,109.80245833333335,90.98285416666666,1.3682369209842464,1.0543842887195387,1.0667387967962338,66,p58,v1,source1,data-videos\VIPL\VIPL\p56-60\p58\v1\source1\video.avi
151.13064583333332,118.7544875,100.64169166666666,1.2670937160459192,1.2405062582834003,1.3507493166346176,66,p58,v1,source1,data-videos\VIPL\VIPL\p56-60\p58\v1\source1\video.avi
151.16115,119.3701625,101.39452499999999,0.31381699494999343,0.07954114872365133,0.17724582270583067,66,p58,v1,source1,data-videos\VIPL\VIPL\p56-60\p58\v1\source1\video.avi
151.27254583333334,119.61382499999999,101.56419583333333,0.1511299227210361,0.11342939984853935,0.21518741129342756,66,p58,v1,source1,data-videos\VIPL\VIPL\p56-60\p58\v1\source1\video.avi
151.29874583333333,119.70320833333334,101.64992916666668,0.1263994799897026,0.15189527756721888,0.23858565591487826,66,p58,v1,source1,data-videos\VIPL\VIPL\p56-60\p58\v1\source1\video.avi
151.011625,119.26942083333333,101.2139875,0.4509346533944172,0.6090050294845696,0.6518371710020827,65,p58,v1,source1,data-videos\VIPL\VIPL\p56-60\p58\v1\source1\video.avi
150.56202083333335,119.22805833333334,101.79902083333334,2.021712572258081,2.2537090714839136,2.530868626448295,65,p58,v1,source1,data-videos\VIPL\VIPL\p56-60\p58\v1\source1\video.avi
172.39609166666668,131.22735,109.03001666666667,0.2936790888405607,0.22607561204409088,0.2193311480387587,88,p58,v2,source1,data-videos\VIPL\VIPL\p56-60\p58\v2\source1\video.avi
173.2259875,131.86845,109.64881666666668,0.4312421628917488,0.2883629896839134,0.3388788870222568,88,p58,v2,source1,data-videos\VIPL\VIPL\p56-60\p58\v2\source1\video.avi
173.96245416666667,132.35241666666667,110.14143333333335,0.6850230880385241,0.5070331981857769,0.43629301192770087,88,p58,v2,source1,data-videos\VIPL\VIPL\p56-60\p58\v2\source1\video.avi
176.30825833333336,134.17969166666666,111.84030833333333,3.446480634173953,2.806921592410004,2.4489234893097542,88,p58,v2,source1,data-videos\VIPL\VIPL\p56-60\p58\v2\source1\video.avi
182.5796625,139.02547916666666,115.9977875,2.185053421170306,1.5320841798112053,1.3012593527121463,88,p58,v2,source1,data-videos\VIPL\VIPL\p56-60\p58\v2\source1\video.avi
184.64092499999998,140.48221249999997,117.23113749999999,2.9103405295040004,2.086639711761805,1.816860125144551,89,p58,v2,source1,data-videos\VIPL\VIPL\p56-60\p58\v2\source1\video.avi
181.56240000000003,137.7386625,115.10715,0.7486013413684313,0.6371581168501707,0.5231764700552242,89,p58,v2,source1,data-videos\VIPL\VIPL\p56-60\p58\v2\source1\video.avi
177.44152083333336,134.36197083333332,112.28910833333333,6.557868014716175,5.2077411346595355,4.667505331734591,89,p58,v2,source1,data-videos\VIPL\VIPL\p56-60\p58\v2\source1\video.avi
168.53679583333334,127.47212500000002,106.36044166666666,13.449253872623483,9.651346792802057,8.146916410268538,83,p58,v2,source1,data-videos\VIPL\VIPL\p56-60\p58\v2\source1\video.avi
160.40304583333335,123.05359583333333,103.32647916666667,24.159296407521747,18.450060516478967,16.03897706199845,83,p58,v2,source1,data-videos\VIPL\VIPL\p56-60\p58\v2\source1\video.avi
158.41547916666667,121.30632500000002,101.50963333333333,23.832944194229924,17.79931898684376,14.998817666861278,79,p58,v2,source1,data-videos\VIPL\VIPL\p56-60\p58\v2\source1\video.avi
173.25029166666667,131.2637791666667,109.29394583333332,15.590645688779395,11.495356043406723,9.61509892258402,78,p58,v2,source1,data-videos\VIPL\VIPL\p56-60\p58\v2\source1\video.avi
175.24635833333335,132.97719166666667,110.78311666666667,7.713019329685628,5.3280532069519655,4.40914474671676,78,p58,v2,source1,data-videos\VIPL\VIPL\p56-60\p58\v2\source1\video.avi
173.18439583333335,132.8289,111.30549583333334,4.434415231984119,3.6611774299643756,3.399237248654306,78,p58,v2,source1,data-videos\VIPL\VIPL\p56-60\p58\v2\source1\video.avi
174.84491666666665,134.43525,113.0895,4.887458329781157,3.9784808912770906,3.542451008369966,78,p58,v2,source1,data-videos\VIPL\VIPL\p56-60\p58\v2\source1\video.avi
170.96344166666668,131.08978333333332,110.24691666666666,0.24493566948793025,0.14791065105138215,0.18185909151501448,78,p58,v2,source1,data-videos\VIPL\VIPL\p56-60\p58\v2\source1\video.avi
171.53983333333335,130.79419583333333,109.56547916666666,0.28630245001037674,0.578235000435955,0.9547926753758581,78,p58,v2,source1,data-videos\VIPL\VIPL\p56-60\p58\v2\source1\video.avi
171.20153333333332,130.09571250000002,108.4658125,0.4512020274207661,0.36933499346235027,0.2853617237263171,78,p58,v2,source1,data-videos\VIPL\VIPL\p56-60\p58\v2\source1\video.avi
172.03958333333333,132.32612916666668,110.8411125,8.875303208631179,7.287042825120411,6.783458233309583,78,p58,v2,source1,data-videos\VIPL\VIPL\p56-60\p58\v2\source1\video.avi
182.9616458333333,140.4893625,117.85510000000001,6.5882655752428905,5.319444940508751,4.925771984448506,78,p58,v2,source1,data-videos\VIPL\VIPL\p56-60\p58\v2\source1\video.avi
182.77800000000002,140.042125,117.41422083333335,4.492441988395312,3.498049831443785,3.28696495621235,78,p58,v2,source1,data-videos\VIPL\VIPL\p56-60\p58\v2\source1\video.avi
178.99677499999999,137.26415833333334,114.9668875,4.674191699144059,3.7028216734561594,3.323819109212156,78,p58,v2,source1,data-videos\VIPL\VIPL\p56-60\p58\v2\source1\video.avi
174.67730416666666,135.55123333333336,114.09821666666669,17.76183488702947,13.896430739272185,12.070382898277986,78,p58,v2,source1,data-videos\VIPL\VIPL\p56-60\p58\v2\source1\video.avi
164.88327083333334,128.8247125,109.33605833333336,23.912150425183373,18.846809223877926,16.603406989514063,78,p58,v2,source1,data-videos\VIPL\VIPL\p56-60\p58\v2\source1\video.avi
165.08668333333335,128.79764166666666,109.49945,18.95344191020844,15.274060533339231,13.633937784249703,78,p58,v2,source1,data-videos\VIPL\VIPL\p56-60\p58\v2\source1\video.avi
163.38435,127.80822499999998,108.70998333333333,18.289031260730354,15.392944184695786,13.953355178787,78,p58,v2,source1,data-videos\VIPL\VIPL\p56-60\p58\v2\source1\video.avi
182.58266249999997,138.33815416666667,114.72668750000001,1.0785958714406818,0.9086724617883488,0.7571055519808833,75,p58,v3,source1,data-videos\VIPL\VIPL\p56-60\p58\v3\source1\video.avi
189.27558333333334,142.96598333333333,118.85731666666666,2.7415331986889893,1.9981001981830566,1.775924331480885,75,p58,v3,source1,data-videos\VIPL\VIPL\p56-60\p58\v3\source1\video.avi
190.89490416666666,144.02047916666666,119.74907916666668,0.753101499126185,0.6707273026971047,0.5947887723805833,75,p58,v3,source1,data-videos\VIPL\VIPL\p56-60\p58\v3\source1\video.avi
193.05651666666665,145.9336125,121.30289583333334,1.4159366774501663,0.9237593264263816,0.8906509143403365,75,p58,v3,source1,data-videos\VIPL\VIPL\p56-60\p58\v3\source1\video.avi
191.41305416666665,145.3340875,120.50660416666666,0.37210694181355053,0.25848293094569585,0.2213262678497025,75,p58,v3,source1,data-videos\VIPL\VIPL\p56-60\p58\v3\source1\video.avi
190.55912500000002,144.99865833333334,120.17924166666666,0.8844141491138529,0.6218726991303032,0.5603037188845293,75,p58,v3,source1,data-videos\VIPL\VIPL\p56-60\p58\v3\source1\video.avi
194.6555708333333,147.9597,123.00115,1.8242568959240344,1.386121829725037,1.361620611177989,75,p58,v3,source1,data-videos\VIPL\VIPL\p56-60\p58\v3\source1\video.avi
194.4861208333333,147.20587500000002,122.73010833333333,1.1505196309711534,0.6978826726795757,0.7253604369122294,75,p58,v3,source1,data-videos\VIPL\VIPL\p56-60\p58\v3\source1\video.avi
191.19775833333333,144.31827916666668,120.40607916666666,2.321200536689533,1.761528574668889,1.5438323338592983,75,p58,v3,source1,data-videos\VIPL\VIPL\p56-60\p58\v3\source1\video.avi
193.5287,146.20553750000002,121.89245416666667,3.566782242836321,2.8146379534053776,2.4846283840177517,75,p58,v3,source1,data-videos\VIPL\VIPL\p56-60\p58\v3\source1\video.avi
201.89464166666664,153.37440416666666,128.06452083333335,2.8911058583647233,2.594916092714591,2.2416050163842787,75,p58,v3,source1,data-videos\VIPL\VIPL\p56-60\p58\v3\source1\video.avi
206.22577083333334,157.54060833333335,131.83560833333334,1.6877377476554554,1.4894759371774209,1.2567052635816744,74,p58,v3,source1,data-videos\VIPL\VIPL\p56-60\p58\v3\source1\video.avi
203.6220291666667,155.55050416666666,130.36640416666668,1.5399057029210876,1.1877395627070098,0.9549049568761641,74,p58,v3,source1,data-videos\VIPL\VIPL\p56-60\p58\v3\source1\video.avi
206.26603333333333,156.90180416666666,131.841225,0.5463269920315342,0.33641682370362047,0.3207520625962059,74,p58,v3,source1,data-videos\VIPL\VIPL\p56-60\p58\v3\source1\video.avi
203.57838333333333,154.51369583333334,129.60332916666667,1.948654652788261,1.6623019903802743,1.437030603459017,74,p58,v3,source1,data-videos\VIPL\VIPL\p56-60\p58\v3\source1\video.avi
200.21315833333335,151.3933291666667,127.03436249999999,0.6698405248639422,0.46417565116977844,0.42321494030155077,74,p58,v3,source1,data-videos\VIPL\VIPL\p56-60\p58\v3\source1\video.avi
199.1513625,150.20347916666668,126.1381125,0.996082551154912,0.7878356642436068,0.7240564138117587,74,p58,v3,source1,data-videos\VIPL\VIPL\p56-60\p58\v3\source1\video.avi
193.37363333333332,145.62309583333334,121.34612916666666,0.6713154532541169,0.4810550277125295,0.7562406672289151,74,p58,v3,source1,data-videos\VIPL\VIPL\p56-60\p58\v3\source1\video.avi
193.4826875,146.69591666666668,122.38171666666668,0.6138299612711724,0.6982868595315544,0.838509243224082,74,p58,v3,source1,data-videos\VIPL\VIPL\p56-60\p58\v3\source1\video.avi
192.282575,146.33704583333335,121.67609583333333,1.1772019949480743,0.9568274554012988,1.0536892117532934,74,p58,v3,source1,data-videos\VIPL\VIPL\p56-60\p58\v3\source1\video.avi
192.32065,146.53722916666666,121.37829583333333,0.6131179941269216,0.4236309464846095,0.3423837455781318,74,p58,v3,source1,data-videos\VIPL\VIPL\p56-60\p58\v3\source1\video.avi
193.8285125,147.83285833333332,122.65074166666668,1.6703975843675973,1.262227708562876,1.141859545112221,74,p58,v3,source1,data-videos\VIPL\VIPL\p56-60\p58\v3\source1\video.avi
194.41770416666662,148.2442,123.25951666666666,4.63090455596885,3.638838102095762,3.164447814313564,74,p58,v3,source1,data-videos\VIPL\VIPL\p56-60\p58\v3\source1\video.avi
159.7339625,119.10864583333333,97.87192916666667,1.3856225045960597,0.9896844014178054,0.7372834428523173,68,p58,v4,source1,data-videos\VIPL\VIPL\p56-60\p58\v4\source1\video.avi
162.70716249999998,121.1415625,99.20784583333334,1.0229752250210888,0.7372885319468058,0.5710966118221353,66,p58,v4,source1,data-videos\VIPL\VIPL\p56-60\p58\v4\source1\video.avi
166.360275,123.94364166666666,101.170975,1.5698616794495521,1.178768788689072,0.7227305271167035,65,p58,v4,source1,data-videos\VIPL\VIPL\p56-60\p58\v4\source1\video.avi
169.84143333333333,126.51010000000001,102.98686666666667,1.2168098532609968,0.9601279390116896,0.7517550673950717,65,p58,v4,source1,data-videos\VIPL\VIPL\p56-60\p58\v4\source1\video.avi
171.39142916666663,127.67387916666667,104.01692916666666,0.18853035076539557,0.17761631625109958,0.2857384684049202,65,p58,v4,source1,data-videos\VIPL\VIPL\p56-60\p58\v4\source1\video.avi
171.44288749999998,127.81135416666666,104.23320416666667,0.3580495188052442,0.383531619911868,0.28561069025666586,65,p58,v4,source1,data-videos\VIPL\VIPL\p56-60\p58\v4\source1\video.avi
171.09043333333332,127.46413333333334,103.95618333333334,0.13071060352932393,0.12907385348233005,0.17315400599370212,65,p58,v4,source1,data-videos\VIPL\VIPL\p56-60\p58\v4\source1\video.avi
171.78699583333332,127.85814583333331,104.2678125,0.40392951663591303,0.259433489054623,0.287874307967036,64,p58,v4,source1,data-videos\VIPL\VIPL\p56-60\p58\v4\source1\video.avi
173.2729416666667,128.96360833333335,105.082275,0.5286704048312579,0.45640299459164696,0.4018199349694939,63,p58,v4,source1,data-videos\VIPL\VIPL\p56-60\p58\v4\source1\video.avi
173.4679041666667,129.1818375,105.28135416666667,0.23233557753877934,0.2039324589478068,0.23490287775837593,63,p58,v4,source1,data-videos\VIPL\VIPL\p56-60\p58\v4\source1\video.avi
174.60472083333335,130.03340416666666,106.06238749999999,0.5345026924433308,0.45702862757557244,0.3359621120441507,63,p58,v4,source1,data-videos\VIPL\VIPL\p56-60\p58\v4\source1\video.avi
174.86640833333334,130.29375833333333,106.18845833333333,0.4084014368377187,0.34594729287052184,0.2939040199055926,63,p58,v4,source1,data-videos\VIPL\VIPL\p56-60\p58\v4\source1\video.avi
173.21037916666668,129.3896625,105.24689583333333,4.897692377616613,3.400634984526581,2.646271422064658,64,p58,v4,source1,data-videos\VIPL\VIPL\p56-60\p58\v4\source1\video.avi
175.16527083333335,130.88227916666668,106.77494583333333,9.006556660481975,6.324489195881313,5.510796907101499,64,p58,v4,source1,data-videos\VIPL\VIPL\p56-60\p58\v4\source1\video.avi
182.93010833333335,136.92417916666668,112.5665125,6.490426406746238,4.610260814254588,3.745575103506397,64,p58,v4,source1,data-videos\VIPL\VIPL\p56-60\p58\v4\source1\video.avi
185.14335416666668,138.79430000000002,114.18448333333333,2.120675433914144,1.5792231076435252,1.3835750188847524,64,p58,v4,source1,data-videos\VIPL\VIPL\p56-60\p58\v4\source1\video.avi
183.6654708333333,137.68419583333332,112.89779583333333,0.2085642285497592,0.13940218506676372,0.14024201762291,64,p58,v4,source1,data-videos\VIPL\VIPL\p56-60\p58\v4\source1\video.avi
183.65031666666667,137.80584583333334,112.83979583333334,0.1999001497275831,0.24665536172010719,0.286031344618325,64,p58,v4,source1,data-videos\VIPL\VIPL\p56-60\p58\v4\source1\video.avi
185.14617083333331,139.14995,114.0817166666667,0.9091486284110364,0.882460210249511,0.7391192194702267,64,p58,v4,source1,data-videos\VIPL\VIPL\p56-60\p58\v4\source1\video.avi
185.3318833333333,139.41220833333333,114.13604166666666,0.23135799827984427,0.18816143750115172,0.3142449684141507,64,p58,v4,source1,data-videos\VIPL\VIPL\p56-60\p58\v4\source1\video.avi
185.686375,139.58668749999998,114.6548375,0.4044619067696941,0.3002870602879685,0.300386604309532,65,p58,v4,source1,data-videos\VIPL\VIPL\p56-60\p58\v4\source1\video.avi
185.496025,139.23548333333335,114.37113333333333,0.22011621315038993,0.24170953800768732,0.26059616200699726,66,p58,v4,source1,data-videos\VIPL\VIPL\p56-60\p58\v4\source1\video.avi
184.96216249999998,138.86304166666665,114.06844166666667,0.3320874127729381,0.3104600724686242,0.30118311624971433,66,p58,v4,source1,data-videos\VIPL\VIPL\p56-60\p58\v4\source1\video.avi
186.97427083333335,139.79322916666666,114.92174583333333,1.1818725384103863,0.629655610234674,0.6345435157129361,67,p58,v4,source1,data-videos\VIPL\VIPL\p56-60\p58\v4\source1\video.avi
184.34650416666665,137.49005416666668,112.99690416666667,0.4531859001986788,0.4234645190436745,0.3320666865338276,67,p58,v4,source1,data-videos\VIPL\VIPL\p56-60\p58\v4\source1\video.avi
185.15728750000002,137.93540000000002,113.38968333333334,0.8951300007812318,0.5738313869593767,0.5923047230651447,67,p58,v4,source1,data-videos\VIPL\VIPL\p56-60\p58\v4\source1\video.avi
188.2876875,140.18287083333334,115.42885416666667,0.5768493335749244,0.32997679195538215,0.4076618383895733,67,p58,v4,source1,data-videos\VIPL\VIPL\p56-60\p58\v4\source1\video.avi
191.0517166666667,142.05882083333333,117.10525416666667,2.1057268887818505,1.9225810913218562,1.3493903266074145,67,p58,v4,source1,data-videos\VIPL\VIPL\p56-60\p58\v4\source1\video.avi
156.77731666666668,125.31656666666666,107.14643333333333,23.140037729799143,11.7483548502723,7.050076640718171,67,p58,v4,source1,data-videos\VIPL\VIPL\p56-60\p58\v4\source1\video.avi
129.15379583333333,115.93476249999998,107.01557916666667,1.0991972840851973,0.9488639847536098,0.9834967533168184,67,p58,v4,source1,data-videos\VIPL\VIPL\p56-60\p58\v4\source1\video.avi
123.45642499999998,114.62764166666666,108.03545833333334,1.0089298952906047,0.2936030348673751,0.5462797824324486,66,p58,v4,source1,data-videos\VIPL\VIPL\p56-60\p58\v4\source1\video.avi
125.54954166666664,115.63737499999999,108.48340833333333,0.14705075182096625,0.2146941784906555,0.22640516379809975,65,p58,v4,source1,data-videos\VIPL\VIPL\p56-60\p58\v4\source1\video.avi
149.8871,114.79334583333333,96.00814583333333,0.34670839552537086,0.34515926315897183,0.31217770046347904,67,p58,v5,source1,data-videos\VIPL\VIPL\p56-60\p58\v5\source1\video.avi
150.2488875,114.00952916666665,95.01569583333334,0.6065045719233202,0.3645914310053118,0.2772456976046302,67,p58,v5,source1,data-videos\VIPL\VIPL\p56-60\p58\v5\source1\video.avi
152.73095,114.93233333333333,95.11126666666667,0.69373038906216,0.7273906925566583,0.9288450362061054,67,p58,v5,source1,data-videos\VIPL\VIPL\p56-60\p58\v5\source1\video.avi
148.8828375,113.15906666666667,94.62185000000001,1.8482967645728736,0.48762453313230747,0.7230516866466046,68,p58,v5,source1,data-videos\VIPL\VIPL\p56-60\p58\v5\source1\video.avi
149.48569166666667,114.15839166666666,94.44147500000001,2.6095470966002896,1.8551863343445822,1.684395063187045,69,p58,v5,source1,data-videos\VIPL\VIPL\p56-60\p58\v5\source1\video.avi
145.8283625,110.70398333333333,91.28085000000002,1.01043994325423,0.71460771355397,0.6119014072442548,69,p58,v5,source1,data-videos\VIPL\VIPL\p56-60\p58\v5\source1\video.avi
148.008975,111.78957083333334,92.22238749999998,0.3445612242000298,0.1879798773953087,0.2699242594383336,68,p58,v5,source1,data-videos\VIPL\VIPL\p56-60\p58\v5\source1\video.avi
147.48420833333333,111.48160833333333,91.61752499999999,0.9015640046684915,0.6937483640371107,0.49305990828673385,68,p58,v5,source1,data-videos\VIPL\VIPL\p56-60\p58\v5\source1\video.avi
146.88665,110.48450416666668,90.7294375,0.35596538055375265,0.4284938782704801,0.45433847190020205,68,p58,v5,source1,data-videos\VIPL\VIPL\p56-60\p58\v5\source1\video.avi
147.59502083333334,111.61482916666668,91.45897916666667,0.34770827591371384,0.3506557224112031,0.3357624912357432,68,p58,v5,source1,data-videos\VIPL\VIPL\p56-60\p58\v5\source1\video.avi
148.36932916666666,111.80544166666668,91.59842499999999,0.19269462356638026,0.21558966755608705,0.2437820230389106,68,p58,v5,source1,data-videos\VIPL\VIPL\p56-60\p58\v5\source1\video.avi
148.18927916666667,111.4523125,91.44362916666667,0.25507085228912263,0.1821738929071454,0.29891534342472764,68,p58,v5,source1,data-videos\VIPL\VIPL\p56-60\p58\v5\source1\video.avi
147.96847083333333,111.236825,91.369075,0.2565674536333247,0.1964797556365531,0.14392930339232446,68,p58,v5,source1,data-videos\VIPL\VIPL\p56-60\p58\v5\source1\video.avi
148.35021666666665,111.37605416666665,91.48602083333333,0.4463758390498963,0.43225964170533293,0.29681080592506837,68,p58,v5,source1,data-videos\VIPL\VIPL\p56-60\p58\v5\source1\video.avi
148.92684166666666,111.73376666666667,91.47795,0.5233551388105832,0.4096957836479269,0.34321455105452015,68,p58,v5,source1,data-videos\VIPL\VIPL\p56-60\p58\v5\source1\video.avi
148.12879583333333,110.98867083333333,91.16617083333333,0.4173164434315205,0.4934174506693086,0.37846238997422094,68,p58,v5,source1,data-videos\VIPL\VIPL\p56-60\p58\v5\source1\video.avi
148.40487083333332,111.16562500000002,91.308475,0.31258189660204544,0.54405745617995,0.42509687711221156,67,p58,v5,source1,data-videos\VIPL\VIPL\p56-60\p58\v5\source1\video.avi
149.2349458333333,111.69233333333334,91.43230000000001,0.5051211154267831,0.39250601662939777,0.2831068747570816,66,p58,v5,source1,data-videos\VIPL\VIPL\p56-60\p58\v5\source1\video.avi
149.09974583333332,111.99909583333334,91.76059583333334,0.36285395683808414,0.2985016382795177,0.3653991343190508,65,p58,v5,source1,data-videos\VIPL\VIPL\p56-60\p58\v5\source1\video.avi
153.00824583333332,114.7934875,94.21685416666668,4.177230084982384,2.7472474368485322,1.9535802253935237,64,p58,v5,source1,data-videos\VIPL\VIPL\p56-60\p58\v5\source1\video.avi
151.40832916666668,113.319475,93.89104166666667,0.46560902608692384,0.623372435326587,0.5273461943358994,63,p58,v5,source1,data-videos\VIPL\VIPL\p56-60\p58\v5\source1\video.avi
139.05320416666666,153.67415416666665,155.96867083333333,0.25830077798899764,0.242150093562858,0.6839862190223596,71,p58,v6,source1,data-videos\VIPL\VIPL\p56-60\p58\v6\source1\video.avi
139.42867500000003,154.016,156.66949166666666,0.338246677274883,0.29594107193080815,0.6741449183502743,71,p58,v6,source1,data-videos\VIPL\VIPL\p56-60\p58\v6\source1\video.avi
139.36670833333332,154.1680125,156.60127500000002,0.13433628641295176,0.44630287766393767,0.7570942901197613,72,p58,v6,source1,data-videos\VIPL\VIPL\p56-60\p58\v6\source1\video.avi
139.87423333333334,153.84274166666668,155.9383875,0.3716935316804129,0.2515183885065739,0.7476276264374515,72,p58,v6,source1,data-videos\VIPL\VIPL\p56-60\p58\v6\source1\video.avi
139.97027083333333,153.819375,155.78153333333333,0.1614465963475936,0.3063661301925633,0.45880821565225105,72,p58,v6,source1,data-videos\VIPL\VIPL\p56-60\p58\v6\source1\video.avi
139.96066249999998,153.4131416666667,154.99995416666667,0.2525600380355136,0.19862074693020063,0.2521940374686177,72,p58,v6,source1,data-videos\VIPL\VIPL\p56-60\p58\v6\source1\video.avi
138.32694166666667,151.52244583333334,153.58846666666668,0.8538079118962666,0.8977935772747732,0.9563661578506097,72,p58,v6,source1,data-videos\VIPL\VIPL\p56-60\p58\v6\source1\video.avi
140.12235833333332,152.387575,153.8712125,0.40577683115400676,0.276673642168592,0.29184719841420736,72,p58,v6,source1,data-videos\VIPL\VIPL\p56-60\p58\v6\source1\video.avi
140.3215375,153.145025,154.99028333333334,0.5442648953264595,0.6722150930464462,0.6956700129691128,72,p58,v6,source1,data-videos\VIPL\VIPL\p56-60\p58\v6\source1\video.avi
141.888375,153.54776666666666,154.46019583333336,0.6758613614204563,0.2848774195450841,0.6586038007965076,72,p58,v6,source1,data-videos\VIPL\VIPL\p56-60\p58\v6\source1\video.avi
142.48062499999997,153.658975,154.2185,0.6212588209188218,0.17102780262528552,0.38761489448112113,72,p58,v6,source1,data-videos\VIPL\VIPL\p56-60\p58\v6\source1\video.avi
142.54355,154.31806666666665,155.2482625,0.5368024607572133,0.23896589656732015,0.6321473357511049,72,p58,v6,source1,data-videos\VIPL\VIPL\p56-60\p58\v6\source1\video.avi
143.16817083333333,153.66770416666665,153.9505125,0.21697212058490528,0.24405526020703386,0.3433712103904493,72,p58,v6,source1,data-videos\VIPL\VIPL\p56-60\p58\v6\source1\video.avi
142.04560833333332,153.77910000000003,154.00325416666666,0.2783284254183041,0.11627404127151897,0.18580780439370773,72,p58,v6,source1,data-videos\VIPL\VIPL\p56-60\p58\v6\source1\video.avi
143.39235416666668,153.42279166666665,153.02033333333333,0.6778236619259232,0.466587828161955,0.695581233648643,72,p58,v6,source1,data-videos\VIPL\VIPL\p56-60\p58\v6\source1\video.avi
144.46729166666668,153.2176,152.352075,0.5410716531608057,0.4447999759957645,0.42951127236694875,72,p58,v6,source1,data-videos\VIPL\VIPL\p56-60\p58\v6\source1\video.avi
144.40347083333333,153.18017083333334,152.20530416666668,0.5270322280231078,0.3632979231597972,0.34489276453381523,72,p58,v6,source1,data-videos\VIPL\VIPL\p56-60\p58\v6\source1\video.avi
145.90608333333333,154.26831249999998,153.09458333333333,0.8590929385598113,0.7805828329061413,0.8087154353553179,72,p58,v6,source1,data-videos\VIPL\VIPL\p56-60\p58\v6\source1\video.avi
145.47688333333335,153.63418333333334,152.3176125,0.17837450342530117,0.19224915492517589,0.3837944666600713,72,p58,v6,source1,data-videos\VIPL\VIPL\p56-60\p58\v6\source1\video.avi
150.49165000000002,157.65526250000002,156.005175,7.402287124075709,6.366506449440217,6.111452498485937,72,p58,v6,source1,data-videos\VIPL\VIPL\p56-60\p58\v6\source1\video.avi
158.1523875,162.9947625,160.55735,7.128906869226456,5.623356183770385,5.120323509853217,72,p58,v6,source1,data-videos\VIPL\VIPL\p56-60\p58\v6\source1\video.avi
162.84844166666664,132.2572416666667,115.06536249999999,0.32957847325746736,0.13816999995979504,0.19602544681395476,91,p58,v7,source1,data-videos\VIPL\VIPL\p56-60\p58\v7\source1\video.avi
162.86559166666666,131.96060833333334,114.57735833333332,0.18038527854367234,0.16903913162588685,0.33588643976300464,90,p58,v7,source1,data-videos\VIPL\VIPL\p56-60\p58\v7\source1\video.avi
163.24049583333334,132.15526666666668,114.51945833333333,0.21556758551232114,0.18238645411826665,0.19791256355395845,88,p58,v7,source1,data-videos\VIPL\VIPL\p56-60\p58\v7\source1\video.avi
162.9211125,131.87255416666667,114.44624583333334,0.18405242431392826,0.18467749225564384,0.17544785569919233,86,p58,v7,source1,data-videos\VIPL\VIPL\p56-60\p58\v7\source1\video.avi
162.9774166666667,131.45887499999998,114.29137083333333,0.4392284448167158,0.2760676025551623,0.18531423593903112,86,p58,v7,source1,data-videos\VIPL\VIPL\p56-60\p58\v7\source1\video.avi
161.26857916666668,130.667875,114.207075,0.29419338417385754,0.18507217764294004,0.16403199827574208,85,p58,v7,source1,data-videos\VIPL\VIPL\p56-60\p58\v7\source1\video.avi
161.61224583333333,130.7476333333333,114.12927083333332,0.26913308949497583,0.15322334290994752,0.1646810258584085,84,p58,v7,source1,data-videos\VIPL\VIPL\p56-60\p58\v7\source1\video.avi
160.13272916666668,130.31764583333333,113.92524583333332,0.7439625169069325,0.1868326921636341,0.24750989717865524,83,p58,v7,source1,data-videos\VIPL\VIPL\p56-60\p58\v7\source1\video.avi
160.43181666666666,131.10422083333333,114.72349583333333,0.8156947570638111,0.36173844708189673,0.18388693895827604,83,p58,v7,source1,data-videos\VIPL\VIPL\p56-60\p58\v7\source1\video.avi
159.16935,131.48000833333333,115.48683333333332,0.8831576462865748,0.2769453524238403,0.5539244003647454,83,p58,v7,source1,data-videos\VIPL\VIPL\p56-60\p58\v7\source1\video.avi
159.61884166666667,131.15404583333333,114.5895125,0.7572596275432503,0.12561761545459907,0.5375930133668336,82,p58,v7,source1,data-videos\VIPL\VIPL\p56-60\p58\v7\source1\video.avi
160.55365416666666,131.1310375,114.14248333333335,0.37925575409463724,0.07993194522876983,0.17957096989537794,82,p58,v7,source1,data-videos\VIPL\VIPL\p56-60\p58\v7\source1\video.avi
159.6551125,130.72106666666667,114.08799583333331,0.332936578878854,0.1973314072083629,0.21427589683694812,81,p58,v7,source1,data-videos\VIPL\VIPL\p56-60\p58\v7\source1\video.avi
159.63195,130.608875,113.78257083333334,0.23121555208890449,0.14349857238933708,0.16706122754846606,81,p58,v7,source1,data-videos\VIPL\VIPL\p56-60\p58\v7\source1\video.avi
159.135625,130.73898333333332,113.92708333333334,0.16560293354051023,0.10052594019842857,0.17462772655550435,81,p58,v7,source1,data-videos\VIPL\VIPL\p56-60\p58\v7\source1\video.avi
160.18635,130.91015833333333,113.7156875,0.5094331583022256,0.13521555938574736,0.3050181062476289,81,p58,v7,source1,data-videos\VIPL\VIPL\p56-60\p58\v7\source1\video.avi
159.23707916666666,130.50954583333333,113.56313333333334,0.2849544074155654,0.21757701158950946,0.35029151044760815,81,p58,v7,source1,data-videos\VIPL\VIPL\p56-60\p58\v7\source1\video.avi
158.95422083333335,131.04472083333334,114.73950416666666,0.4349332654749055,0.10603552176039983,0.24754331705672158,81,p58,v7,source1,data-videos\VIPL\VIPL\p56-60\p58\v7\source1\video.avi
159.4374083333333,130.90012916666666,114.27343333333334,0.4025717320052678,0.13574546391029713,0.1840446038743802,81,p58,v7,source1,data-videos\VIPL\VIPL\p56-60\p58\v7\source1\video.avi
158.92833749999997,130.5843375,114.09914583333334,0.32393128970723056,0.09800329890989426,0.28150748244693424,81,p58,v7,source1,data-videos\VIPL\VIPL\p56-60\p58\v7\source1\video.avi
158.45684583333332,130.85487500000002,114.52039583333334,2.6288307105945936,0.3221417179725916,1.4370286630656404,81,p58,v7,source1,data-videos\VIPL\VIPL\p56-60\p58\v7\source1\video.avi
160.13174166666667,130.41629166666667,113.0158875,0.9299757928450489,0.33335580653410074,0.19193700617722892,81,p58,v7,source1,data-videos\VIPL\VIPL\p56-60\p58\v7\source1\video.avi
137.66314583333332,108.33492916666668,91.2262125,0.2039048172044163,0.13945130484728788,0.2089456166785198,76,p59,v1,source1,data-videos\VIPL\VIPL\p56-60\p59\v1\source1\video.avi
136.03959166666667,107.10180833333332,90.21759166666666,0.6696445561100165,0.49006389790289434,0.4426735028651347,76,p59,v1,source1,data-videos\VIPL\VIPL\p56-60\p59\v1\source1\video.avi
135.51015,106.78490000000002,90.07480000000001,0.24394756430828513,0.26525545123469596,0.4062642699630515,76,p59,v1,source1,data-videos\VIPL\VIPL\p56-60\p59\v1\source1\video.avi
136.00982916666666,107.41507916666666,90.59017916666667,0.5545984595044615,0.20563394163267115,0.2070551718779049,76,p59,v1,source1,data-videos\VIPL\VIPL\p56-60\p59\v1\source1\video.avi
137.520175,108.35129166666665,91.27862499999999,1.3679298471037231,1.0411179379704731,0.9489346594192982,77,p59,v1,source1,data-videos\VIPL\VIPL\p56-60\p59\v1\source1\video.avi
108.302875,87.31659166666664,74.246075,21.28653777882573,15.25841711216077,12.273182575937328,77,p59,v1,source1,data-videos\VIPL\VIPL\p56-60\p59\v1\source1\video.avi
107.19953749999999,85.7154875,72.68267083333333,10.922217686766642,7.382540451437979,5.752296119440407,76,p59,v1,source1,data-videos\VIPL\VIPL\p56-60\p59\v1\source1\video.avi
127.52795000000002,99.68908333333333,84.11656666666667,4.208739842858086,2.868852306333589,2.4952014093722648,76,p59,v1,source1,data-videos\VIPL\VIPL\p56-60\p59\v1\source1\video.avi
129.18990000000002,100.60578333333333,84.85391666666666,0.4808277210099945,0.3123252943869399,0.24160610232474522,76,p59,v1,source1,data-videos\VIPL\VIPL\p56-60\p59\v1\source1\video.avi
130.4365875,101.49862083333335,85.52798750000002,0.907095947738043,0.7057577655828925,0.6022410121671491,76,p59,v1,source1,data-videos\VIPL\VIPL\p56-60\p59\v1\source1\video.avi
131.8152625,102.64456249999998,86.41747916666667,0.19506941232546032,0.16613170916976258,0.17947945081231093,76,p59,v1,source1,data-videos\VIPL\VIPL\p56-60\p59\v1\source1\video.avi
132.64469583333332,103.46287916666667,87.03372916666666,0.29046672799039386,0.2701648109385164,0.2646074431272358,77,p59,v1,source1,data-videos\VIPL\VIPL\p56-60\p59\v1\source1\video.avi
132.8443375,103.81375416666668,87.27027083333333,0.21558958018265656,0.20234649634558458,0.25157071846478685,77,p59,v1,source1,data-videos\VIPL\VIPL\p56-60\p59\v1\source1\video.avi
133.1177625,104.00207916666666,87.34344583333333,0.15866860916615702,0.12475345644844082,0.192535663453265,77,p59,v1,source1,data-videos\VIPL\VIPL\p56-60\p59\v1\source1\video.avi
133.02250416666666,103.88855416666667,87.26057083333333,0.4376965089232639,0.3860025876514447,0.3435695815927744,77,p59,v1,source1,data-videos\VIPL\VIPL\p56-60\p59\v1\source1\video.avi
133.28713333333334,104.12844999999999,87.57638333333334,0.35153568122398415,0.2484307578050896,0.24251754754667826,77,p59,v1,source1,data-videos\VIPL\VIPL\p56-60\p59\v1\source1\video.avi
133.32279583333332,104.0165625,87.51554583333332,0.2712135707104298,0.19464448316453445,0.20484951344760888,77,p59,v1,source1,data-videos\VIPL\VIPL\p56-60\p59\v1\source1\video.avi
133.94313333333332,104.20161666666665,87.64881666666666,0.22946904656910236,0.19813134216978476,0.21401987284414095,77,p59,v1,source1,data-videos\VIPL\VIPL\p56-60\p59\v1\source1\video.avi
134.77768333333333,104.93168333333335,88.20976666666667,0.5471544930872412,0.31261125197457273,0.33509483172678145,77,p59,v1,source1,data-videos\VIPL\VIPL\p56-60\p59\v1\source1\video.avi
134.64480833333334,104.97900833333335,88.31142499999999,0.5509645808400729,0.38250806332278114,0.32527096039088804,77,p59,v1,source1,data-videos\VIPL\VIPL\p56-60\p59\v1\source1\video.avi
134.00610416666666,104.56838749999999,87.82555416666668,0.20831119257348812,0.22934840922164781,0.27755758242660167,77,p59,v1,source1,data-videos\VIPL\VIPL\p56-60\p59\v1\source1\video.avi
134.78325833333332,105.157975,88.38504166666668,0.24448054079290144,0.19720234488055552,0.21727994735095446,77,p59,v1,source1,data-videos\VIPL\VIPL\p56-60\p59\v1\source1\video.avi
135.77124999999998,105.84668333333333,88.95125000000002,0.3296671511624324,0.27664347242133436,0.22659313298656455,77,p59,v1,source1,data-videos\VIPL\VIPL\p56-60\p59\v1\source1\video.avi
135.56080416666666,106.2298875,89.85578749999999,6.292626880336931,4.464320051919689,3.7749843177194498,75,p59,v2,source1,data-videos\VIPL\VIPL\p56-60\p59\v2\source1\video.avi
130.2351,101.71735000000001,86.17574999999997,13.327720054532175,9.48274832879461,7.974373753548596,75,p59,v2,source1,data-videos\VIPL\VIPL\p56-60\p59\v2\source1\video.avi
126.65785,98.83581666666664,83.65528333333333,13.332152676857094,9.24987898811985,7.591579748605979,75,p59,v2,source1,data-videos\VIPL\VIPL\p56-60\p59\v2\source1\video.avi
108.47262916666665,85.43011249999999,72.2065125,7.810321119896593,6.100431817303544,5.115559618220614,75,p59,v2,source1,data-videos\VIPL\VIPL\p56-60\p59\v2\source1\video.avi
141.39792083333336,109.53805000000003,91.95751666666666,3.696204433463919,2.573192234487155,2.0366453869080616,75,p59,v2,source1,data-videos\VIPL\VIPL\p56-60\p59\v2\source1\video.avi
140.0147333333333,109.58025416666668,92.4025375,15.42842440041225,11.194033394540606,9.476656659437866,75,p59,v2,source1,data-videos\VIPL\VIPL\p56-60\p59\v2\source1\video.avi
127.20170833333333,100.17769166666668,84.19940833333334,7.1256981858821895,5.590277645773981,4.867858898958928,75,p59,v2,source1,data-videos\VIPL\VIPL\p56-60\p59\v2\source1\video.avi
141.15043333333335,110.20082916666667,93.15487916666667,8.398831659080294,6.146132601292752,5.491951099162327,75,p59,v2,source1,data-videos\VIPL\VIPL\p56-60\p59\v2\source1\video.avi
125.97009999999999,98.14367083333335,83.02610416666668,12.468081914727748,9.531355427571746,8.204309404600952,75,p59,v2,source1,data-videos\VIPL\VIPL\p56-60\p59\v2\source1\video.avi
126.7787333333333,98.29583333333333,82.81908333333332,4.443400372896206,3.374899345078268,2.9630330197645915,75,p59,v2,source1,data-videos\VIPL\VIPL\p56-60\p59\v2\source1\video.avi
132.86900000000003,102.80391666666667,86.61565,11.364018125152072,7.808330772244778,6.532633588050777,75,p59,v2,source1,data-videos\VIPL\VIPL\p56-60\p59\v2\source1\video.avi
132.13854583333332,102.73338749999999,86.30280416666666,14.844778224781646,10.288122704849252,8.385730387450275,75,p59,v2,source1,data-videos\VIPL\VIPL\p56-60\p59\v2\source1\video.avi
131.40525833333334,102.78289166666666,86.61130833333333,6.780601258914714,4.690528161362504,3.7326662251675997,75,p59,v2,source1,data-videos\VIPL\VIPL\p56-60\p59\v2\source1\video.avi
141.20156666666665,109.48966666666666,92.6167,14.699571495593416,10.502712766010147,8.801662060713701,75,p59,v2,source1,data-videos\VIPL\VIPL\p56-60\p59\v2\source1\video.avi
131.48402916666666,102.04628749999998,86.09910416666668,14.977573061054857,10.385239439681392,8.549569984211521,75,p59,v2,source1,data-videos\VIPL\VIPL\p56-60\p59\v2\source1\video.avi
123.29774583333334,96.56842916666666,81.60284583333333,5.01420096406751,3.6719270331916083,3.2285601525465055,74,p59,v2,source1,data-videos\VIPL\VIPL\p56-60\p59\v2\source1\video.avi
127.40289999999999,98.81039999999999,83.20875,3.8535268538397247,2.958194157183944,2.624309611262338,74,p59,v2,source1,data-videos\VIPL\VIPL\p56-60\p59\v2\source1\video.avi
131.5421375,102.5401375,86.7147875,5.373466170452734,3.5758507703101614,2.937462028194293,73,p59,v2,source1,data-videos\VIPL\VIPL\p56-60\p59\v2\source1\video.avi
140.7882375,109.5547625,92.37216250000002,13.939163359105892,9.913893540501423,8.269173884862399,73,p59,v2,source1,data-videos\VIPL\VIPL\p56-60\p59\v2\source1\video.avi
130.18862916666666,101.67405833333332,85.95039166666668,17.921170385758348,12.352945423037722,10.068751294239176,72,p59,v2,source1,data-videos\VIPL\VIPL\p56-60\p59\v2\source1\video.avi
131.07080833333333,101.8226375,86.02002083333333,16.33710062668795,11.289199260579531,9.284285200582968,72,p59,v2,source1,data-videos\VIPL\VIPL\p56-60\p59\v2\source1\video.avi
127.10582916666667,98.85331249999999,83.56474583333335,15.944534921755364,11.002518973693846,9.015933721802613,72,p59,v2,source1,data-videos\VIPL\VIPL\p56-60\p59\v2\source1\video.avi
130.6926375,101.17862083333334,85.58353749999998,15.56924734973028,10.725121085348267,8.89728341574574,72,p59,v2,source1,data-videos\VIPL\VIPL\p56-60\p59\v2\source1\video.avi
130.36322499999997,100.97675,85.34684999999999,16.66573574370147,11.527863065832427,9.463563567727364,72,p59,v2,source1,data-videos\VIPL\VIPL\p56-60\p59\v2\source1\video.avi
130.92724166666667,101.33519166666665,85.50929166666666,14.164577622661495,9.680962368838903,8.011636017402887,72,p59,v2,source1,data-videos\VIPL\VIPL\p56-60\p59\v2\source1\video.avi
150.33224166666665,114.800275,96.50920833333333,1.0271544271033706,0.7473715352496294,0.7046222127307731,72,p59,v3,source1,data-videos\VIPL\VIPL\p56-60\p59\v3\source1\video.avi
139.43486249999998,106.81984583333333,89.74466249999999,3.393118791274686,2.4363557011517694,2.0401147797315633,72,p59,v3,source1,data-videos\VIPL\VIPL\p56-60\p59\v3\source1\video.avi
136.70795833333332,104.87477499999999,88.15720833333333,1.079895663121753,0.7498802037890591,0.5818740773056311,72,p59,v3,source1,data-videos\VIPL\VIPL\p56-60\p59\v3\source1\video.avi
138.98235000000003,106.65248333333335,89.62438333333334,3.454212372420771,2.590714643047626,2.2928636288689925,73,p59,v3,source1,data-videos\VIPL\VIPL\p56-60\p59\v3\source1\video.avi
144.10794583333333,110.65521250000002,93.13084583333335,2.235399556574779,1.5217733320706448,1.3756683998277792,73,p59,v3,source1,data-videos\VIPL\VIPL\p56-60\p59\v3\source1\video.avi
142.096675,109.40844166666668,91.99775833333335,1.8112508810959447,1.3671411407949698,1.1060153219848614,73,p59,v3,source1,data-videos\VIPL\VIPL\p56-60\p59\v3\source1\video.avi
144.23349583333334,110.82286249999999,93.32161249999999,0.7040276348693447,0.5117995824579832,0.5218657734713351,74,p59,v3,source1,data-videos\VIPL\VIPL\p56-60\p59\v3\source1\video.avi
141.372175,108.48994166666667,91.31407499999999,1.6048851251833298,1.1796635154221136,0.9752705114942603,74,p59,v3,source1,data-videos\VIPL\VIPL\p56-60\p59\v3\source1\video.avi
140.58400833333334,107.86527500000003,90.80440833333333,0.9288332254470891,0.6235921914600906,0.4877431647109195,74,p59,v3,source1,data-videos\VIPL\VIPL\p56-60\p59\v3\source1\video.avi
144.41068333333334,110.63966666666667,93.22193333333334,1.667140609457222,1.1855487525268869,1.123389731475556,74,p59,v3,source1,data-videos\VIPL\VIPL\p56-60\p59\v3\source1\video.avi
141.15994999999998,107.98086666666666,91.07391666666666,2.0751443099751476,1.5921890227939492,1.302850195511535,74,p59,v3,source1,data-videos\VIPL\VIPL\p56-60\p59\v3\source1\video.avi
138.7978875,105.95870416666668,89.44293750000001,0.6760980090286458,0.5398155284511023,0.4764221300558397,74,p59,v3,source1,data-videos\VIPL\VIPL\p56-60\p59\v3\source1\video.avi
138.75250833333337,105.95704166666667,89.18204166666666,1.4538249974444808,1.0992489402491543,0.783318712186241,74,p59,v3,source1,data-videos\VIPL\VIPL\p56-60\p59\v3\source1\video.avi
144.7864875,110.79822083333335,93.31748749999998,1.4243083651470227,0.7134123337290068,0.6075854423224935,75,p59,v3,source1,data-videos\VIPL\VIPL\p56-60\p59\v3\source1\video.avi
141.3588125,109.16512916666669,92.27227916666666,1.1351933645094976,0.7922971043945228,0.6696733522511397,75,p59,v3,source1,data-videos\VIPL\VIPL\p56-60\p59\v3\source1\video.avi
143.02493333333334,110.46408333333333,93.4041,0.9574034278612903,0.7352969579152638,0.6680382433019008,75,p59,v3,source1,data-videos\VIPL\VIPL\p56-60\p59\v3\source1\video.avi
140.56596666666667,108.47051666666668,91.38388333333334,1.467076242977281,1.2538734244941845,1.3039474341558661,75,p59,v3,source1,data-videos\VIPL\VIPL\p56-60\p59\v3\source1\video.avi
139.25377500000002,107.285175,90.08247499999999,1.0828772133860936,0.6924592608102982,0.6479637069472597,75,p59,v3,source1,data-videos\VIPL\VIPL\p56-60\p59\v3\source1\video.avi
138.66954583333333,107.0207625,89.78471249999998,0.3040343731709383,0.19991408901353364,0.21110254403304085,75,p59,v3,source1,data-videos\VIPL\VIPL\p56-60\p59\v3\source1\video.avi
135.36265416666666,104.56057083333333,87.84870416666666,1.8959992253701392,1.3539153138906075,1.0168319713118505,76,p59,v3,source1,data-videos\VIPL\VIPL\p56-60\p59\v3\source1\video.avi
136.7381208333333,105.14062083333334,88.44277083333333,3.2208699529612965,2.11797763873806,1.7976653590297498,76,p59,v3,source1,data-videos\VIPL\VIPL\p56-60\p59\v3\source1\video.avi
137.24279166666668,105.23565833333332,88.56324166666667,1.867312630511945,1.282008923173791,1.0799467572717032,75,p59,v3,source1,data-videos\VIPL\VIPL\p56-60\p59\v3\source1\video.avi
131.152875,101.46334166666668,85.50577500000001,0.986498453953568,0.5802042473823822,0.3767715839316082,76,p59,v3,source1,data-videos\VIPL\VIPL\p56-60\p59\v3\source1\video.avi
137.49822916666668,105.97849583333333,89.2153125,2.3360321655845886,1.7258769940256313,1.460684282719822,76,p59,v3,source1,data-videos\VIPL\VIPL\p56-60\p59\v3\source1\video.avi
143.44714166666665,111.49067500000001,94.0815416666667,0.8328169895542931,0.8923127089705026,1.0036370357251507,76,p59,v3,source1,data-videos\VIPL\VIPL\p56-60\p59\v3\source1\video.avi
138.50261666666665,108.33269999999999,91.72383333333333,2.823602458413671,2.1300636884306607,1.919430942100563,76,p59,v3,source1,data-videos\VIPL\VIPL\p56-60\p59\v3\source1\video.avi
137.27957916666668,101.75957916666664,88.20067916666669,0.36226695392041697,0.3157645737597351,0.34757481099198034,79,p59,v4,source1,data-videos\VIPL\VIPL\p56-60\p59\v4\source1\video.avi
136.8017625,101.46994583333333,87.75574583333334,0.22778654481773078,0.2900547319041715,0.2146880482364008,80,p59,v4,source1,data-videos\VIPL\VIPL\p56-60\p59\v4\source1\video.avi
136.42586666666668,101.50573333333334,87.68993333333334,0.16442240476133196,0.1565830325303125,0.1563947714874472,80,p59,v4,source1,data-videos\VIPL\VIPL\p56-60\p59\v4\source1\video.avi
135.5403625,101.16779583333333,87.30399583333333,0.34358488852829416,0.20895911365756487,0.17957861768750674,80,p59,v4,source1,data-videos\VIPL\VIPL\p56-60\p59\v4\source1\video.avi
135.22993333333335,100.9294,87.07218333333334,0.25656516167925114,0.10719383193153591,0.1460170850686471,81,p59,v4,source1,data-videos\VIPL\VIPL\p56-60\p59\v4\source1\video.avi
135.86860000000001,101.15025000000001,87.49923333333334,0.16319022769965866,0.15934027399457593,0.2077566578689816,80,p59,v4,source1,data-videos\VIPL\VIPL\p56-60\p59\v4\source1\video.avi
135.490275,100.543725,87.22960833333335,0.2961762799157312,0.28937787417578986,0.2635894361844872,79,p59,v4,source1,data-videos\VIPL\VIPL\p56-60\p59\v4\source1\video.avi
135.13449583333332,100.7278125,87.1254125,0.253022224814345,0.27483704768058315,0.2214325449080245,79,p59,v4,source1,data-videos\VIPL\VIPL\p56-60\p59\v4\source1\video.avi
135.37595416666667,101.16095416666667,87.48992083333334,0.2651874184604609,0.24225412556686515,0.23564743166139404,79,p59,v4,source1,data-videos\VIPL\VIPL\p56-60\p59\v4\source1\video.avi
134.90160833333331,101.17079166666669,87.25175833333334,0.21834880487485553,0.11956465083446195,0.19421656485094332,79,p59,v4,source1,data-videos\VIPL\VIPL\p56-60\p59\v4\source1\video.avi
134.59659166666665,101.31054166666667,87.28340833333334,0.12852859712055312,0.16240336870479696,0.187325649308603,79,p59,v4,source1,data-videos\VIPL\VIPL\p56-60\p59\v4\source1\video.avi
133.48138333333335,100.42138333333332,86.7993,0.35966747943606026,0.4172574369385832,0.27349635242844833,79,p59,v4,source1,data-videos\VIPL\VIPL\p56-60\p59\v4\source1\video.avi
133.24181666666667,99.84049999999999,86.44681666666668,0.14062720084697572,0.15617975365388706,0.18371401546742963,79,p59,v4,source1,data-videos\VIPL\VIPL\p56-60\p59\v4\source1\video.avi
131.89722083333334,98.63935416666668,85.58257083333334,0.6585356247218358,0.5291607315940124,0.3785760220146602,79,p59,v4,source1,data-videos\VIPL\VIPL\p56-60\p59\v4\source1\video.avi
131.4964625,97.90734583333332,84.97686250000001,0.2064464142203599,0.289275611561785,0.3576951831207379,79,p59,v4,source1,data-videos\VIPL\VIPL\p56-60\p59\v4\source1\video.avi
132.17851666666664,98.60880000000002,85.49568333333333,0.158207231253293,0.08383675088295683,0.18206288281418412,79,p59,v4,source1,data-videos\VIPL\VIPL\p56-60\p59\v4\source1\video.avi
132.0262375,98.54308749999998,85.36428749999999,0.2100884348349246,0.1964885048411803,0.21412257303872026,79,p59,v4,source1,data-videos\VIPL\VIPL\p56-60\p59\v4\source1\video.avi
132.19290833333332,98.98764166666666,85.76650833333333,0.17567856765110734,0.1699306891998737,0.23048626156635305,79,p59,v4,source1,data-videos\VIPL\VIPL\p56-60\p59\v4\source1\video.avi
132.38465833333333,99.48594166666668,86.06489166666667,0.22466854737714434,0.17965633299750808,0.1827453983688779,79,p59,v4,source1,data-videos\VIPL\VIPL\p56-60\p59\v4\source1\video.avi
133.01763333333335,100.16696666666665,86.46963333333333,0.1856584648098649,0.1347441258253765,0.15104660658588664,79,p59,v4,source1,data-videos\VIPL\VIPL\p56-60\p59\v4\source1\video.avi
133.35240833333336,100.41415833333332,86.698875,0.22870104272705957,0.1335548092856778,0.17036447856156958,77,p59,v4,source1,data-videos\VIPL\VIPL\p56-60\p59\v4\source1\video.avi
133.23299166666666,100.26374166666666,86.64414166666667,0.25285640502565887,0.2167943912795668,0.17458525824316729,76,p59,v4,source1,data-videos\VIPL\VIPL\p56-60\p59\v4\source1\video.avi
133.33693333333335,100.32323333333333,86.75061666666664,0.29131723723173963,0.2492842435799389,0.21949695470552738,75,p59,v4,source1,data-videos\VIPL\VIPL\p56-60\p59\v4\source1\video.avi
133.49143333333333,100.47875,86.98349999999999,0.2719772210130839,0.20264313357065314,0.2901532581144723,75,p59,v4,source1,data-videos\VIPL\VIPL\p56-60\p59\v4\source1\video.avi
133.86542083333333,100.73417083333334,87.1477375,0.18884552742696048,0.12668644815383093,0.19264929392911995,73,p59,v4,source1,data-videos\VIPL\VIPL\p56-60\p59\v4\source1\video.avi
133.8695125,100.72307916666666,87.1373625,0.19648568367412236,0.1308041703166303,0.1859752697866651,72,p59,v4,source1,data-videos\VIPL\VIPL\p56-60\p59\v4\source1\video.avi
133.77012916666666,100.72302916666666,87.13614583333336,0.19863446432245002,0.11685692046734397,0.15367867586840722,72,p59,v4,source1,data-videos\VIPL\VIPL\p56-60\p59\v4\source1\video.avi
133.5662375,100.67737083333333,87.18647083333332,0.16844671645574213,0.14085811628589678,0.2315736573635309,72,p59,v4,source1,data-videos\VIPL\VIPL\p56-60\p59\v4\source1\video.avi
134.14294999999998,101.22815,87.52805000000001,0.24548671312200387,0.23626246895372746,0.22500791174361573,72,p59,v4,source1,data-videos\VIPL\VIPL\p56-60\p59\v4\source1\video.avi
133.60024166666665,100.91867500000001,87.13139166666666,0.16539866799644934,0.11796972275169354,0.14644760178795996,72,p59,v4,source1,data-videos\VIPL\VIPL\p56-60\p59\v4\source1\video.avi
133.63914583333334,100.92416249999998,87.31056250000002,0.18740807932008613,0.1514140996847169,0.21080031032551458,72,p59,v4,source1,data-videos\VIPL\VIPL\p56-60\p59\v4\source1\video.avi
133.25386666666668,100.54979999999999,87.10016666666667,0.3338659823962146,0.2745826677407215,0.2201783072402143,73,p59,v4,source1,data-videos\VIPL\VIPL\p56-60\p59\v4\source1\video.avi
156.48876666666666,115.27220833333335,97.06209166666667,1.9982375284756164,1.047553868609576,0.8214304923424751,72,p59,v5,source1,data-videos\VIPL\VIPL\p56-60\p59\v5\source1\video.avi
156.38877916666667,114.3783875,96.57360416666667,0.45401714044675223,0.3288398788206486,0.23891924992790103,72,p59,v5,source1,data-videos\VIPL\VIPL\p56-60\p59\v5\source1\video.avi
156.92092916666667,114.82684583333334,96.7095125,0.7116840283303809,0.47458218330999014,0.4206797385960934,72,p59,v5,source1,data-videos\VIPL\VIPL\p56-60\p59\v5\source1\video.avi
153.5460625,112.82515000000001,95.02323333333334,1.3485263668090304,0.8357093481903721,0.5929564100641055,72,p59,v5,source1,data-videos\VIPL\VIPL\p56-60\p59\v5\source1\video.avi
150.92045416666667,110.57154583333335,93.51439583333332,0.19240625170312323,0.17100207032534684,0.18709239955760384,72,p59,v5,source1,data-videos\VIPL\VIPL\p56-60\p59\v5\source1\video.avi
150.62753333333333,109.7522125,93.31889583333333,0.3502337546791663,0.30536272869554465,0.28844221661606445,72,p59,v5,source1,data-videos\VIPL\VIPL\p56-60\p59\v5\source1\video.avi
150.059525,108.80014999999997,91.55485,0.8270236780963109,1.0196766006244877,1.327761294016695,73,p59,v5,source1,data-videos\VIPL\VIPL\p56-60\p59\v5\source1\video.avi
148.62575833333335,108.54197083333332,90.75188750000001,0.32842428615452857,0.5632175014358237,0.4055183339892154,73,p59,v5,source1,data-videos\VIPL\VIPL\p56-60\p59\v5\source1\video.avi
148.4406625,107.51147916666665,90.60229583333332,0.8246993675096598,0.4273783686211536,0.6350798147291327,73,p59,v5,source1,data-videos\VIPL\VIPL\p56-60\p59\v5\source1\video.avi
149.2950541666667,108.43025416666667,91.84945416666667,0.34329844852102737,0.3566129292656729,0.48010730433993004,73,p59,v5,source1,data-videos\VIPL\VIPL\p56-60\p59\v5\source1\video.avi
149.495675,108.19283750000001,91.44343750000002,0.5820998149360738,1.1928024916545161,1.5570109156070306,73,p59,v5,source1,data-videos\VIPL\VIPL\p56-60\p59\v5\source1\video.avi
149.73284166666667,110.40677916666668,93.64157916666667,0.35815792402467805,0.2727129152276172,0.27700212889023473,73,p59,v5,source1,data-videos\VIPL\VIPL\p56-60\p59\v5\source1\video.avi
148.4176791666667,110.21207083333334,93.29715416666666,0.595615015014824,0.3108287384043744,0.43693702639479065,73,p59,v5,source1,data-videos\VIPL\VIPL\p56-60\p59\v5\source1\video.avi
147.94297083333333,109.59905416666666,93.24537083333334,0.2879275340447884,0.17786534905886975,0.2772526034969429,74,p59,v5,source1,data-videos\VIPL\VIPL\p56-60\p59\v5\source1\video.avi
149.38629166666666,109.68695000000001,93.37163333333332,0.6265403788696844,0.3881108385768616,0.32988318339603107,74,p59,v5,source1,data-videos\VIPL\VIPL\p56-60\p59\v5\source1\video.avi
148.030775,108.85999166666669,92.99399166666666,0.34024598444442783,0.2200464733900291,0.2231736830643343,74,p59,v5,source1,data-videos\VIPL\VIPL\p56-60\p59\v5\source1\video.avi
148.0879958333333,109.51266249999999,93.74124583333334,0.6280209299358571,0.30862959033083287,0.5997305011651303,74,p59,v5,source1,data-videos\VIPL\VIPL\p56-60\p59\v5\source1\video.avi
149.31399166666668,110.71604166666665,94.17295833333334,0.8955470267872584,0.3869344540117721,0.35034566883809426,74,p59,v5,source1,data-videos\VIPL\VIPL\p56-60\p59\v5\source1\video.avi
151.24088333333333,111.37360416666668,94.53255416666667,0.5665128177487355,0.4483450935570355,0.4042839489627171,74,p59,v5,source1,data-videos\VIPL\VIPL\p56-60\p59\v5\source1\video.avi
151.03546250000002,111.10454166666666,94.58980833333334,1.047980945709147,0.7839150416561239,0.34267670912854253,74,p59,v5,source1,data-videos\VIPL\VIPL\p56-60\p59\v5\source1\video.avi
149.20772083333333,111.07512083333333,94.00133749999999,0.5668884693977373,0.239716654354678,0.17490786681850495,73,p59,v5,source1,data-videos\VIPL\VIPL\p56-60\p59\v5\source1\video.avi
126.0382,143.5978375,152.17205416666667,0.17155809046144546,0.3850026484396618,0.4483994544643072,77,p59,v6,source1,data-videos\VIPL\VIPL\p56-60\p59\v6\source1\video.avi
125.85228333333335,144.22401250000001,152.69773333333333,0.13830353883457377,0.11143136402686987,0.2561003192246054,77,p59,v6,source1,data-videos\VIPL\VIPL\p56-60\p59\v6\source1\video.avi
125.79642916666667,144.04796249999998,152.4793125,0.1438727691930532,0.25878838127845405,0.37474626716879306,77,p59,v6,source1,data-videos\VIPL\VIPL\p56-60\p59\v6\source1\video.avi
125.70385833333334,143.52960416666667,151.67902916666668,0.14994299692346136,0.14504248958399082,0.22435978886848537,76,p59,v6,source1,data-videos\VIPL\VIPL\p56-60\p59\v6\source1\video.avi
125.62715,142.96065833333333,150.85566250000002,0.17104859121184085,0.39757138020877547,0.6037179194663052,75,p59,v6,source1,data-videos\VIPL\VIPL\p56-60\p59\v6\source1\video.avi
125.94183333333332,143.286225,151.03727916666668,0.34876026095020585,0.32776604609419707,0.44448720778211975,74,p59,v6,source1,data-videos\VIPL\VIPL\p56-60\p59\v6\source1\video.avi
126.00228750000001,144.04412083333332,152.21932083333334,0.1612423514551231,0.3495176004450018,0.5605317563979348,73,p59,v6,source1,data-videos\VIPL\VIPL\p56-60\p59\v6\source1\video.avi
126.16270416666666,143.92502083333332,152.512775,0.47073591127055747,0.28293525957559695,0.4823273104899259,73,p59,v6,source1,data-videos\VIPL\VIPL\p56-60\p59\v6\source1\video.avi
126.7511875,144.74774583333334,152.53477083333334,0.2366192770922656,0.3972768174554094,0.40044612491361803,73,p59,v6,source1,data-videos\VIPL\VIPL\p56-60\p59\v6\source1\video.avi
126.4932875,144.18759166666666,151.88599166666665,0.32708741382805007,0.3763282741116236,0.5604275092817282,73,p59,v6,source1,data-videos\VIPL\VIPL\p56-60\p59\v6\source1\video.avi
126.07677916666667,142.52385416666667,149.519125,0.21256596794681618,0.6051391182451792,0.8955644678892934,73,p59,v6,source1,data-videos\VIPL\VIPL\p56-60\p59\v6\source1\video.avi
126.52414166666665,142.64487083333333,149.58965,0.3180329329230091,0.19415578090014132,0.4502423073329526,73,p59,v6,source1,data-videos\VIPL\VIPL\p56-60\p59\v6\source1\video.avi
126.47297083333335,142.74408333333332,149.84995416666663,0.24188525516588713,0.12843469346757974,0.30085569815296986,73,p59,v6,source1,data-videos\VIPL\VIPL\p56-60\p59\v6\source1\video.avi
126.4042,142.2126625,149.58080833333332,0.311132733543008,0.21032134408513442,0.2905545498243154,73,p59,v6,source1,data-videos\VIPL\VIPL\p56-60\p59\v6\source1\video.avi
126.60663333333332,142.3790875,150.24368333333334,0.147043637584789,0.23237856797511847,0.26209607957875836,73,p59,v6,source1,data-videos\VIPL\VIPL\p56-60\p59\v6\source1\video.avi
126.50700416666666,142.22676249999998,150.28894583333334,0.30184586827459664,0.26138535322765005,0.34008220171542525,73,p59,v6,source1,data-videos\VIPL\VIPL\p56-60\p59\v6\source1\video.avi
126.5940625,142.43487916666666,150.6074625,0.1729394713877904,0.10453068761267215,0.2240408566565247,74,p59,v6,source1,data-videos\VIPL\VIPL\p56-60\p59\v6\source1\video.avi
126.74848333333334,143.65822916666667,152.03230416666668,0.5513528776828562,0.8666240544412045,1.5255872834110655,74,p59,v6,source1,data-videos\VIPL\VIPL\p56-60\p59\v6\source1\video.avi
127.24581666666667,145.58947083333334,154.5723375,0.32677680525304964,0.4967511078246336,1.2198315607196684,74,p59,v6,source1,data-videos\VIPL\VIPL\p56-60\p59\v6\source1\video.avi
127.49015833333334,145.90327916666666,156.0569625,0.19464866881341242,0.5675246775716265,0.8867711329632606,74,p59,v6,source1,data-videos\VIPL\VIPL\p56-60\p59\v6\source1\video.avi
126.46252916666667,144.76227500000002,153.31110416666667,0.2334515037819541,0.174193256243843,0.7269708706003173,74,p59,v6,source1,data-videos\VIPL\VIPL\p56-60\p59\v6\source1\video.avi
126.18130833333335,144.34231666666665,152.45918749999998,0.27602992597673526,0.569030103705954,0.7518982228333839,75,p59,v6,source1,data-videos\VIPL\VIPL\p56-60\p59\v6\source1\video.avi
129.55965416666666,110.18357083333332,98.03398750000001,0.3492840963532054,0.30068479498887235,0.5985166201105947,93,p59,v7,source1,data-videos\VIPL\VIPL\p56-60\p59\v7\source1\video.avi
120.07035416666666,97.46935416666668,83.8275875,4.900138602241833,5.865832170614792,6.2041985376448014,93,p59,v7,source1,data-videos\VIPL\VIPL\p56-60\p59\v7\source1\video.avi
116.28639583333332,92.3704125,78.45802916666666,0.5060171369449296,0.6393195978223432,0.8628285650945142,93,p59,v7,source1,data-videos\VIPL\VIPL\p56-60\p59\v7\source1\video.avi
116.53554583333333,92.58109583333335,78.84484583333332,0.4041719235912416,0.46795657213333136,0.4798412887930289,93,p59,v7,source1,data-videos\VIPL\VIPL\p56-60\p59\v7\source1\video.avi
116.36820833333336,92.45329166666666,78.84404166666667,0.26496187815419775,0.3322701299185822,0.3801102476219529,93,p59,v7,source1,data-videos\VIPL\VIPL\p56-60\p59\v7\source1\video.avi
117.70549166666667,94.592825,81.31180833333333,0.39025750660087655,0.5991751667802255,0.6741547929012057,93,p59,v7,source1,data-videos\VIPL\VIPL\p56-60\p59\v7\source1\video.avi
118.5990375,94.8745875,81.31312083333333,0.29948466050033296,0.4156362534817349,0.7029883326932097,92,p59,v7,source1,data-videos\VIPL\VIPL\p56-60\p59\v7\source1\video.avi
118.6400375,95.42332083333335,81.8089375,0.26789752050561416,0.23348902417399067,0.30452510130757543,92,p59,v7,source1,data-videos\VIPL\VIPL\p56-60\p59\v7\source1\video.avi
118.70258333333334,96.28295,82.91623333333332,0.29158053192423866,0.3245472069112428,0.3822671151062659,92,p59,v7,source1,data-videos\VIPL\VIPL\p56-60\p59\v7\source1\video.avi
119.45009583333332,96.06799583333333,82.31466250000001,0.3629760199743083,0.3585853816561694,0.3460676769775096,92,p59,v7,source1,data-videos\VIPL\VIPL\p56-60\p59\v7\source1\video.avi
120.81049166666668,97.30190833333332,83.60165833333335,0.49294664296706486,0.37302447664142935,0.416825197883091,92,p59,v7,source1,data-videos\VIPL\VIPL\p56-60\p59\v7\source1\video.avi
121.530275,97.87749166666667,84.198475,0.1096604247210451,0.15885624703555853,0.15869037287890017,92,p59,v7,source1,data-videos\VIPL\VIPL\p56-60\p59\v7\source1\video.avi
120.99105833333334,97.09364166666666,83.32915833333334,0.23316030727567869,0.1843010738800327,0.24878537213608204,92,p59,v7,source1,data-videos\VIPL\VIPL\p56-60\p59\v7\source1\video.avi
121.70768749999999,97.7319875,83.96467083333333,0.4805449190979263,0.40203256687286965,0.47901418831196,92,p59,v7,source1,data-videos\VIPL\VIPL\p56-60\p59\v7\source1\video.avi
122.68234999999999,98.47675,84.69501666666667,0.3390530497658969,0.15746339962741177,0.2491790961225373,92,p59,v7,source1,data-videos\VIPL\VIPL\p56-60\p59\v7\source1\video.avi
123.08511666666668,98.66363333333332,84.66665,0.2892740994594164,0.18339091264366997,0.26645667623930974,92,p59,v7,source1,data-videos\VIPL\VIPL\p56-60\p59\v7\source1\video.avi
122.44211250000001,98.26764583333333,84.2954125,0.36451891159406563,0.4473831774500218,0.5801399851125477,92,p59,v7,source1,data-videos\VIPL\VIPL\p56-60\p59\v7\source1\video.avi
122.85122916666666,97.50514583333333,82.7257625,0.3488280727028089,0.17775697360910006,0.22377020144683132,92,p59,v7,source1,data-videos\VIPL\VIPL\p56-60\p59\v7\source1\video.avi
120.81405416666665,96.10370416666666,81.50072083333333,2.6706810771279232,2.1051946422695167,1.8530890630111077,92,p59,v7,source1,data-videos\VIPL\VIPL\p56-60\p59\v7\source1\video.avi
116.604675,92.64972500000002,78.43520833333334,1.5176835648630962,1.3609935564995643,1.3190309850732578,92,p59,v7,source1,data-videos\VIPL\VIPL\p56-60\p59\v7\source1\video.avi
119.54374166666668,95.34095833333333,80.859025,0.17515184612612322,0.2034455654229843,0.3353115361640911,92,p59,v7,source1,data-videos\VIPL\VIPL\p56-60\p59\v7\source1\video.avi
119.21144166666667,95.211325,80.95352500000001,0.21748387088982413,0.24742156010092936,0.3508448207739243,92,p59,v7,source1,data-videos\VIPL\VIPL\p56-60\p59\v7\source1\video.avi
121.5696125,97.51587916666668,83.23132916666667,0.7068340569977846,0.6505759314670089,0.6498780656731356,92,p59,v7,source1,data-videos\VIPL\VIPL\p56-60\p59\v7\source1\video.avi
121.768225,97.20589166666669,82.84705833333334,0.18849364369993457,0.15072426155345214,0.24637224172592098,92,p59,v7,source1,data-videos\VIPL\VIPL\p56-60\p59\v7\source1\video.avi
122.25769166666667,97.94299166666666,83.52849166666667,0.3977897361689819,0.47215871025917944,0.39474157127198806,92,p59,v7,source1,data-videos\VIPL\VIPL\p56-60\p59\v7\source1\video.avi
121.31864999999999,96.94035,82.47256666666667,0.612149772659164,0.40490753711324035,0.44337073275833844,92,p59,v7,source1,data-videos\VIPL\VIPL\p56-60\p59\v7\source1\video.avi
120.63031666666666,97.50238333333333,83.27605,0.5111437444594225,0.2914744549984884,0.32045319189305016,92,p59,v7,source1,data-videos\VIPL\VIPL\p56-60\p59\v7\source1\video.avi
118.88087083333333,96.1297875,81.7940375,0.6736288400387455,0.7553117523901036,0.8787889336048735,92,p59,v7,source1,data-videos\VIPL\VIPL\p56-60\p59\v7\source1\video.avi
118.5167375,95.56662083333335,81.28202083333332,0.3358739387156034,0.3554418563758185,0.4080764008838688,92,p59,v7,source1,data-videos\VIPL\VIPL\p56-60\p59\v7\source1\video.avi
144.67217916666667,111.78482916666668,95.99217916666669,2.0402147211598844,1.3482131403345823,1.152897750462215,76,p60,v1,source1,data-videos\VIPL\VIPL\p56-60\p60\v1\source1\video.avi
144.12254166666668,111.45033333333333,95.69581666666667,0.570127270909507,0.4695660332143,0.363011725352027,76,p60,v1,source1,data-videos\VIPL\VIPL\p56-60\p60\v1\source1\video.avi
141.27230833333334,109.64970833333332,94.01900833333333,2.6327903609652776,1.7443080583516646,1.4987803094192205,76,p60,v1,source1,data-videos\VIPL\VIPL\p56-60\p60\v1\source1\video.avi
136.15878333333333,106.45266666666669,91.09018333333333,0.5277070854045004,0.36375017420767086,0.2587881199778425,76,p60,v1,source1,data-videos\VIPL\VIPL\p56-60\p60\v1\source1\video.avi
134.49817916666666,105.54687916666666,90.37154583333333,0.3849010888454898,0.28315680849035646,0.26960318010406104,76,p60,v1,source1,data-videos\VIPL\VIPL\p56-60\p60\v1\source1\video.avi
134.35172083333333,105.53962083333332,90.2116375,0.37309189914595214,0.2083131258533116,0.16233400046919624,76,p60,v1,source1,data-videos\VIPL\VIPL\p56-60\p60\v1\source1\video.avi
134.89455416666667,106.07448750000002,90.71725416666666,0.34459381851238075,0.2414584715990408,0.21187033319999712,76,p60,v1,source1,data-videos\VIPL\VIPL\p56-60\p60\v1\source1\video.avi
134.31735,105.65436666666666,89.89593333333335,0.43875694347940414,0.2810693353689123,0.33238012338828393,74,p60,v1,source1,data-videos\VIPL\VIPL\p56-60\p60\v1\source1\video.avi
132.9399958333333,104.89142916666668,89.12044583333332,0.38441742819131325,0.2264562088216806,0.22855315133708193,74,p60,v1,source1,data-videos\VIPL\VIPL\p56-60\p60\v1\source1\video.avi
133.89088333333333,105.67618333333331,89.85891666666666,0.38974752680777414,0.20252680052416602,0.2843905123974187,74,p60,v1,source1,data-videos\VIPL\VIPL\p56-60\p60\v1\source1\video.avi
132.64670416666667,104.65942083333333,89.0671375,0.41673752926585617,0.2795794229110534,0.18945717441548734,74,p60,v1,source1,data-videos\VIPL\VIPL\p56-60\p60\v1\source1\video.avi
131.56257083333333,103.89992083333333,88.55507083333333,0.16313216704136102,0.21787725559806578,0.2067615199833694,73,p60,v1,source1,data-videos\VIPL\VIPL\p56-60\p60\v1\source1\video.avi
131.4260375,103.5052875,88.2869875,0.3118919410339845,0.2579010635425715,0.20511418931834466,73,p60,v1,source1,data-videos\VIPL\VIPL\p56-60\p60\v1\source1\video.avi
131.89605416666666,103.84990416666666,88.43833750000002,0.32814727083150735,0.21426821708822436,0.22234649722086752,72,p60,v1,source1,data-videos\VIPL\VIPL\p56-60\p60\v1\source1\video.avi
131.56618749999998,103.54937083333333,88.23317083333333,0.40819147301950504,0.27415539724812704,0.21404843339832733,71,p60,v1,source1,data-videos\VIPL\VIPL\p56-60\p60\v1\source1\video.avi
131.13320833333333,103.34450833333334,88.01414166666666,0.7811038396611136,0.5722115778810424,0.5913509583760072,70,p60,v1,source1,data-videos\VIPL\VIPL\p56-60\p60\v1\source1\video.avi
130.96734583333335,102.36249583333334,87.31799583333333,0.7279286359681835,0.5335717740756881,0.4925338629432848,70,p60,v1,source1,data-videos\VIPL\VIPL\p56-60\p60\v1\source1\video.avi
131.07464583333334,102.47347916666668,87.35981249999999,0.4827499919083383,0.2946447174965326,0.34055727282850595,70,p60,v1,source1,data-videos\VIPL\VIPL\p56-60\p60\v1\source1\video.avi
130.29925416666666,102.06092083333333,87.00842083333332,0.46997834491335927,0.3340110853013221,0.36208951217397634,70,p60,v1,source1,data-videos\VIPL\VIPL\p56-60\p60\v1\source1\video.avi
130.58673333333334,102.18143333333333,87.08541666666667,0.2701076863442092,0.1809058736992506,0.23371884819158165,70,p60,v1,source1,data-videos\VIPL\VIPL\p56-60\p60\v1\source1\video.avi
129.6632625,101.51139583333332,86.5659125,1.1410884316233891,0.8165233191582257,0.7238102536087542,70,p60,v1,source1,data-videos\VIPL\VIPL\p56-60\p60\v1\source1\video.avi
151.33017916666668,117.06567916666668,99.39569583333333,1.8288652761666317,1.2719774733903493,0.8761855260992583,72,p60,v2,source1,data-videos\VIPL\VIPL\p56-60\p60\v2\source1\video.avi
154.64160833333332,119.54022499999999,101.32332500000001,0.45388348786396265,0.35071334507923435,0.28264847671425447,72,p60,v2,source1,data-videos\VIPL\VIPL\p56-60\p60\v2\source1\video.avi
148.7818208333333,114.99080416666668,97.58382083333333,2.0758943389603832,1.9209576983239371,1.6648198889903296,71,p60,v2,source1,data-videos\VIPL\VIPL\p56-60\p60\v2\source1\video.avi
143.33180833333333,110.05832500000001,93.13394166666667,7.752768720310503,6.197183054056586,5.329058438573939,71,p60,v2,source1,data-videos\VIPL\VIPL\p56-60\p60\v2\source1\video.avi
157.10531666666665,120.74285,102.43096666666666,3.7971159922925177,2.3552300068809617,1.7644313552518363,71,p60,v2,source1,data-videos\VIPL\VIPL\p56-60\p60\v2\source1\video.avi
157.67789166666668,123.07021666666668,105.36234166666667,2.161948395705697,2.225762409741448,2.2643893408399807,71,p60,v2,source1,data-videos\VIPL\VIPL\p56-60\p60\v2\source1\video.avi
139.8728625,109.1000375,92.83880833333335,17.305721988482276,13.082687663369928,11.248676060333166,71,p60,v2,source1,data-videos\VIPL\VIPL\p56-60\p60\v2\source1\video.avi
83.54611666666666,68.10934999999999,58.722766666666665,9.36972934764897,6.521256777337648,5.060031897173838,71,p60,v2,source1,data-videos\VIPL\VIPL\p56-60\p60\v2\source1\video.avi
133.88705833333333,103.863775,88.37795833333334,11.277716607522255,8.05773094359972,6.856662939808176,71,p60,v2,source1,data-videos\VIPL\VIPL\p56-60\p60\v2\source1\video.avi
135.81394583333332,104.79207916666667,89.07296249999999,6.550273496550969,4.795971935214805,4.075429381250827,72,p60,v2,source1,data-videos\VIPL\VIPL\p56-60\p60\v2\source1\video.avi
149.593325,115.12310833333333,97.80494166666668,4.447338062573221,3.5801074462897295,2.9914753639914964,71,p60,v2,source1,data-videos\VIPL\VIPL\p56-60\p60\v2\source1\video.avi
130.63336666666666,101.67025000000001,86.91818333333333,5.547379759327945,3.4863655578483725,2.61052318003632,71,p60,v2,source1,data-videos\VIPL\VIPL\p56-60\p60\v2\source1\video.avi
165.1018791666667,126.55660833333333,107.72190833333335,6.942886530563833,5.110385192870876,4.502379669477575,70,p60,v2,source1,data-videos\VIPL\VIPL\p56-60\p60\v2\source1\video.avi
139.3832,107.72194999999999,91.9835,13.073441169309472,9.134110698960685,7.388071846698511,70,p60,v2,source1,data-videos\VIPL\VIPL\p56-60\p60\v2\source1\video.avi
125.65719166666668,100.59025833333334,87.06265833333333,8.763160911311324,4.175313020339013,2.719750879325215,70,p60,v2,source1,data-videos\VIPL\VIPL\p56-60\p60\v2\source1\video.avi
157.59696250000002,120.82091250000002,102.29864583333334,3.003482635468781,2.273011205313156,1.9740034346210815,69,p60,v2,source1,data-videos\VIPL\VIPL\p56-60\p60\v2\source1\video.avi
153.16208749999998,119.17195416666665,101.15777083333333,1.7444021389763515,1.3323610844177456,1.3698438649750282,70,p60,v2,source1,data-videos\VIPL\VIPL\p56-60\p60\v2\source1\video.avi
152.0842291666667,118.54067083333334,100.7417375,1.5794996460729085,1.2756671185272697,1.1775372313351944,69,p60,v2,source1,data-videos\VIPL\VIPL\p56-60\p60\v2\source1\video.avi
145.93235833333333,113.414025,96.33394166666668,2.862196751416547,2.589010914355669,2.062588620503507,69,p60,v2,source1,data-videos\VIPL\VIPL\p56-60\p60\v2\source1\video.avi
141.83065833333333,109.615875,93.37550833333333,8.589247956440788,6.085764659398468,5.161093785504946,69,p60,v2,source1,data-videos\VIPL\VIPL\p56-60\p60\v2\source1\video.avi
158.12561250000002,122.43964166666666,104.44373333333331,0.6884307344576015,0.3936927395313785,0.4658428290624304,69,p60,v2,source1,data-videos\VIPL\VIPL\p56-60\p60\v2\source1\video.avi
140.45459583333331,108.71736250000002,92.19592916666666,8.298553981055559,6.562330075427031,5.486738385906689,69,p60,v2,source1,data-videos\VIPL\VIPL\p56-60\p60\v2\source1\video.avi
151.3989125,116.47621249999999,98.94221250000001,6.109300000966195,4.695884741185628,4.0846824860113395,69,p60,v2,source1,data-videos\VIPL\VIPL\p56-60\p60\v2\source1\video.avi
133.56764583333333,103.02919583333335,87.53022916666667,8.607032488584473,6.342562454973784,5.240235470930539,69,p60,v2,source1,data-videos\VIPL\VIPL\p56-60\p60\v2\source1\video.avi
164.48149583333333,126.37147916666665,107.44214583333334,6.0937853192623175,4.32211309248166,3.7613347841566758,69,p60,v2,source1,data-videos\VIPL\VIPL\p56-60\p60\v2\source1\video.avi
123.90837916666665,100.2173125,86.74159583333334,7.617777228486484,3.9419131197177313,3.326930825235592,70,p60,v2,source1,data-videos\VIPL\VIPL\p56-60\p60\v2\source1\video.avi
129.045425,104.10231250000001,90.41761250000002,8.600796730239345,4.204793098461333,2.891553563007792,71,p60,v2,source1,data-videos\VIPL\VIPL\p56-60\p60\v2\source1\video.avi
140.13722083333332,109.73213333333334,93.82618750000002,6.444582083475989,5.2198455827821455,4.798439197827045,71,p60,v2,source1,data-videos\VIPL\VIPL\p56-60\p60\v2\source1\video.avi
100.04846666666664,80.23440000000001,68.5046,4.12706030949324,3.0029285274036153,2.4649973116111092,71,p60,v2,source1,data-videos\VIPL\VIPL\p56-60\p60\v2\source1\video.avi
128.71736666666666,104.98511666666667,91.20298333333334,1.1631489670496242,0.7525697407466628,0.5687435880896199,79,p60,v3,source1,data-videos\VIPL\VIPL\p56-60\p60\v3\source1\video.avi
128.59551666666667,104.00654999999999,90.79816666666667,0.9322963749788021,0.4809324198526,0.7237760088159172,79,p60,v3,source1,data-videos\VIPL\VIPL\p56-60\p60\v3\source1\video.avi
129.51665416666665,103.45660416666665,90.21187083333334,0.8365545847070858,0.9872868915619214,1.0398459139325513,79,p60,v3,source1,data-videos\VIPL\VIPL\p56-60\p60\v3\source1\video.avi
129.50222083333333,103.97235416666666,90.99672083333333,1.255148797592232,0.6733873727799198,0.6449309388630513,79,p60,v3,source1,data-videos\VIPL\VIPL\p56-60\p60\v3\source1\video.avi
129.32142083333332,103.24573749999999,90.54880416666667,1.2002874789040712,0.721092853042055,0.583797799553826,79,p60,v3,source1,data-videos\VIPL\VIPL\p56-60\p60\v3\source1\video.avi
129.2519125,104.40892916666665,91.81112916666667,0.9538645827668356,0.6035049656025568,0.7352040300950862,79,p60,v3,source1,data-videos\VIPL\VIPL\p56-60\p60\v3\source1\video.avi
128.19515,103.84373333333333,90.98974999999999,0.6997634515250698,0.5501795640276095,0.5446066057575154,79,p60,v3,source1,data-videos\VIPL\VIPL\p56-60\p60\v3\source1\video.avi
128.17770000000002,103.8989833333333,91.16225,0.7669678359546057,0.5908980316010538,0.5451850571391132,80,p60,v3,source1,data-videos\VIPL\VIPL\p56-60\p60\v3\source1\video.avi
129.68798750000002,102.99403749999999,89.98200416666667,1.3486843868295424,0.9479371322332865,1.0984552637175953,80,p60,v3,source1,data-videos\VIPL\VIPL\p56-60\p60\v3\source1\video.avi
129.41863333333333,101.65991666666667,88.38040000000001,1.0620845958047935,0.706508596339344,0.5793146159052002,80,p60,v3,source1,data-videos\VIPL\VIPL\p56-60\p60\v3\source1\video.avi
131.9058875,103.64035416666665,89.76218749999998,1.635176834622518,1.1686822685365188,0.8884668100550774,80,p60,v3,source1,data-videos\VIPL\VIPL\p56-60\p60\v3\source1\video.avi
131.99293333333333,104.62568333333333,90.33441666666667,1.6583010423154296,0.7192790987818584,0.5737996952576553,80,p60,v3,source1,data-videos\VIPL\VIPL\p56-60\p60\v3\source1\video.avi
134.5432625,106.31782916666667,91.6860125,1.8301961464970855,1.2345485123056574,1.1358101006122368,80,p60,v3,source1,data-videos\VIPL\VIPL\p56-60\p60\v3\source1\video.avi
132.4410208333333,104.3130375,90.24750416666667,2.3531838211993077,1.7142457936991649,1.363136037667371,80,p60,v3,source1,data-videos\VIPL\VIPL\p56-60\p60\v3\source1\video.avi
131.00581666666668,103.71600000000001,89.95311666666669,1.75530095123592,0.3775786698288471,0.2571478864794211,80,p60,v3,source1,data-videos\VIPL\VIPL\p56-60\p60\v3\source1\video.avi
128.72577083333334,102.68742083333335,88.24110416666666,2.750289948729649,3.5014662247883157,4.014298999185425,81,p60,v3,source1,data-videos\VIPL\VIPL\p56-60\p60\v3\source1\video.avi
130.5397125,104.9992625,91.04082916666667,1.2757140505554998,0.7673408374823119,0.6691292547916694,81,p60,v3,source1,data-videos\VIPL\VIPL\p56-60\p60\v3\source1\video.avi
130.2997125,104.6529125,91.21362916666666,0.6438268065561404,0.44940351814160856,0.7174347220837511,81,p60,v3,source1,data-videos\VIPL\VIPL\p56-60\p60\v3\source1\video.avi
131.26705416666667,103.06363750000003,89.28090416666667,2.270254612326921,1.2807371737651267,1.0790297422466073,81,p60,v3,source1,data-videos\VIPL\VIPL\p56-60\p60\v3\source1\video.avi
133.12530416666667,104.52668750000001,89.97347083333334,0.7910903411633479,0.7003674550181564,0.48606947673689366,81,p60,v3,source1,data-videos\VIPL\VIPL\p56-60\p60\v3\source1\video.avi
123.65181666666668,92.93490416666667,80.0743875,1.8139149419793938,1.4399817761192533,1.1181218209693338,78,p60,v4,source1,data-videos\VIPL\VIPL\p56-60\p60\v4\source1\video.avi
122.36207083333335,92.28784166666667,79.87178333333333,4.50173026441408,4.246973138278242,4.016389876497888,78,p60,v4,source1,data-videos\VIPL\VIPL\p56-60\p60\v4\source1\video.avi
145.07709166666666,114.47114583333332,100.72866249999998,22.345887291444576,11.461373444844535,7.758959161323334,78,p60,v4,source1,data-videos\VIPL\VIPL\p56-60\p60\v4\source1\video.avi
150.97491666666664,115.20049583333333,99.73276249999999,17.421616888496565,12.66956873136512,10.636936964597442,78,p60,v4,source1,data-videos\VIPL\VIPL\p56-60\p60\v4\source1\video.avi
177.5234291666667,133.80604583333334,115.07284166666666,2.2135349313466186,1.1133665205570074,0.6652350399952642,78,p60,v4,source1,data-videos\VIPL\VIPL\p56-60\p60\v4\source1\video.avi
178.2635791666667,133.78161250000002,114.61112916666667,0.6597270846984533,0.5444646932423614,0.4564303131898801,78,p60,v4,source1,data-videos\VIPL\VIPL\p56-60\p60\v4\source1\video.avi
179.5791958333333,134.54182500000002,115.30934166666665,0.7300180354269429,0.5048119958418529,0.4664751613385563,78,p60,v4,source1,data-videos\VIPL\VIPL\p56-60\p60\v4\source1\video.avi
176.5988041666667,132.13355416666667,113.41345416666667,1.4408051171205765,1.0720187210578989,0.8932275253532057,78,p60,v4,source1,data-videos\VIPL\VIPL\p56-60\p60\v4\source1\video.avi
177.12098749999998,132.49162916666666,113.6635125,0.4931227847436524,0.4074548435699487,0.3150235861429879,78,p60,v4,source1,data-videos\VIPL\VIPL\p56-60\p60\v4\source1\video.avi
177.8021166666667,133.09475833333332,113.96100833333334,0.33092288318890145,0.22174091550977065,0.25697692071035877,77,p60,v4,source1,data-videos\VIPL\VIPL\p56-60\p60\v4\source1\video.avi
175.00585833333335,131.04848750000002,112.23153750000002,0.5706367843495371,0.47387624849625887,0.35212387498341235,77,p60,v4,source1,data-videos\VIPL\VIPL\p56-60\p60\v4\source1\video.avi
175.6201875,131.68477083333335,112.66927083333331,0.31947150640202593,0.21565171332111546,0.3736727182270889,76,p60,v4,source1,data-videos\VIPL\VIPL\p56-60\p60\v4\source1\video.avi
176.34685833333333,132.49219166666666,113.57175833333332,0.8563593475799152,0.7322875921413406,0.46863900845219497,76,p60,v4,source1,data-videos\VIPL\VIPL\p56-60\p60\v4\source1\video.avi
176.26908333333336,132.56095,113.62783333333333,0.4042726654386029,0.218047481688816,0.20540401203414174,77,p60,v4,source1,data-videos\VIPL\VIPL\p56-60\p60\v4\source1\video.avi
174.95984583333336,131.6642125,112.92151249999999,0.6548551115461005,0.50069604943879,0.4338404585869605,77,p60,v4,source1,data-videos\VIPL\VIPL\p56-60\p60\v4\source1\video.avi
174.8419875,131.1720875,112.58733749999999,0.2769586309611757,0.314009280980146,0.2521259125196954,78,p60,v4,source1,data-videos\VIPL\VIPL\p56-60\p60\v4\source1\video.avi
174.62086250000002,130.76177916666666,112.31154583333333,0.15297847728974515,0.1631045483135147,0.17131661741576057,78,p60,v4,source1,data-videos\VIPL\VIPL\p56-60\p60\v4\source1\video.avi
173.8738125,130.01342916666667,111.8267625,0.47012326711695923,0.436404862396845,0.3163889831296798,77,p60,v4,source1,data-videos\VIPL\VIPL\p56-60\p60\v4\source1\video.avi
174.53434166666665,130.674525,112.34945833333333,0.46436524002754004,0.39984153879484846,0.3179837262716618,77,p60,v4,source1,data-videos\VIPL\VIPL\p56-60\p60\v4\source1\video.avi
174.85940833333336,131.02569166666666,112.61345833333333,0.34737560688244395,0.275588372912797,0.2294610779298381,77,p60,v4,source1,data-videos\VIPL\VIPL\p56-60\p60\v4\source1\video.avi
174.86535,131.19238333333334,112.62271666666668,0.17356385632447055,0.1648193674568878,0.17326255045129943,77,p60,v4,source1,data-videos\VIPL\VIPL\p56-60\p60\v4\source1\video.avi
173.98226666666665,130.52006666666668,112.08506666666666,0.42077258975801535,0.33509992404836914,0.2952087080684528,77,p60,v4,source1,data-videos\VIPL\VIPL\p56-60\p60\v4\source1\video.avi
172.84706666666665,129.55718333333334,111.34801666666668,0.44810088816272053,0.40753002667151883,0.34438234827812575,76,p60,v4,source1,data-videos\VIPL\VIPL\p56-60\p60\v4\source1\video.avi
173.189625,129.66335833333332,111.45930833333333,0.47974810556339603,0.3877268055782197,0.3173272070268236,75,p60,v4,source1,data-videos\VIPL\VIPL\p56-60\p60\v4\source1\video.avi
173.60289999999998,129.9295,111.84035,1.2456178850357138,1.0091039630086307,0.9307511386979326,74,p60,v4,source1,data-videos\VIPL\VIPL\p56-60\p60\v4\source1\video.avi
172.510625,129.022325,111.06302500000001,0.30171446300683197,0.18536193415031363,0.24292288349677807,74,p60,v4,source1,data-videos\VIPL\VIPL\p56-60\p60\v4\source1\video.avi
172.83012083333332,129.26350416666665,111.09995416666666,0.49724776694934497,0.41100226504850396,0.345257024930541,74,p60,v4,source1,data-videos\VIPL\VIPL\p56-60\p60\v4\source1\video.avi
171.50931666666668,128.26736666666665,110.13391666666666,0.8286941524672035,0.7672024280172428,0.678890946077988,74,p60,v4,source1,data-videos\VIPL\VIPL\p56-60\p60\v4\source1\video.avi
172.83192500000004,129.56565833333335,111.190225,0.25208840063777466,0.26278675593953066,0.2213663411946116,74,p60,v4,source1,data-videos\VIPL\VIPL\p56-60\p60\v4\source1\video.avi
172.38243749999998,129.1964875,110.84672083333334,0.42624784538393035,0.3650137834155486,0.25877116311736,74,p60,v4,source1,data-videos\VIPL\VIPL\p56-60\p60\v4\source1\video.avi
171.54977916666667,128.5532625,110.44029583333332,0.3700773677088049,0.27615207496403593,0.31659722467768203,74,p60,v4,source1,data-videos\VIPL\VIPL\p56-60\p60\v4\source1\video.avi
170.9662416666667,127.87765833333333,109.995025,0.34133815116025257,0.37555550998006704,0.3176597207071151,74,p60,v4,source1,data-videos\VIPL\VIPL\p56-60\p60\v4\source1\video.avi
172.1815208333333,128.67539166666666,110.76754166666666,0.9427821932391873,0.6743634519657954,0.6491143365193834,73,p60,v4,source1,data-videos\VIPL\VIPL\p56-60\p60\v4\source1\video.avi
173.48527083333335,129.48967083333332,111.56317083333333,0.35638376143795697,0.3163206383560836,0.3188049871961089,73,p60,v4,source1,data-videos\VIPL\VIPL\p56-60\p60\v4\source1\video.avi
173.69592083333333,129.34480416666665,111.55348749999999,0.48137646397538336,0.3003070163969227,0.2644518753478609,73,p60,v4,source1,data-videos\VIPL\VIPL\p56-60\p60\v4\source1\video.avi
173.19865416666667,128.74015416666666,111.02997083333332,0.4897952873820526,0.4728572201256948,0.4303222887008978,73,p60,v4,source1,data-videos\VIPL\VIPL\p56-60\p60\v4\source1\video.avi
115.4839125,90.44189583333333,84.98337916666668,0.9552604679883856,0.5725291833597743,0.6004239453352491,74,p60,v5,source1,data-videos\VIPL\VIPL\p56-60\p60\v5\source1\video.avi
113.48209166666666,89.13470416666667,83.8513,0.6635214602627145,0.16550624589590457,0.3193803735686227,74,p60,v5,source1,data-videos\VIPL\VIPL\p56-60\p60\v5\source1\video.avi
116.15294583333332,91.76125416666666,86.18670416666666,1.4522592314911913,0.4681849441296915,0.48938131459669576,74,p60,v5,source1,data-videos\VIPL\VIPL\p56-60\p60\v5\source1\video.avi
117.98520416666666,91.61822083333333,85.36159583333333,0.4639814519386051,0.1445490380795469,0.19830178696945103,74,p60,v5,source1,data-videos\VIPL\VIPL\p56-60\p60\v5\source1\video.avi
117.81272083333333,91.27087083333332,85.20705416666665,0.6309263934826753,0.43118880089108247,0.39737149665541766,74,p60,v5,source1,data-videos\VIPL\VIPL\p56-60\p60\v5\source1\video.avi
117.609725,91.2768541666667,85.19748750000001,0.8541082830046913,0.5920772394420167,0.5245741421950973,74,p60,v5,source1,data-videos\VIPL\VIPL\p56-60\p60\v5\source1\video.avi
117.54573333333333,91.273175,85.07749166666666,1.0186703217307351,0.40077505436514815,0.39090367495110234,74,p60,v5,source1,data-videos\VIPL\VIPL\p56-60\p60\v5\source1\video.avi
120.13154583333335,92.30737916666666,85.88519583333333,0.6915860273524669,0.2203512380836576,0.33663174107208305,73,p60,v5,source1,data-videos\VIPL\VIPL\p56-60\p60\v5\source1\video.avi
120.33321666666667,92.00884166666667,85.56365833333334,0.4880687950640553,0.25034106478018703,0.45755348362999665,73,p60,v5,source1,data-videos\VIPL\VIPL\p56-60\p60\v5\source1\video.avi
118.15924166666667,91.92545833333334,86.181075,0.918960864653055,0.473516916239828,0.3427498451555685,73,p60,v5,source1,data-videos\VIPL\VIPL\p56-60\p60\v5\source1\video.avi
115.03542916666666,90.59577916666667,85.319525,3.0832890851723667,0.29632154861503407,1.3878525659669727,74,p60,v5,source1,data-videos\VIPL\VIPL\p56-60\p60\v5\source1\video.avi
120.03957083333333,92.57293333333332,86.00272083333333,10.199714594544966,1.6663115969901574,2.326276761391532,74,p60,v5,source1,data-videos\VIPL\VIPL\p56-60\p60\v5\source1\video.avi
118.23769999999999,92.68457083333332,87.01702083333333,4.804383464492491,0.3405247856148745,1.8983779006419739,74,p60,v5,source1,data-videos\VIPL\VIPL\p56-60\p60\v5\source1\video.avi
117.45517916666665,92.2056375,86.65830833333334,1.024412730442015,0.2538648452479728,0.5585170711978679,74,p60,v5,source1,data-videos\VIPL\VIPL\p56-60\p60\v5\source1\video.avi
118.0758125,91.81015000000001,86.06991666666669,0.32624647853570116,0.09622892121279238,0.23514081183173863,74,p60,v5,source1,data-videos\VIPL\VIPL\p56-60\p60\v5\source1\video.avi
118.14751249999999,91.55080000000002,85.85411666666666,0.289923529668697,0.2745664902522598,0.36896497867156874,74,p60,v5,source1,data-videos\VIPL\VIPL\p56-60\p60\v5\source1\video.avi
118.0129875,91.40317916666667,85.95309583333334,0.32501448381187675,0.11623733921497656,0.16077977173761504,74,p60,v5,source1,data-videos\VIPL\VIPL\p56-60\p60\v5\source1\video.avi
118.77601666666668,91.71296666666666,85.94668750000001,0.49708972673312485,0.21194608795962405,0.20605395775608162,74,p60,v5,source1,data-videos\VIPL\VIPL\p56-60\p60\v5\source1\video.avi
120.56927083333333,92.26087916666667,85.79694583333334,0.2813216205105234,0.15415943699264356,0.19079160915773993,74,p60,v5,source1,data-videos\VIPL\VIPL\p56-60\p60\v5\source1\video.avi
120.7692,92.48759166666669,85.59504166666667,0.5211569275752949,0.1313897117515907,0.24244594006533957,74,p60,v5,source1,data-videos\VIPL\VIPL\p56-60\p60\v5\source1\video.avi
112.24229583333332,115.5243125,115.66442083333331,0.11416520482640664,0.8118123409444586,1.4037700886808349,98,p60,v6,source1,data-videos\VIPL\VIPL\p56-60\p60\v6\source1\video.avi
111.8335125,115.20146249999999,115.40785416666668,0.34806496904114165,0.25778266153928503,0.7453007514214934,98,p60,v6,source1,data-videos\VIPL\VIPL\p56-60\p60\v6\source1\video.avi
112.15698750000001,115.9901375,116.65834166666667,0.13421967094820467,0.20567158945351077,0.3079873141777839,98,p60,v6,source1,data-videos\VIPL\VIPL\p56-60\p60\v6\source1\video.avi
112.21242083333333,115.88445416666666,116.4022875,0.5187949966093982,0.49512367832722204,0.6472219369425928,98,p60,v6,source1,data-videos\VIPL\VIPL\p56-60\p60\v6\source1\video.avi
113.02643333333333,116.30130000000001,116.57532083333332,0.545057183767343,0.5766484282701092,0.7154454238056478,98,p60,v6,source1,data-videos\VIPL\VIPL\p56-60\p60\v6\source1\video.avi
111.7708125,115.96380416666666,116.69887916666667,0.18043183875774355,0.22359286870895437,0.25157495445360395,93,p60,v6,source1,data-videos\VIPL\VIPL\p56-60\p60\v6\source1\video.avi
110.99490833333336,115.43694166666666,116.22220000000002,0.31579710835571817,0.3067759767254155,0.27571607578167145,87,p60,v6,source1,data-videos\VIPL\VIPL\p56-60\p60\v6\source1\video.avi
111.16702083333334,115.2705375,115.86500416666668,0.21091937679346703,0.13724262743303223,0.23676889935417797,87,p60,v6,source1,data-videos\VIPL\VIPL\p56-60\p60\v6\source1\video.avi
111.082325,115.8685625,116.67487083333332,0.15056857149558905,0.27196951901055566,0.3745445501335235,87,p60,v6,source1,data-videos\VIPL\VIPL\p56-60\p60\v6\source1\video.avi
110.81978333333335,115.8760875,116.80213750000001,0.17137075254076706,0.17038569421071278,0.311260613272865,87,p60,v6,source1,data-videos\VIPL\VIPL\p56-60\p60\v6\source1\video.avi
110.53436666666664,114.67560416666667,114.86200416666667,0.23271270870252647,1.4252167360761887,2.4592173993482045,87,p60,v6,source1,data-videos\VIPL\VIPL\p56-60\p60\v6\source1\video.avi
110.49886666666667,113.3048875,112.36136666666667,0.2652480402325761,2.4190374116707045,3.841710188125676,87,p60,v6,source1,data-videos\VIPL\VIPL\p56-60\p60\v6\source1\video.avi
111.86376666666666,114.62673333333332,113.53257916666665,1.1862720389593042,0.6575940263883688,0.5557541378176033,87,p60,v6,source1,data-videos\VIPL\VIPL\p56-60\p60\v6\source1\video.avi
111.16494583333333,116.02150416666666,116.48811249999999,0.6947523015585005,0.2634159022713784,0.7408985801086022,83,p60,v6,source1,data-videos\VIPL\VIPL\p56-60\p60\v6\source1\video.avi
111.14137916666667,116.54252500000001,117.09339999999999,0.3842493745476728,0.2080255252767474,0.3119564006440273,80,p60,v6,source1,data-videos\VIPL\VIPL\p56-60\p60\v6\source1\video.avi
111.7478125,116.84404166666666,117.0061,0.11866582908763354,0.15391287387043207,0.24959087718148298,77,p60,v6,source1,data-videos\VIPL\VIPL\p56-60\p60\v6\source1\video.avi
111.69011666666665,116.50115416666664,116.51147916666667,0.14208204214955872,0.15599237628273122,0.27143087927172554,77,p60,v6,source1,data-videos\VIPL\VIPL\p56-60\p60\v6\source1\video.avi
112.02522916666665,116.19311666666667,116.91146666666667,0.190524376903439,0.19351280938437299,0.40534195945796375,77,p60,v6,source1,data-videos\VIPL\VIPL\p56-60\p60\v6\source1\video.avi
112.24140416666667,116.55435833333335,117.51726666666666,0.41871086894279924,0.4124421673263864,0.4624742309637971,77,p60,v6,source1,data-videos\VIPL\VIPL\p56-60\p60\v6\source1\video.avi
113.24137083333333,117.2308875,118.01248749999999,0.24345686732971672,0.20934029380678404,0.3423182383681069,72,p60,v6,source1,data-videos\VIPL\VIPL\p56-60\p60\v6\source1\video.avi
112.97828333333335,117.21305833333332,118.10630833333333,0.17625297505369342,0.18666714304254767,0.2516140260895643,69,p60,v6,source1,data-videos\VIPL\VIPL\p56-60\p60\v6\source1\video.avi
113.10897916666667,117.46287083333333,118.3460125,0.13616242725958633,0.09527886282585873,0.20829552473589036,67,p60,v6,source1,data-videos\VIPL\VIPL\p56-60\p60\v6\source1\video.avi
113.48650000000002,117.82875,118.78305833333332,0.45931863127323946,0.23264454325632558,0.2878002808058833,68,p60,v6,source1,data-videos\VIPL\VIPL\p56-60\p60\v6\source1\video.avi
113.990275,118.041725,118.82038750000001,0.20467338242239166,0.2955655758339508,0.3513621985197199,69,p60,v6,source1,data-videos\VIPL\VIPL\p56-60\p60\v6\source1\video.avi
113.56543333333332,117.82447083333332,118.58307083333334,0.14378395335730354,0.16611057468094415,0.3106620256828779,69,p60,v6,source1,data-videos\VIPL\VIPL\p56-60\p60\v6\source1\video.avi
113.93838749999999,117.47132083333334,117.86471666666667,0.21136550942949126,0.18203778444399354,0.3134956479518044,69,p60,v6,source1,data-videos\VIPL\VIPL\p56-60\p60\v6\source1\video.avi
112.62056666666666,116.66785833333331,117.49059166666666,0.6285788666209688,0.18213117477902788,0.36402328856551963,69,p60,v6,source1,data-videos\VIPL\VIPL\p56-60\p60\v6\source1\video.avi
112.42460833333334,116.91803333333333,117.5108625,0.16848096424373785,0.13756784096603247,0.5834956481914267,70,p60,v6,source1,data-videos\VIPL\VIPL\p56-60\p60\v6\source1\video.avi
113.28532083333333,116.59726666666667,115.9687125,0.5474666156425037,0.23154765243297462,0.5673925106842316,70,p60,v6,source1,data-videos\VIPL\VIPL\p56-60\p60\v6\source1\video.avi
135.98452916666665,105.56926666666668,91.13024583333333,0.35491582301105173,0.18253301518340329,0.22051082952431295,87,p60,v7,source1,data-videos\VIPL\VIPL\p56-60\p60\v7\source1\video.avi
137.66317916666668,106.4880625,92.11606249999998,0.5866806425300292,0.44918791017327464,0.4705526080519004,87,p60,v7,source1,data-videos\VIPL\VIPL\p56-60\p60\v7\source1\video.avi
136.71948749999999,106.6533791666667,92.57769583333332,0.8815785877357528,0.7040924412803029,0.6664050777930298,87,p60,v7,source1,data-videos\VIPL\VIPL\p56-60\p60\v7\source1\video.avi
136.87567916666666,106.52276249999998,92.28777916666668,0.5782611559787545,0.40925474285414204,0.3045113482536863,87,p60,v7,source1,data-videos\VIPL\VIPL\p56-60\p60\v7\source1\video.avi
136.046775,105.89767083333334,91.79196250000001,1.3524422644023177,0.5376574719907641,0.2870681942670115,89,p60,v7,source1,data-videos\VIPL\VIPL\p56-60\p60\v7\source1\video.avi
133.02781666666667,105.96735416666667,92.96673749999998,0.3545970222093259,0.4666456421975294,0.6893473688176622,90,p60,v7,source1,data-videos\VIPL\VIPL\p56-60\p60\v7\source1\video.avi
134.62974166666666,105.53923333333333,91.80001666666666,0.5732611374420795,0.23852788329901997,0.20426005236721012,92,p60,v7,source1,data-videos\VIPL\VIPL\p56-60\p60\v7\source1\video.avi
133.67955416666666,105.23508333333335,91.70238333333333,0.8521148341365452,0.3073174607818267,0.37030548964297244,92,p60,v7,source1,data-videos\VIPL\VIPL\p56-60\p60\v7\source1\video.avi
133.0214916666667,105.09552916666665,91.59119583333333,0.616862692464186,0.4317687589616441,0.4179327152119632,92,p60,v7,source1,data-videos\VIPL\VIPL\p56-60\p60\v7\source1\video.avi
132.0656541666667,104.250275,90.85008333333333,0.4765010980662401,0.23778613041858598,0.3573785972964194,92,p60,v7,source1,data-videos\VIPL\VIPL\p56-60\p60\v7\source1\video.avi
132.80249583333335,104.26912916666666,90.58379166666667,0.35941816344653305,0.19588652398206907,0.21273450092061819,92,p60,v7,source1,data-videos\VIPL\VIPL\p56-60\p60\v7\source1\video.avi
132.85848333333334,104.07645833333332,90.32717083333333,0.3810985936608496,0.19640833138868888,0.20612142810731746,92,p60,v7,source1,data-videos\VIPL\VIPL\p56-60\p60\v7\source1\video.avi
132.41362916666668,104.25164583333333,90.42988333333335,0.5811999042629632,0.1295232544275345,0.1861552945273269,92,p60,v7,source1,data-videos\VIPL\VIPL\p56-60\p60\v7\source1\video.avi
131.61730416666668,103.85053333333333,89.99940833333334,0.4535350877259777,0.29406414248567175,0.2650394882135494,92,p60,v7,source1,data-videos\VIPL\VIPL\p56-60\p60\v7\source1\video.avi
130.57444583333333,103.3176875,89.71270416666667,0.4868752689701169,0.3155508988921855,0.2756871945450343,90,p60,v7,source1,data-videos\VIPL\VIPL\p56-60\p60\v7\source1\video.avi
130.4579625,103.7315833333333,90.35859583333335,0.31932349698881457,0.385546733683695,0.48404914498111085,89,p60,v7,source1,data-videos\VIPL\VIPL\p56-60\p60\v7\source1\video.avi
130.76829999999998,103.80905833333333,90.41799999999999,0.26542141008320086,0.19272313564771812,0.2571258288081502,88,p60,v7,source1,data-videos\VIPL\VIPL\p56-60\p60\v7\source1\video.avi
131.24150833333334,104.27353333333335,90.7281875,0.22321291280847505,0.16688022755024864,0.1515360157272863,88,p60,v7,source1,data-videos\VIPL\VIPL\p56-60\p60\v7\source1\video.avi
130.75349583333335,104.00646666666665,90.42424583333333,0.24388945811120427,0.15315578466058574,0.2226723998139169,88,p60,v7,source1,data-videos\VIPL\VIPL\p56-60\p60\v7\source1\video.avi
131.5380375,104.34278333333333,90.71814583333332,0.2650279428402057,0.18723552069074142,0.22371490452570125,86,p60,v7,source1,data-videos\VIPL\VIPL\p56-60\p60\v7\source1\video.avi
130.644775,104.6689375,91.48762500000001,0.1614016558585675,0.19804012158384574,0.2820821301057546,85,p60,v7,source1,data-videos\VIPL\VIPL\p56-60\p60\v7\source1\video.avi
130.8929875,104.36037083333335,91.086275,0.32194415346669775,0.1743551638458758,0.2365065209342953,85,p60,v7,source1,data-videos\VIPL\VIPL\p56-60\p60\v7\source1\video.avi
131.51486250000002,104.60102499999999,91.44677500000002,0.23985764137296414,0.1597221319806511,0.2991675204258934,81,p60,v7,source1,data-videos\VIPL\VIPL\p56-60\p60\v7\source1\video.avi
147.10871666666665,110.725,91.74411666666666,0.36268523969177147,0.3385629313834336,0.40237868914638786,86,p10,v1,source1,data-videos\VIPL\VIPL\p6-10\p10\v1\source1\video.avi
143.7707125,109.03831250000002,90.06591250000001,3.493017048400517,1.6783897323774364,1.6130680656576288,86,p10,v1,source1,data-videos\VIPL\VIPL\p6-10\p10\v1\source1\video.avi
139.14870000000002,106.02398333333335,87.12856666666669,0.5884566665167932,0.30800486203097965,0.3637963819703574,86,p10,v1,source1,data-videos\VIPL\VIPL\p6-10\p10\v1\source1\video.avi
128.84265833333336,97.71725833333333,79.59544166666666,13.178149085989634,10.693811064372051,9.057202264906673,85,p10,v1,source1,data-videos\VIPL\VIPL\p6-10\p10\v1\source1\video.avi
110.17284583333334,83.2761125,68.05191249999999,10.461716372639936,8.069094204064204,6.701032037526116,84,p10,v1,source1,data-videos\VIPL\VIPL\p6-10\p10\v1\source1\video.avi
129.227475,97.59249166666666,79.76417500000001,1.4927862710172208,1.0017822230037772,0.8779368931185263,83,p10,v1,source1,data-videos\VIPL\VIPL\p6-10\p10\v1\source1\video.avi
127.70322499999999,96.625375,79.25427499999999,1.6612856907377451,0.8207091318894084,0.6619136218403264,83,p10,v1,source1,data-videos\VIPL\VIPL\p6-10\p10\v1\source1\video.avi
129.26694583333335,96.60589583333335,78.9206625,0.526976806362903,0.6331362549729023,0.8611019742974051,83,p10,v1,source1,data-videos\VIPL\VIPL\p6-10\p10\v1\source1\video.avi
128.8535625,95.88474583333333,78.2694125,0.9342670798880252,0.1627232416345476,0.5459473003477017,83,p10,v1,source1,data-videos\VIPL\VIPL\p6-10\p10\v1\source1\video.avi
126.41603333333335,94.60855,77.38629999999999,0.46720175323854024,0.33588155014702065,0.29563246425859846,83,p10,v1,source1,data-videos\VIPL\VIPL\p6-10\p10\v1\source1\video.avi
125.7959125,94.48032916666666,77.45324583333333,0.31739817959421773,0.16783110588972033,0.26053391140704873,83,p10,v1,source1,data-videos\VIPL\VIPL\p6-10\p10\v1\source1\video.avi
128.2730625,96.80819583333334,79.20642916666667,1.454676848779482,0.8932193338720217,0.7221863226708037,83,p10,v1,source1,data-videos\VIPL\VIPL\p6-10\p10\v1\source1\video.avi
129.15819583333334,97.99212916666666,80.2988625,0.724742115725003,0.3687366170829476,0.6480584825504234,83,p10,v1,source1,data-videos\VIPL\VIPL\p6-10\p10\v1\source1\video.avi
128.34929583333331,97.0959125,79.36937916666666,0.7583640809242674,0.5664305967219438,0.7603850464201974,83,p10,v1,source1,data-videos\VIPL\VIPL\p6-10\p10\v1\source1\video.avi
128.88345,97.37501666666667,79.75378333333333,1.0969476552068893,0.2835054221262794,0.44267951153238905,82,p10,v1,source1,data-videos\VIPL\VIPL\p6-10\p10\v1\source1\video.avi
128.90899166666668,96.22014166666668,78.39417499999999,0.6723355093131199,0.502034377696278,0.4547741101360099,82,p10,v1,source1,data-videos\VIPL\VIPL\p6-10\p10\v1\source1\video.avi
128.3939208333333,95.94945416666667,78.44355416666666,0.590976655219042,0.3985522664560101,0.568231016510892,82,p10,v1,source1,data-videos\VIPL\VIPL\p6-10\p10\v1\source1\video.avi
127.61438333333334,95.49596666666666,78.08109999999999,0.41400707639550727,0.2795550773103577,0.3159731029780147,83,p10,v1,source1,data-videos\VIPL\VIPL\p6-10\p10\v1\source1\video.avi
126.82344166666668,95.162725,77.795425,0.41962569762957935,0.36601529225794255,0.4183304095183358,84,p10,v1,source1,data-videos\VIPL\VIPL\p6-10\p10\v1\source1\video.avi
126.24107916666667,95.86739583333333,78.52057916666668,0.4279347720934425,0.3109299056861523,0.6048827925952079,84,p10,v1,source1,data-videos\VIPL\VIPL\p6-10\p10\v1\source1\video.avi
125.61396250000001,94.58217916666666,77.31372916666666,0.2922898335057741,0.2955808678005447,0.21761705622428135,84,p10,v1,source1,data-videos\VIPL\VIPL\p6-10\p10\v1\source1\video.avi
125.03785833333333,94.34025833333335,77.27182499999999,0.6551542519280823,0.17395450375026203,0.33375874822076196,84,p10,v1,source1,data-videos\VIPL\VIPL\p6-10\p10\v1\source1\video.avi
123.49484166666669,93.09695833333333,76.098875,1.137610327036703,0.8394390891392897,0.6725011578366736,84,p10,v1,source1,data-videos\VIPL\VIPL\p6-10\p10\v1\source1\video.avi
121.67379583333333,91.04924583333333,74.27927916666667,0.5613135767938051,0.2417443917394989,0.5906998357351217,84,p10,v1,source1,data-videos\VIPL\VIPL\p6-10\p10\v1\source1\video.avi
122.92984583333333,90.89526249999999,73.82286249999999,0.3872840338139735,0.32401231211603315,0.2617805403757968,84,p10,v1,source1,data-videos\VIPL\VIPL\p6-10\p10\v1\source1\video.avi
121.56499583333334,90.39519583333335,73.73107916666667,0.8161587682340232,0.3022874473057255,0.4147112301466192,84,p10,v1,source1,data-videos\VIPL\VIPL\p6-10\p10\v1\source1\video.avi
122.051125,91.07644166666667,74.34087500000001,0.9214242165287141,0.31536420699812406,0.5331136461601991,84,p10,v1,source1,data-videos\VIPL\VIPL\p6-10\p10\v1\source1\video.avi
122.46114166666666,90.433575,73.52620833333333,0.20561603003062598,0.13285409551250035,0.1390566431350903,84,p10,v1,source1,data-videos\VIPL\VIPL\p6-10\p10\v1\source1\video.avi
120.78271666666666,90.98445000000001,74.75155,0.7830638088623428,0.43387530562747356,0.7163506984672006,85,p10,v1,source1,data-videos\VIPL\VIPL\p6-10\p10\v1\source1\video.avi
120.94959583333333,91.18044583333334,74.7399625,0.30297179593477797,0.4265154827771339,0.5330179551580162,85,p10,v1,source1,data-videos\VIPL\VIPL\p6-10\p10\v1\source1\video.avi
119.94984583333333,90.21004583333334,73.76664583333333,0.2438372103958118,0.2075301832967121,0.20078905329626667,84,p10,v1,source1,data-videos\VIPL\VIPL\p6-10\p10\v1\source1\video.avi
120.68029999999999,90.89338333333332,74.37543333333333,0.30351151520347946,0.22570035506790354,0.22699245826923478,83,p10,v1,source1,data-videos\VIPL\VIPL\p6-10\p10\v1\source1\video.avi
141.1652375,112.47960833333335,95.26952499999999,3.2636786062236927,2.4783759429269754,2.0557933905135415,84,p10,v2,source1,data-videos\VIPL\VIPL\p6-10\p10\v2\source1\video.avi
143.4177,114.08611249999998,96.63799583333333,1.4710183963249388,1.0564605245983971,0.8202659154920768,84,p10,v2,source1,data-videos\VIPL\VIPL\p6-10\p10\v2\source1\video.avi
116.37357083333335,91.42117083333332,77.15242083333332,10.393780745073789,8.095925649525132,7.195526149909246,84,p10,v2,source1,data-videos\VIPL\VIPL\p6-10\p10\v2\source1\video.avi
166.16972083333334,125.46557499999999,104.87712500000002,19.47383166854412,13.642385448512975,11.390107166593872,84,p10,v2,source1,data-videos\VIPL\VIPL\p6-10\p10\v2\source1\video.avi
132.69205000000002,118.81896666666667,108.39306666666666,14.400106514475135,20.574258047365483,24.054889441225527,84,p10,v2,source1,data-videos\VIPL\VIPL\p6-10\p10\v2\source1\video.avi
139.11476666666667,104.30578333333335,85.45921666666668,15.36597327996248,10.420861202486725,8.622041287617563,83,p10,v2,source1,data-videos\VIPL\VIPL\p6-10\p10\v2\source1\video.avi
120.09412916666666,113.73846666666667,106.41149999999999,8.074731076526895,12.324419169937359,14.5299271190258,83,p10,v2,source1,data-videos\VIPL\VIPL\p6-10\p10\v2\source1\video.avi
121.33889583333331,96.37972916666668,81.20429583333333,1.7628440355714974,2.6349875684927078,3.8971113818620697,83,p10,v2,source1,data-videos\VIPL\VIPL\p6-10\p10\v2\source1\video.avi
130.8537041666667,96.62108749999999,78.01112083333334,3.2916686039129317,2.235975003292127,2.016505960211733,83,p10,v2,source1,data-videos\VIPL\VIPL\p6-10\p10\v2\source1\video.avi
150.44577083333334,116.09345416666669,96.72597083333336,12.236534808435577,9.839981822850476,8.78766536802675,83,p10,v2,source1,data-videos\VIPL\VIPL\p6-10\p10\v2\source1\video.avi
116.19480833333333,110.0015625,102.56012916666667,4.209701051329239,2.567302952279826,3.924601735730293,83,p10,v2,source1,data-videos\VIPL\VIPL\p6-10\p10\v2\source1\video.avi
108.99762500000001,85.93119166666668,72.99695416666667,18.09975690125557,10.904978842392168,10.082815167483332,83,p10,v2,source1,data-videos\VIPL\VIPL\p6-10\p10\v2\source1\video.avi
153.2341,114.4535,94.28216666666667,15.36169158419804,8.97941203256209,7.001959564201675,83,p10,v2,source1,data-videos\VIPL\VIPL\p6-10\p10\v2\source1\video.avi
92.32822083333332,84.27556666666668,76.68345,14.782874738046178,15.26339231853502,15.32065224270073,82,p10,v2,source1,data-videos\VIPL\VIPL\p6-10\p10\v2\source1\video.avi
94.74243333333334,71.0793,58.40443333333333,30.87611168157047,21.153873218545222,16.9908642758242,82,p10,v2,source1,data-videos\VIPL\VIPL\p6-10\p10\v2\source1\video.avi
136.17601666666667,105.7515,88.5583,12.443490338000416,6.805936144878212,4.86180690055648,82,p10,v2,source1,data-videos\VIPL\VIPL\p6-10\p10\v2\source1\video.avi
94.88136250000001,72.98489583333333,60.2938125,8.550974886597158,8.154120154174532,7.445814371536665,81,p10,v2,source1,data-videos\VIPL\VIPL\p6-10\p10\v2\source1\video.avi
142.9241708333333,107.45717083333335,88.33405416666669,19.224507879088222,15.229242396006422,12.946328344519046,81,p10,v2,source1,data-videos\VIPL\VIPL\p6-10\p10\v2\source1\video.avi
108.444075,86.82900833333333,73.19969583333334,27.437754067086782,20.373326642092156,16.593376314894698,81,p10,v2,source1,data-videos\VIPL\VIPL\p6-10\p10\v2\source1\video.avi
74.77636666666666,64.06285416666668,56.40303749999999,26.997972829897595,17.845463251377083,13.790379231566355,81,p10,v2,source1,data-videos\VIPL\VIPL\p6-10\p10\v2\source1\video.avi
117.42887499999999,99.646875,87.29724166666666,5.1273395492495535,5.051088557990219,5.792233915575497,80,p10,v2,source1,data-videos\VIPL\VIPL\p6-10\p10\v2\source1\video.avi
85.50188333333334,68.57046666666666,58.61091666666667,8.214651634835246,7.966482298365673,7.422037163550048,80,p10,v2,source1,data-videos\VIPL\VIPL\p6-10\p10\v2\source1\video.avi
124.88495416666666,94.48207083333332,78.63890416666666,17.03079248111466,12.868472658171102,10.641484053963708,80,p10,v2,source1,data-videos\VIPL\VIPL\p6-10\p10\v2\source1\video.avi
125.6513875,108.92305416666666,97.14049166666666,8.159329107584034,10.793601095315303,14.17733694160013,79,p10,v2,source1,data-videos\VIPL\VIPL\p6-10\p10\v2\source1\video.avi
123.28084166666667,111.684,102.8964625,17.182626153304856,25.85355971044198,29.003412951204982,77,p10,v2,source1,data-videos\VIPL\VIPL\p6-10\p10\v2\source1\video.avi
131.29695,97.44353333333332,80.23326666666667,3.4136697804918175,2.8831306162059627,2.814330938270083,77,p10,v2,source1,data-videos\VIPL\VIPL\p6-10\p10\v2\source1\video.avi
147.7334625,112.38730416666667,93.23678749999999,15.685127954222981,10.860770231884647,8.829134311805591,77,p10,v2,source1,data-videos\VIPL\VIPL\p6-10\p10\v2\source1\video.avi
134.10841250000004,104.16049166666667,86.78964166666667,6.5434708563166435,5.4072200602495615,4.739935431342774,77,p10,v2,source1,data-videos\VIPL\VIPL\p6-10\p10\v2\source1\video.avi
83.7025625,65.80679583333334,55.386833333333335,23.77369115475188,16.58815667243668,12.999311567876017,77,p10,v2,source1,data-videos\VIPL\VIPL\p6-10\p10\v2\source1\video.avi
67.3494125,59.40832916666666,53.00746250000001,2.4238942893487536,1.6398804642560416,1.48867661269582,77,p10,v2,source1,data-videos\VIPL\VIPL\p6-10\p10\v2\source1\video.avi
139.23319583333335,106.91978333333333,90.12706666666666,19.198122552583825,14.077004356708311,11.326017320503281,77,p10,v2,source1,data-videos\VIPL\VIPL\p6-10\p10\v2\source1\video.avi
151.11580416666666,118.00169166666666,99.64369166666665,4.4070675254711595,2.274435763798537,1.5949039948139865,77,p10,v2,source1,data-videos\VIPL\VIPL\p6-10\p10\v2\source1\video.avi
164.90068333333332,176.01602083333336,180.77503750000002,0.1380205081128212,0.0815718571686607,0.1900497122465608,82,p10,v3,source1,data-videos\VIPL\VIPL\p6-10\p10\v3\source1\video.avi
165.00016666666667,176.02072916666668,180.67594583333332,0.7733118963668558,0.15239881376670883,0.9816080012712414,82,p10,v3,source1,data-videos\VIPL\VIPL\p6-10\p10\v3\source1\video.avi
165.55824999999996,175.76188333333334,179.8866,0.726994971349908,0.22017041994655992,1.1643435803001276,82,p10,v3,source1,data-videos\VIPL\VIPL\p6-10\p10\v3\source1\video.avi
166.0916125,175.48206249999998,178.43458750000002,0.44063061867970094,0.15709504266703006,1.0512724517354102,82,p10,v3,source1,data-videos\VIPL\VIPL\p6-10\p10\v3\source1\video.avi
166.1799583333333,175.51297916666667,178.64919583333332,0.5740627975109607,0.13506158896036996,1.043527173703179,82,p10,v3,source1,data-videos\VIPL\VIPL\p6-10\p10\v3\source1\video.avi
166.31839166666668,175.48145,178.43032916666667,0.4556563414003323,0.07892834698847392,0.6333037765032936,83,p10,v3,source1,data-videos\VIPL\VIPL\p6-10\p10\v3\source1\video.avi
166.12712083333332,175.48025833333338,178.81310833333336,0.08678341935531438,0.05922700210020379,0.2020021221698199,83,p10,v3,source1,data-videos\VIPL\VIPL\p6-10\p10\v3\source1\video.avi
166.90338749999998,175.30697083333334,177.1880083333333,0.36997312815332406,0.1283044269392997,0.71157539503028,83,p10,v3,source1,data-videos\VIPL\VIPL\p6-10\p10\v3\source1\video.avi
166.8509,175.28385416666663,177.18516666666667,0.4915708088758822,0.10077022388003853,0.9435105914143791,83,p10,v3,source1,data-videos\VIPL\VIPL\p6-10\p10\v3\source1\video.avi
166.980475,175.273925,177.2913791666667,0.8106882487747019,0.11747648523569876,1.1477884854628548,83,p10,v3,source1,data-videos\VIPL\VIPL\p6-10\p10\v3\source1\video.avi
166.5882375,175.32159583333333,177.91265416666664,0.5127203607555816,0.09243659012774177,0.8925023960829956,83,p10,v3,source1,data-videos\VIPL\VIPL\p6-10\p10\v3\source1\video.avi
166.49500416666666,175.23903750000002,177.64822083333337,0.7335683066259822,0.12680019099946113,1.3524536902628344,83,p10,v3,source1,data-videos\VIPL\VIPL\p6-10\p10\v3\source1\video.avi
166.9389958333333,175.19127916666665,177.16725416666665,0.551504351971093,0.11548257564575848,0.9707960891818841,83,p10,v3,source1,data-videos\VIPL\VIPL\p6-10\p10\v3\source1\video.avi
167.01845833333334,175.18068333333338,176.88550416666666,0.6230902872589069,0.09391431470731473,0.9243950887494802,83,p10,v3,source1,data-videos\VIPL\VIPL\p6-10\p10\v3\source1\video.avi
167.43233333333333,175.04729583333335,175.92612083333333,0.1557128377726836,0.16796761137856966,0.26888681963018174,83,p10,v3,source1,data-videos\VIPL\VIPL\p6-10\p10\v3\source1\video.avi
165.62227083333332,172.63945,173.15883333333335,2.1945905537900963,2.0074288234839517,1.70951000228623,83,p10,v3,source1,data-videos\VIPL\VIPL\p6-10\p10\v3\source1\video.avi
166.93255416666668,175.13459999999998,176.84772916666668,0.9423438738945918,0.185403100346397,1.5217326405011693,83,p10,v3,source1,data-videos\VIPL\VIPL\p6-10\p10\v3\source1\video.avi
167.26113749999996,175.151525,176.35800833333334,0.14362314729005074,0.07906328710631559,0.19639186600957376,83,p10,v3,source1,data-videos\VIPL\VIPL\p6-10\p10\v3\source1\video.avi
167.37142916666667,175.14790000000002,176.27457916666665,0.5632925431484647,0.16079244320448385,1.1617197349637163,83,p10,v3,source1,data-videos\VIPL\VIPL\p6-10\p10\v3\source1\video.avi
115.2251125,100.8110625,92.15746666666666,27.52377642230567,36.05324263429087,40.22103868206065,83,p10,v3,source1,data-videos\VIPL\VIPL\p6-10\p10\v3\source1\video.avi
94.81766250000001,75.74422083333334,65.29732083333333,21.89151878251265,18.60443570368461,18.06494027125259,83,p10,v3,source1,data-videos\VIPL\VIPL\p6-10\p10\v3\source1\video.avi
165.76153333333332,171.76607500000003,171.86817083333335,7.607950985653375,9.556405720550165,10.212628647108934,83,p10,v3,source1,data-videos\VIPL\VIPL\p6-10\p10\v3\source1\video.avi
167.77410416666666,175.020425,175.52489166666666,0.48024723269779607,0.11567674863001076,0.5028639794619194,83,p10,v3,source1,data-videos\VIPL\VIPL\p6-10\p10\v3\source1\video.avi
167.64669166666667,174.88718333333335,175.18497083333332,0.18258327219305073,0.10863722792701747,0.4954037271579055,83,p10,v3,source1,data-videos\VIPL\VIPL\p6-10\p10\v3\source1\video.avi
167.50114999999997,174.84215833333332,175.17237083333333,0.1308770842453153,0.10397109357225567,0.19900935706993383,83,p10,v3,source1,data-videos\VIPL\VIPL\p6-10\p10\v3\source1\video.avi
167.53337916666666,174.87402916666667,175.2365625,0.13592511623030554,0.08173900771323718,0.23419740308361878,83,p10,v3,source1,data-videos\VIPL\VIPL\p6-10\p10\v3\source1\video.avi
144.36189166666668,109.48367499999999,95.339375,0.5882392059676917,0.31282719332235887,0.2441524579910201,79,p10,v4,source1,data-videos\VIPL\VIPL\p6-10\p10\v4\source1\video.avi
144.86723333333333,109.27019999999999,94.99676666666669,0.5829127710734732,0.1234830029351765,0.12811558393584244,79,p10,v4,source1,data-videos\VIPL\VIPL\p6-10\p10\v4\source1\video.avi
145.2244,109.58798333333334,95.33585000000001,0.19532070156113598,0.15163020646918826,0.20552501723228922,79,p10,v4,source1,data-videos\VIPL\VIPL\p6-10\p10\v4\source1\video.avi
145.72581666666667,109.81301666666668,95.57016666666667,0.21531823524856145,0.13030914923749662,0.16405412280199916,78,p10,v4,source1,data-videos\VIPL\VIPL\p6-10\p10\v4\source1\video.avi
145.7562,110.12573333333334,95.85728333333334,0.4943516052899767,0.09385045765886106,0.18985066298570408,78,p10,v4,source1,data-videos\VIPL\VIPL\p6-10\p10\v4\source1\video.avi
145.15929583333335,110.16442916666666,96.00702916666665,0.1523539039493621,0.11274280942210359,0.16529848874670483,77,p10,v4,source1,data-videos\VIPL\VIPL\p6-10\p10\v4\source1\video.avi
145.18170833333335,109.98030833333333,95.76700833333332,0.19986026585605923,0.09751127730364882,0.21879864641631325,76,p10,v4,source1,data-videos\VIPL\VIPL\p6-10\p10\v4\source1\video.avi
146.0585458333333,109.86472916666668,95.14314583333335,0.1763942585359418,0.09790395307533653,0.23518763933175604,76,p10,v4,source1,data-videos\VIPL\VIPL\p6-10\p10\v4\source1\video.avi
146.0152875,109.61657083333334,94.87177083333334,0.2319640145852379,0.09157015241059682,0.15926890531861168,76,p10,v4,source1,data-videos\VIPL\VIPL\p6-10\p10\v4\source1\video.avi
145.65882083333335,109.6788875,95.12063749999999,0.19566997778998374,0.10118328014328963,0.1523719245884147,77,p10,v4,source1,data-videos\VIPL\VIPL\p6-10\p10\v4\source1\video.avi
144.81997083333334,109.8105875,95.56427083333332,0.251197829229717,0.1531969782076149,0.16426718316595645,77,p10,v4,source1,data-videos\VIPL\VIPL\p6-10\p10\v4\source1\video.avi
145.43433333333334,110.0701,95.96813333333334,0.19129267860764915,0.16673050985547475,0.2310047985312094,77,p10,v4,source1,data-videos\VIPL\VIPL\p6-10\p10\v4\source1\video.avi
146.750325,110.10520833333332,95.37450833333332,0.604850820479496,0.15604321038399765,0.5226106014320481,77,p10,v4,source1,data-videos\VIPL\VIPL\p6-10\p10\v4\source1\video.avi
146.14287083333335,109.48650416666669,94.49825416666667,0.5415727515379025,0.20865084987312515,0.16542386445297302,77,p10,v4,source1,data-videos\VIPL\VIPL\p6-10\p10\v4\source1\video.avi
145.31422916666668,109.12292916666667,94.4145125,0.18323537629235362,0.14215223866803328,0.2062765149623195,78,p10,v4,source1,data-videos\VIPL\VIPL\p6-10\p10\v4\source1\video.avi
144.94457083333333,109.08843749999998,94.73873749999998,0.22931717655962494,0.10759741629358865,0.21782617488556802,77,p10,v4,source1,data-videos\VIPL\VIPL\p6-10\p10\v4\source1\video.avi
145.99093333333334,109.40293333333334,94.78693333333332,0.2281312013616797,0.09448523124600672,0.13842015059332238,77,p10,v4,source1,data-videos\VIPL\VIPL\p6-10\p10\v4\source1\video.avi
145.5518,109.17315000000002,94.55936666666666,0.24890086421773144,0.1088756110456126,0.16371652520439112,77,p10,v4,source1,data-videos\VIPL\VIPL\p6-10\p10\v4\source1\video.avi
144.99179583333333,109.1879625,94.67959583333334,0.25485367411189924,0.09679363106056584,0.13797597642142004,78,p10,v4,source1,data-videos\VIPL\VIPL\p6-10\p10\v4\source1\video.avi
144.32496250000003,109.0662125,94.69479583333333,0.16016239555959777,0.07185488776578298,0.13670396302574506,78,p10,v4,source1,data-videos\VIPL\VIPL\p6-10\p10\v4\source1\video.avi
144.06675833333335,108.92964166666667,94.57630833333334,0.17111653690216122,0.08853663260199164,0.13270158957224168,78,p10,v4,source1,data-videos\VIPL\VIPL\p6-10\p10\v4\source1\video.avi
144.23636666666667,108.95058333333334,94.53325000000001,0.11843393728150826,0.09926423771373549,0.17954307360012017,78,p10,v4,source1,data-videos\VIPL\VIPL\p6-10\p10\v4\source1\video.avi
144.2098333333333,108.87573333333334,94.45406666666668,0.22370730505133918,0.08785387014810488,0.15193062104497165,77,p10,v4,source1,data-videos\VIPL\VIPL\p6-10\p10\v4\source1\video.avi
144.48592916666666,109.07237916666666,94.60167916666667,0.14605209163932364,0.16427592514831085,0.21295912883827225,77,p10,v4,source1,data-videos\VIPL\VIPL\p6-10\p10\v4\source1\video.avi
144.78101666666666,109.31615,94.86614999999998,0.26142170440635176,0.11882729019814062,0.24755514516130148,77,p10,v4,source1,data-videos\VIPL\VIPL\p6-10\p10\v4\source1\video.avi
145.54762499999998,109.19350833333334,94.37975833333334,0.18986697645983647,0.10650019040149922,0.18480341168988712,78,p10,v4,source1,data-videos\VIPL\VIPL\p6-10\p10\v4\source1\video.avi
146.04828750000001,109.27500416666666,94.38375416666666,0.21459044907295705,0.10780079235948734,0.20266314689926088,80,p10,v4,source1,data-videos\VIPL\VIPL\p6-10\p10\v4\source1\video.avi
145.56644583333332,109.19124583333333,94.3872125,0.18263566665936248,0.0826254857945042,0.14419767031751926,81,p10,v4,source1,data-videos\VIPL\VIPL\p6-10\p10\v4\source1\video.avi
144.64901666666665,109.07683333333333,94.62831666666666,0.39981123592890766,0.113747580865606,0.2224828248676999,83,p10,v4,source1,data-videos\VIPL\VIPL\p6-10\p10\v4\source1\video.avi
144.18882083333335,108.8001375,94.43262083333333,0.18678210418678518,0.12766097789762462,0.2918364084646654,83,p10,v4,source1,data-videos\VIPL\VIPL\p6-10\p10\v4\source1\video.avi
144.29398333333336,108.44011666666667,93.85278333333333,0.27018368443215063,0.13085439161738333,0.1941097098149508,83,p10,v4,source1,data-videos\VIPL\VIPL\p6-10\p10\v4\source1\video.avi
144.4582,108.09365000000001,93.35976666666667,0.17889507884822253,0.15640070088113803,0.2001484849846893,83,p10,v4,source1,data-videos\VIPL\VIPL\p6-10\p10\v4\source1\video.avi
133.23602083333336,105.09127083333333,93.12810416666667,0.6652195726683859,1.2613206758085853,1.8423729038027747,77,p10,v5,source1,data-videos\VIPL\VIPL\p6-10\p10\v5\source1\video.avi
132.79459583333332,103.39972916666667,90.29437916666667,1.330788478723862,2.833834040622644,4.024943899548649,78,p10,v5,source1,data-videos\VIPL\VIPL\p6-10\p10\v5\source1\video.avi
132.24468750000003,101.06764166666666,88.117825,1.8050043147840105,1.9338303711571303,2.8891459635531187,79,p10,v5,source1,data-videos\VIPL\VIPL\p6-10\p10\v5\source1\video.avi
134.05827499999998,101.91753333333334,90.19218333333332,1.5099767770588208,0.4287449259903845,0.5150212251896369,79,p10,v5,source1,data-videos\VIPL\VIPL\p6-10\p10\v5\source1\video.avi
133.315675,103.04492916666666,91.71784583333334,0.2718893357012281,0.2020589240412857,0.346591643174004,79,p10,v5,source1,data-videos\VIPL\VIPL\p6-10\p10\v5\source1\video.avi
132.0191125,102.47020416666666,91.39340416666668,0.7674744844654803,0.16618179856293278,0.26370128519311414,79,p10,v5,source1,data-videos\VIPL\VIPL\p6-10\p10\v5\source1\video.avi
131.5543875,102.23477500000001,91.13932499999999,0.5574641332196991,0.23885955470736267,0.542437518099242,79,p10,v5,source1,data-videos\VIPL\VIPL\p6-10\p10\v5\source1\video.avi
130.1487,104.21146666666665,93.64635833333334,0.3789390630064718,0.9769344449105971,0.8142554990773948,78,p10,v5,source1,data-videos\VIPL\VIPL\p6-10\p10\v5\source1\video.avi
129.0634,103.25770833333335,93.01697083333333,0.49756632102609494,0.8569149182289542,1.100242188426914,78,p10,v5,source1,data-videos\VIPL\VIPL\p6-10\p10\v5\source1\video.avi
127.7330625,101.50639583333331,90.70150833333334,0.19518192412963,0.3621325376521553,0.5760806030541892,77,p10,v5,source1,data-videos\VIPL\VIPL\p6-10\p10\v5\source1\video.avi
128.36602916666664,102.82297499999999,92.46932083333333,0.4462905845612864,0.3107735715003054,0.3672967917963472,77,p10,v5,source1,data-videos\VIPL\VIPL\p6-10\p10\v5\source1\video.avi
127.97545833333334,101.7183375,90.94872500000001,0.43968954976620783,0.45564354431854454,0.8470392738787575,78,p10,v5,source1,data-videos\VIPL\VIPL\p6-10\p10\v5\source1\video.avi
127.808925,101.45256249999998,91.2562125,0.44318819652008073,0.23126104703343225,0.5136838958553324,78,p10,v5,source1,data-videos\VIPL\VIPL\p6-10\p10\v5\source1\video.avi
127.30443333333335,102.09035416666666,91.70915416666666,0.3426625325018118,0.14329881185539023,0.2770003749872114,78,p10,v5,source1,data-videos\VIPL\VIPL\p6-10\p10\v5\source1\video.avi
126.41226666666665,101.80357916666667,91.76312083333335,0.33468702508006615,0.20667081203839782,0.3153889153908062,79,p10,v5,source1,data-videos\VIPL\VIPL\p6-10\p10\v5\source1\video.avi
126.83514166666667,101.66544999999998,91.29144583333333,0.39107950434058547,0.1372932211596378,0.15126889895701398,79,p10,v5,source1,data-videos\VIPL\VIPL\p6-10\p10\v5\source1\video.avi
125.76515,100.98817916666667,90.77357083333332,0.4839781869941145,0.17494468897736973,0.23421555784089546,79,p10,v5,source1,data-videos\VIPL\VIPL\p6-10\p10\v5\source1\video.avi
125.61935,101.33785416666667,91.57475416666666,0.5877178233016157,0.20809557474671886,0.22984074324832895,78,p10,v5,source1,data-videos\VIPL\VIPL\p6-10\p10\v5\source1\video.avi
125.81322083333333,101.34513333333332,91.55004166666666,0.8293145156710928,0.3546411741895664,0.2804925247196639,78,p10,v5,source1,data-videos\VIPL\VIPL\p6-10\p10\v5\source1\video.avi
124.49465000000001,100.30633333333333,90.13633333333335,0.35054438551384304,0.19220196535444445,0.30867968581929695,77,p10,v5,source1,data-videos\VIPL\VIPL\p6-10\p10\v5\source1\video.avi
121.44077500000002,124.14443333333332,122.87270000000001,0.6061285646420235,0.31825565571696307,0.49940111522591674,100,p10,v6,source1,data-videos\VIPL\VIPL\p6-10\p10\v6\source1\video.avi
122.30400416666667,126.84960416666667,125.98667499999999,1.5042291238418057,2.6309947872073973,3.339154444922935,100,p10,v6,source1,data-videos\VIPL\VIPL\p6-10\p10\v6\source1\video.avi
130.87521666666666,135.3424875,134.0844375,1.4776036865291209,0.8444399988963788,0.8792341003956834,100,p10,v6,source1,data-videos\VIPL\VIPL\p6-10\p10\v6\source1\video.avi
129.69493333333332,131.9527375,130.545825,1.137075000305366,1.5970505816495677,1.7547940957579429,100,p10,v6,source1,data-videos\VIPL\VIPL\p6-10\p10\v6\source1\video.avi
126.6148625,129.126825,127.72730833333333,1.0914271380507323,0.7229185987726334,0.7734016345107402,100,p10,v6,source1,data-videos\VIPL\VIPL\p6-10\p10\v6\source1\video.avi
124.39915416666666,127.64600833333333,126.41159166666667,0.22301918655004627,0.18116636413268183,0.32572800876566543,87,p10,v6,source1,data-videos\VIPL\VIPL\p6-10\p10\v6\source1\video.avi
124.03060416666668,127.85082916666666,126.76907916666667,0.11833069612671664,0.08739187505935006,0.20362109649420126,85,p10,v6,source1,data-videos\VIPL\VIPL\p6-10\p10\v6\source1\video.avi
123.78067916666667,127.92853333333335,127.15346249999999,0.12866845152043563,0.1670899882298971,0.3969578700445157,85,p10,v6,source1,data-videos\VIPL\VIPL\p6-10\p10\v6\source1\video.avi
123.65442499999999,128.0527375,127.67942083333334,0.17607723782634507,0.11108090895078773,0.22377318137209634,82,p10,v6,source1,data-videos\VIPL\VIPL\p6-10\p10\v6\source1\video.avi
123.46965,127.67509583333333,127.32122083333334,0.1380034120451768,0.21862278427820675,0.27995940851606865,81,p10,v6,source1,data-videos\VIPL\VIPL\p6-10\p10\v6\source1\video.avi
136.32916666666668,135.55929583333332,131.80749583333335,6.448854024085079,4.8744980488806915,5.104029819209715,79,p10,v6,source1,data-videos\VIPL\VIPL\p6-10\p10\v6\source1\video.avi
125.20310416666668,117.81100833333332,110.681275,3.1916132291272823,3.5810752725118515,3.7508150812430836,79,p10,v6,source1,data-videos\VIPL\VIPL\p6-10\p10\v6\source1\video.avi
124.15150833333331,122.52129166666667,119.40334583333333,0.38456405030205565,0.5066803280778829,1.1166752675041898,79,p10,v6,source1,data-videos\VIPL\VIPL\p6-10\p10\v6\source1\video.avi
124.57365416666667,124.33555,122.19206249999999,0.40533769884402115,0.8667664428342908,1.0824525987184037,79,p10,v6,source1,data-videos\VIPL\VIPL\p6-10\p10\v6\source1\video.avi
126.39553333333333,126.41646666666668,124.50543333333333,0.49058093779495393,0.5476775388515576,0.6538695461655765,79,p10,v6,source1,data-videos\VIPL\VIPL\p6-10\p10\v6\source1\video.avi
125.19637916666669,125.69115416666668,123.63389166666667,1.1657365616406783,0.4266520453630801,0.4715938132781449,79,p10,v6,source1,data-videos\VIPL\VIPL\p6-10\p10\v6\source1\video.avi
124.7262875,126.05016666666667,123.99913749999997,0.37998675264737897,0.3018765398511456,0.5767310353044407,79,p10,v6,source1,data-videos\VIPL\VIPL\p6-10\p10\v6\source1\video.avi
112.58939166666666,116.40014583333331,115.65100000000001,9.348408754258738,7.860775427418881,6.778328593709926,79,p10,v6,source1,data-videos\VIPL\VIPL\p6-10\p10\v6\source1\video.avi
120.44507916666667,123.18065833333334,121.77546249999999,6.800120562610759,5.5203443593775114,4.910427409926728,79,p10,v6,source1,data-videos\VIPL\VIPL\p6-10\p10\v6\source1\video.avi
131.36688750000002,131.42102083333336,128.66650416666664,0.5295072930263145,0.3465902560020356,0.32543754878581926,79,p10,v6,source1,data-videos\VIPL\VIPL\p6-10\p10\v6\source1\video.avi
129.63772916666667,129.7464875,126.59884166666667,2.8716706820379647,2.3532427823038753,2.076521554403607,79,p10,v6,source1,data-videos\VIPL\VIPL\p6-10\p10\v6\source1\video.avi
124.18388749999998,124.39680833333334,121.54832499999999,0.5063965594782298,1.7446812245842127,2.6946446310099157,78,p10,v6,source1,data-videos\VIPL\VIPL\p6-10\p10\v6\source1\video.avi
124.142675,124.8125375,122.04136250000002,0.8445202645215202,0.31663840729169607,1.238077123043699,84,p10,v6,source1,data-videos\VIPL\VIPL\p6-10\p10\v6\source1\video.avi
117.43952083333333,102.47730416666666,90.49847083333333,0.527761691275311,0.21980061261415082,0.34277399664761193,101,p10,v7,source1,data-videos\VIPL\VIPL\p6-10\p10\v7\source1\video.avi
117.63678333333331,102.30326666666667,90.02198333333334,0.7477076758379199,0.19035158415489403,0.46045650419658973,100,p10,v7,source1,data-videos\VIPL\VIPL\p6-10\p10\v7\source1\video.avi
118.516625,103.02395833333333,90.61395833333331,0.6266670157357179,0.5210993454014101,0.5034055549731022,98,p10,v7,source1,data-videos\VIPL\VIPL\p6-10\p10\v7\source1\video.avi
118.244625,102.95624166666667,90.86677499999998,0.4621073981184819,0.1599110726179816,0.4402276887604747,98,p10,v7,source1,data-videos\VIPL\VIPL\p6-10\p10\v7\source1\video.avi
116.829275,102.23192499999999,90.38072499999998,0.32817609718547147,0.35349070679675193,0.6236153735253979,98,p10,v7,source1,data-videos\VIPL\VIPL\p6-10\p10\v7\source1\video.avi
116.72300416666666,102.58870416666667,90.64958750000001,0.2771653961811931,0.33199605068978016,0.5261479789271897,96,p10,v7,source1,data-videos\VIPL\VIPL\p6-10\p10\v7\source1\video.avi
117.41884583333332,103.03734583333333,91.21876250000001,0.6039671372532991,0.38714400775816704,0.3708740419135293,95,p10,v7,source1,data-videos\VIPL\VIPL\p6-10\p10\v7\source1\video.avi
116.34202083333334,101.93890416666667,90.11232083333333,0.5261261475067339,0.7476236276669119,1.3006145651111116,95,p10,v7,source1,data-videos\VIPL\VIPL\p6-10\p10\v7\source1\video.avi
117.5477875,102.17973749999999,89.77743749999999,0.40085559350005173,0.6946016707487418,0.9904686167310746,94,p10,v7,source1,data-videos\VIPL\VIPL\p6-10\p10\v7\source1\video.avi
117.79050416666666,102.92803749999999,90.85542083333334,0.30281420017295857,0.13625564042861252,0.21849620888841867,94,p10,v7,source1,data-videos\VIPL\VIPL\p6-10\p10\v7\source1\video.avi
116.92800416666665,102.05995416666667,89.95230416666668,0.7737249848316773,0.4776790059321571,0.8216633780782725,94,p10,v7,source1,data-videos\VIPL\VIPL\p6-10\p10\v7\source1\video.avi
118.01232083333335,102.8335375,90.32563750000001,0.5740081092451284,0.44398223332352427,0.5932967168301104,94,p10,v7,source1,data-videos\VIPL\VIPL\p6-10\p10\v7\source1\video.avi
118.02502499999999,103.484625,91.43629166666668,0.5455664099890435,0.32322712763885764,0.35787727518972584,94,p10,v7,source1,data-videos\VIPL\VIPL\p6-10\p10\v7\source1\video.avi
119.24322916666667,104.96892916666665,93.33872916666667,1.8233314040113955,1.516459608839963,1.2468120190860774,94,p10,v7,source1,data-videos\VIPL\VIPL\p6-10\p10\v7\source1\video.avi
121.13075833333332,107.45270833333332,96.02925833333333,0.14396103627467288,0.13638884044748922,0.19301855507739693,93,p10,v7,source1,data-videos\VIPL\VIPL\p6-10\p10\v7\source1\video.avi
121.11706666666667,106.45155000000001,94.58773333333333,0.5909862032489043,0.5418181633655116,0.8331126537386448,93,p10,v7,source1,data-videos\VIPL\VIPL\p6-10\p10\v7\source1\video.avi
120.64867916666667,105.21786250000001,92.87609583333332,0.6031030736659183,0.14384646557952876,0.2722070483795387,93,p10,v7,source1,data-videos\VIPL\VIPL\p6-10\p10\v7\source1\video.avi
120.96332083333333,105.60152083333332,93.4542375,0.5925754203052991,0.11062968445825584,0.26900740696122033,93,p10,v7,source1,data-videos\VIPL\VIPL\p6-10\p10\v7\source1\video.avi
119.5068125,104.28699583333334,92.19669583333334,0.8505555782349936,0.5802228377002147,0.5713458583564869,93,p10,v7,source1,data-videos\VIPL\VIPL\p6-10\p10\v7\source1\video.avi
118.75480833333334,104.38922500000001,92.53940833333334,0.7989070978139446,0.35292621627182275,0.33771614184885856,93,p10,v7,source1,data-videos\VIPL\VIPL\p6-10\p10\v7\source1\video.avi
120.48786249999999,105.49927916666665,93.35909583333334,1.658666356354221,1.6671262342746986,1.6856197456248176,93,p10,v7,source1,data-videos\VIPL\VIPL\p6-10\p10\v7\source1\video.avi
138.38882916666665,127.40903333333334,117.48953333333334,4.972824325116687,7.727565413846573,9.51056895684568,93,p10,v7,source1,data-videos\VIPL\VIPL\p6-10\p10\v7\source1\video.avi
130.04331666666667,123.88980833333333,116.13189583333335,8.365476913077291,11.08493314670457,12.924097061330608,93,p10,v7,source1,data-videos\VIPL\VIPL\p6-10\p10\v7\source1\video.avi
131.31589166666666,117.15154583333334,105.04871250000001,2.1323805218988494,2.0880534208357524,1.9425975068656276,93,p10,v7,source1,data-videos\VIPL\VIPL\p6-10\p10\v7\source1\video.avi
129.27939166666664,114.130825,101.696025,0.7017637914519762,0.8438762667455398,1.0445622715434177,93,p10,v7,source1,data-videos\VIPL\VIPL\p6-10\p10\v7\source1\video.avi
127.3883625,111.67709583333334,98.97731249999998,1.1330562507948503,0.6555510929903428,0.5089506693719591,92,p10,v7,source1,data-videos\VIPL\VIPL\p6-10\p10\v7\source1\video.avi
124.95135416666666,109.42897083333334,96.83847083333332,0.4562566190539658,0.5692656898364767,0.6163886794038493,92,p10,v7,source1,data-videos\VIPL\VIPL\p6-10\p10\v7\source1\video.avi
124.10948333333334,108.12328333333333,95.28803333333333,0.4462816062959075,0.24304054538572128,0.2617142229210451,92,p10,v7,source1,data-videos\VIPL\VIPL\p6-10\p10\v7\source1\video.avi
124.21381666666666,109.06635,96.78421666666667,0.3346695067006802,0.40653228171497996,0.5056911319545745,92,p10,v7,source1,data-videos\VIPL\VIPL\p6-10\p10\v7\source1\video.avi
124.08527916666667,108.97314583333335,96.58657916666667,0.4885974663584982,0.1642852865656097,0.3601486174233422,92,p10,v7,source1,data-videos\VIPL\VIPL\p6-10\p10\v7\source1\video.avi
122.06787916666666,107.9993125,96.2224625,0.44596782519719075,0.6432883511908012,0.867767367379582,92,p10,v7,source1,data-videos\VIPL\VIPL\p6-10\p10\v7\source1\video.avi
121.81697083333333,106.69290416666666,94.09810416666666,0.2695283269487232,0.37752445689724046,0.8298985463429993,91,p10,v7,source1,data-videos\VIPL\VIPL\p6-10\p10\v7\source1\video.avi
120.69601666666668,103.50671666666668,92.24345,0.32320406603044194,0.2786037423349803,0.21847376074014885,68,p6,v1,source1,data-videos\VIPL\VIPL\p6-10\p6\v1\source1\video.avi
121.25157499999999,103.80439166666667,92.35270833333334,0.18342170057835536,0.13782282393932843,0.2779623135301908,67,p6,v1,source1,data-videos\VIPL\VIPL\p6-10\p6\v1\source1\video.avi
121.77150833333332,104.07795833333334,92.76572083333335,0.30663812157682935,0.23956978041376611,0.6266633559863786,67,p6,v1,source1,data-videos\VIPL\VIPL\p6-10\p6\v1\source1\video.avi
122.74452916666667,104.85354583333331,93.50204583333333,0.21858093490551125,0.15124546446367643,0.30196448506911455,67,p6,v1,source1,data-videos\VIPL\VIPL\p6-10\p6\v1\source1\video.avi
122.88987083333333,105.17260416666666,93.78840416666667,0.3389524344907742,0.25663076385798717,0.2606201550309061,67,p6,v1,source1,data-videos\VIPL\VIPL\p6-10\p6\v1\source1\video.avi
123.17779166666665,105.36339166666667,93.71159166666666,0.1923738606384565,0.14792524353068057,0.18521342915749314,67,p6,v1,source1,data-videos\VIPL\VIPL\p6-10\p6\v1\source1\video.avi
123.0046625,105.3464625,93.56117916666666,0.25916912391653885,0.16615385294124896,0.2213103823755741,66,p6,v1,source1,data-videos\VIPL\VIPL\p6-10\p6\v1\source1\video.avi
122.2494125,104.91377916666666,93.23272916666664,0.3098456925542852,0.23643134486216683,0.24253320219439373,66,p6,v1,source1,data-videos\VIPL\VIPL\p6-10\p6\v1\source1\video.avi
122.1072875,104.67512083333335,93.03857083333332,0.3227493981834483,0.2450803859054325,0.2058382664725981,66,p6,v1,source1,data-videos\VIPL\VIPL\p6-10\p6\v1\source1\video.avi
122.1400875,104.72227083333333,93.13575416666667,0.34446075721900354,0.11950282568718658,0.2461040163731597,66,p6,v1,source1,data-videos\VIPL\VIPL\p6-10\p6\v1\source1\video.avi
123.31586666666666,105.44973333333336,93.8899,0.30731372338920054,0.25085387180587876,0.2730288453930582,66,p6,v1,source1,data-videos\VIPL\VIPL\p6-10\p6\v1\source1\video.avi
123.64244583333333,105.75039583333333,94.23481249999999,0.31517855405706086,0.16750785377524452,0.22157374109549938,65,p6,v1,source1,data-videos\VIPL\VIPL\p6-10\p6\v1\source1\video.avi
124.16752916666667,106.15904583333332,94.58741250000001,0.2603838437981717,0.181479059474579,0.19838309879848307,65,p6,v1,source1,data-videos\VIPL\VIPL\p6-10\p6\v1\source1\video.avi
124.79297500000001,106.59042500000001,94.82964166666666,0.20877657448946516,0.12306394397042436,0.23449931532712256,65,p6,v1,source1,data-videos\VIPL\VIPL\p6-10\p6\v1\source1\video.avi
124.62225416666666,106.5361875,94.84365416666668,0.28919829449992673,0.12425282944464504,0.24721138460951889,65,p6,v1,source1,data-videos\VIPL\VIPL\p6-10\p6\v1\source1\video.avi
125.18179583333333,106.9569625,95.37369583333333,0.5998203328219763,0.43536485305749995,0.4722402073862651,65,p6,v1,source1,data-videos\VIPL\VIPL\p6-10\p6\v1\source1\video.avi
125.2513625,106.95724583333333,95.37169583333332,0.4391829979174084,0.2893728687826488,0.27648176319957385,65,p6,v1,source1,data-videos\VIPL\VIPL\p6-10\p6\v1\source1\video.avi
125.06568749999998,106.76812083333333,95.11400416666666,0.23590581004985406,0.19753913879068818,0.2144044826665243,65,p6,v1,source1,data-videos\VIPL\VIPL\p6-10\p6\v1\source1\video.avi
125.49140416666667,107.17363750000003,95.46323750000002,0.6661443690497332,0.4680060224861788,0.5146293787766105,65,p6,v1,source1,data-videos\VIPL\VIPL\p6-10\p6\v1\source1\video.avi
125.37412916666666,107.15977916666667,95.53559583333332,0.6753523732251427,0.5251005222216975,0.52999893419049,65,p6,v1,source1,data-videos\VIPL\VIPL\p6-10\p6\v1\source1\video.avi
125.1363375,106.8646875,95.02017083333334,0.2979360769900524,0.19173883605049838,0.26411359693005876,65,p6,v1,source1,data-videos\VIPL\VIPL\p6-10\p6\v1\source1\video.avi
125.19247083333333,106.95722083333334,95.21388750000001,0.19209103274518272,0.1687068430410849,0.15780803959593154,66,p6,v1,source1,data-videos\VIPL\VIPL\p6-10\p6\v1\source1\video.avi
124.6783,106.58296666666666,94.96285,0.2745936624258541,0.19565947317838883,0.26969791305376445,66,p6,v1,source1,data-videos\VIPL\VIPL\p6-10\p6\v1\source1\video.avi
124.34881250000002,106.1712125,94.56611249999997,0.20987528125188154,0.15293681997078845,0.17614471027633422,65,p6,v1,source1,data-videos\VIPL\VIPL\p6-10\p6\v1\source1\video.avi
125.647125,107.09144166666665,95.36195833333333,0.6086101967004632,0.4631516652242546,0.4027025542782436,65,p6,v1,source1,data-videos\VIPL\VIPL\p6-10\p6\v1\source1\video.avi
125.71462916666665,107.2102125,95.49077916666666,0.23810808681551301,0.14210792028224245,0.12706164473396345,65,p6,v1,source1,data-videos\VIPL\VIPL\p6-10\p6\v1\source1\video.avi
126.02228333333332,107.32469999999999,95.6361,0.22796876484083323,0.15829161544703912,0.19238137822435067,65,p6,v1,source1,data-videos\VIPL\VIPL\p6-10\p6\v1\source1\video.avi
126.57077083333334,107.8783375,96.12495416666667,0.11705770404543556,0.08725202699810373,0.1286087449236386,65,p6,v1,source1,data-videos\VIPL\VIPL\p6-10\p6\v1\source1\video.avi
127.05351666666665,108.42753333333334,96.54631666666668,0.4364712361656822,0.35689999999999855,0.30953025969469794,65,p6,v1,source1,data-videos\VIPL\VIPL\p6-10\p6\v1\source1\video.avi
120.18255833333335,100.48084166666666,88.486625,0.44586297709080774,0.36933340257407626,0.3238243868317287,75,p6,v2,source1,data-videos\VIPL\VIPL\p6-10\p6\v2\source1\video.avi
126.50267083333334,105.39057083333336,92.64447083333334,7.745432014262952,5.760459985907038,4.924350509549739,76,p6,v2,source1,data-videos\VIPL\VIPL\p6-10\p6\v2\source1\video.avi
125.02052499999999,104.61042499999999,92.59891250000001,12.913177477235276,9.170584991380426,7.815444977717022,76,p6,v2,source1,data-videos\VIPL\VIPL\p6-10\p6\v2\source1\video.avi
124.25603333333335,103.25668333333333,91.0091,5.40862652814349,4.033540736605267,3.3613668544364756,76,p6,v2,source1,data-videos\VIPL\VIPL\p6-10\p6\v2\source1\video.avi
125.78322916666667,105.07547916666667,92.28157916666667,7.512603012269799,5.663579554544964,4.983408783803818,76,p6,v2,source1,data-videos\VIPL\VIPL\p6-10\p6\v2\source1\video.avi
77.63738749999999,69.1316375,62.4368375,21.29359113982747,16.03325618656509,12.970122115328282,76,p6,v2,source1,data-videos\VIPL\VIPL\p6-10\p6\v2\source1\video.avi
94.189575,81.92629166666667,73.33029166666667,10.499371111950389,8.061569995565552,6.824497637825113,76,p6,v2,source1,data-videos\VIPL\VIPL\p6-10\p6\v2\source1\video.avi
125.18872499999999,104.525025,92.05519166666667,4.5049754242570215,3.1765943372700876,2.6173608385682767,76,p6,v2,source1,data-videos\VIPL\VIPL\p6-10\p6\v2\source1\video.avi
134.41310833333333,111.11955833333332,97.24484166666666,8.244881344726018,6.343208709889831,5.873291040237435,76,p6,v2,source1,data-videos\VIPL\VIPL\p6-10\p6\v2\source1\video.avi
129.70372500000002,107.25070833333334,93.680475,6.092826819976845,4.662187307153067,4.058200433642732,75,p6,v2,source1,data-videos\VIPL\VIPL\p6-10\p6\v2\source1\video.avi
102.63206250000002,87.12017916666666,77.21827916666666,5.455281137013394,4.01550910863032,3.27216944580329,74,p6,v2,source1,data-videos\VIPL\VIPL\p6-10\p6\v2\source1\video.avi
114.49567083333332,96.25202083333333,84.9487875,4.7611218102912005,3.5573151273018477,2.9649736755319136,70,p6,v2,source1,data-videos\VIPL\VIPL\p6-10\p6\v2\source1\video.avi
112.1364625,95.02054583333333,83.73209583333333,9.683957787052957,7.208957182919982,5.937527970498447,69,p6,v2,source1,data-videos\VIPL\VIPL\p6-10\p6\v2\source1\video.avi
121.633425,101.55655833333333,89.20002500000001,9.293301816573248,6.867839101558498,6.1216504516330525,67,p6,v2,source1,data-videos\VIPL\VIPL\p6-10\p6\v2\source1\video.avi
133.27314166666667,111.29654166666667,97.85114166666666,3.4429464966384957,2.0252582660665364,1.5171927623149377,66,p6,v2,source1,data-videos\VIPL\VIPL\p6-10\p6\v2\source1\video.avi
133.9694583333333,111.46837500000001,97.82810833333332,4.728102945439488,3.1850265965933384,2.744059626398298,64,p6,v2,source1,data-videos\VIPL\VIPL\p6-10\p6\v2\source1\video.avi
101.42999583333332,87.44332916666669,77.38346250000001,8.293385888582808,5.884112631378667,4.711010539490911,63,p6,v2,source1,data-videos\VIPL\VIPL\p6-10\p6\v2\source1\video.avi
84.59437083333334,74.44157083333333,66.42605416666666,16.7451674837681,12.78265497174459,10.529909131268788,63,p6,v2,source1,data-videos\VIPL\VIPL\p6-10\p6\v2\source1\video.avi
41.739420833333334,41.69482083333333,40.0895875,2.8038586671615007,2.0413638583949485,1.744672109953615,63,p6,v2,source1,data-videos\VIPL\VIPL\p6-10\p6\v2\source1\video.avi
44.918274999999994,43.83794166666667,41.984475,0.28721055641337034,0.27306672763823747,0.3224883550330843,63,p6,v2,source1,data-videos\VIPL\VIPL\p6-10\p6\v2\source1\video.avi
84.87755833333333,73.86955833333333,66.41744166666666,32.91708122697913,24.761034562043413,20.25101219023968,63,p6,v2,source1,data-videos\VIPL\VIPL\p6-10\p6\v2\source1\video.avi
142.10324166666666,116.58335,102.3274875,1.92346124744344,1.3933468474225001,1.1688431927046257,62,p6,v2,source1,data-videos\VIPL\VIPL\p6-10\p6\v2\source1\video.avi
141.10345416666667,115.6159375,101.0750875,0.532808315542384,0.3452454742643259,0.3399377849532001,62,p6,v2,source1,data-videos\VIPL\VIPL\p6-10\p6\v2\source1\video.avi
137.75464583333334,114.45084583333335,100.54332916666667,5.6986012893851345,2.954326180360807,1.9889897333246414,62,p6,v2,source1,data-videos\VIPL\VIPL\p6-10\p6\v2\source1\video.avi
130.37255416666667,110.39457083333335,97.63168750000001,2.156243699089022,0.8063351657861222,1.3099454491928697,62,p6,v2,source1,data-videos\VIPL\VIPL\p6-10\p6\v2\source1\video.avi
106.35047916666666,90.21091249999999,79.61427916666666,14.408294611326172,10.508556287793072,8.78775930987522,62,p6,v2,source1,data-videos\VIPL\VIPL\p6-10\p6\v2\source1\video.avi
85.32834583333333,78.87417083333334,72.9365875,2.211835407741158,2.7672697889107316,4.373278402367959,62,p6,v2,source1,data-videos\VIPL\VIPL\p6-10\p6\v2\source1\video.avi
100.10304166666667,85.66914166666668,75.867475,5.382418613269709,4.067573300285374,3.3999889217139776,62,p6,v2,source1,data-videos\VIPL\VIPL\p6-10\p6\v2\source1\video.avi
90.3119125,78.16484583333335,69.79201250000001,11.155444373373504,8.335359561743072,6.891956446744237,61,p6,v2,source1,data-videos\VIPL\VIPL\p6-10\p6\v2\source1\video.avi
105.95516666666667,89.93688333333331,79.73758333333333,0.3958737216237294,0.2988239766614758,0.25998038120425776,61,p6,v2,source1,data-videos\VIPL\VIPL\p6-10\p6\v2\source1\video.avi
118.90220416666665,104.0135375,94.18720416666665,0.38173741574979925,0.7142973033474525,0.9924597326354255,77,p6,v3,source1,data-videos\VIPL\VIPL\p6-10\p6\v3\source1\video.avi
118.46382916666667,104.83475833333333,95.31032499999999,0.32911556074787496,0.17114261566258965,0.21075070292818118,76,p6,v3,source1,data-videos\VIPL\VIPL\p6-10\p6\v3\source1\video.avi
119.43666666666668,103.89526249999999,93.75062916666667,0.6954826355518634,0.6165296491361052,1.0371497226975799,76,p6,v3,source1,data-videos\VIPL\VIPL\p6-10\p6\v3\source1\video.avi
119.80636249999999,103.64567500000001,93.59744166666667,0.9166982740384094,0.6545291466008216,0.8623474553507993,76,p6,v3,source1,data-videos\VIPL\VIPL\p6-10\p6\v3\source1\video.avi
119.91957083333332,103.43787916666668,93.2155125,0.6163709463520672,0.3452273617769086,0.41424087606461235,76,p6,v3,source1,data-videos\VIPL\VIPL\p6-10\p6\v3\source1\video.avi
119.75647916666667,104.95269583333332,95.40841250000001,0.4114898405658246,0.3256124655297042,0.5339550374459331,76,p6,v3,source1,data-videos\VIPL\VIPL\p6-10\p6\v3\source1\video.avi
119.16533333333332,103.97070416666665,93.99320416666667,1.1067556212680074,1.3796271242546545,1.6563599120448327,76,p6,v3,source1,data-videos\VIPL\VIPL\p6-10\p6\v3\source1\video.avi
119.04259583333332,103.25390833333333,92.45769166666668,0.700488532353196,0.7873353223540707,1.0920284064624106,75,p6,v3,source1,data-videos\VIPL\VIPL\p6-10\p6\v3\source1\video.avi
118.18593333333334,101.89885,90.82970000000002,0.6317282886059479,0.5898527406268461,0.6701502955908892,75,p6,v3,source1,data-videos\VIPL\VIPL\p6-10\p6\v3\source1\video.avi
118.56249166666666,102.015375,91.83539166666668,1.2432771459181988,0.9213002789498417,1.1641662104359647,75,p6,v3,source1,data-videos\VIPL\VIPL\p6-10\p6\v3\source1\video.avi
117.06618333333334,101.90739166666668,92.68535833333334,0.36107151718299946,0.34794436825845804,0.35920136636324507,75,p6,v3,source1,data-videos\VIPL\VIPL\p6-10\p6\v3\source1\video.avi
117.09534583333334,102.078925,92.93319166666664,0.9185591708092495,0.5170647187423006,0.3842811514608239,75,p6,v3,source1,data-videos\VIPL\VIPL\p6-10\p6\v3\source1\video.avi
117.4482875,103.07359166666667,94.07715833333332,0.7558774576425883,0.8117851498053189,0.8022329121998598,75,p6,v3,source1,data-videos\VIPL\VIPL\p6-10\p6\v3\source1\video.avi
118.607925,104.90529583333331,96.06861250000001,0.9740000512099295,0.9668832370905343,1.0184901674101279,74,p6,v3,source1,data-videos\VIPL\VIPL\p6-10\p6\v3\source1\video.avi
118.89881666666666,104.73613333333334,95.65474999999998,1.596834699937226,1.3583442395778933,1.4085936544416697,74,p6,v3,source1,data-videos\VIPL\VIPL\p6-10\p6\v3\source1\video.avi
120.18295,105.21288333333334,95.67888333333335,0.6715445438760739,0.7879737506423592,1.0548746109826677,74,p6,v3,source1,data-videos\VIPL\VIPL\p6-10\p6\v3\source1\video.avi
121.31190000000001,104.44592916666666,93.97404583333334,1.1660341965992642,0.9203906170487566,0.9116967548546514,74,p6,v3,source1,data-videos\VIPL\VIPL\p6-10\p6\v3\source1\video.avi
119.65554583333335,102.74362916666666,92.24024583333333,0.733306281035118,0.6888784159374176,0.6959641885941794,74,p6,v3,source1,data-videos\VIPL\VIPL\p6-10\p6\v3\source1\video.avi
119.78992083333334,102.36748749999998,91.95225416666666,1.3731232088189393,1.13979856526274,1.0105452911602286,74,p6,v3,source1,data-videos\VIPL\VIPL\p6-10\p6\v3\source1\video.avi
117.53680833333334,99.80692499999999,89.43997500000002,1.0510617254775705,0.7070696050032439,0.6211039002699594,74,p6,v3,source1,data-videos\VIPL\VIPL\p6-10\p6\v3\source1\video.avi
118.52795833333332,100.37144166666666,89.742075,1.9505925882440194,1.5113923207155893,1.3680378458484295,73,p6,v3,source1,data-videos\VIPL\VIPL\p6-10\p6\v3\source1\video.avi
116.99030833333335,100.08579583333332,89.60656249999998,1.0209568966374956,1.0490967580296564,0.7864993256425026,73,p6,v3,source1,data-videos\VIPL\VIPL\p6-10\p6\v3\source1\video.avi
117.19509583333334,100.37837499999999,89.514825,3.084471794597362,2.1864709579594233,1.8552696248344431,72,p6,v3,source1,data-videos\VIPL\VIPL\p6-10\p6\v3\source1\video.avi
117.45237083333333,100.57677083333334,89.7055375,3.172944104483029,2.4269338389224675,2.0929064272179674,72,p6,v3,source1,data-videos\VIPL\VIPL\p6-10\p6\v3\source1\video.avi
117.01112083333334,100.39737083333334,89.50352083333333,0.4742056179812716,0.4335225340964923,0.4024028587918932,72,p6,v3,source1,data-videos\VIPL\VIPL\p6-10\p6\v3\source1\video.avi
117.02722083333335,100.4320375,89.54200416666667,0.6217144793666675,0.4535334893230048,0.39287937729558453,72,p6,v3,source1,data-videos\VIPL\VIPL\p6-10\p6\v3\source1\video.avi
113.68885416666667,97.75125416666666,87.3476375,2.67939539847871,1.961858624068852,1.6760859660397962,71,p6,v3,source1,data-videos\VIPL\VIPL\p6-10\p6\v3\source1\video.avi
114.53106249999999,98.69819583333332,88.2214625,1.1654178442670735,1.0626195556592404,1.046802886604148,71,p6,v3,source1,data-videos\VIPL\VIPL\p6-10\p6\v3\source1\video.avi
113.385125,98.08164583333333,87.80447916666667,1.5621631962002247,1.4151065226639685,1.3757406092568232,71,p6,v3,source1,data-videos\VIPL\VIPL\p6-10\p6\v3\source1\video.avi
117.30263749999999,101.61751249999999,91.13667916666667,1.1821278343609178,0.7642907099659644,0.7595034272516112,71,p6,v3,source1,data-videos\VIPL\VIPL\p6-10\p6\v3\source1\video.avi
176.9305,125.87598750000001,105.74907083333333,0.8671467940896742,0.6234593338003515,0.4573271340839557,68,p6,v4,source1,data-videos\VIPL\VIPL\p6-10\p6\v4\source1\video.avi
177.09858333333332,126.12994166666665,105.939475,0.7961209716886636,0.4686058603201507,0.4259419132199834,68,p6,v4,source1,data-videos\VIPL\VIPL\p6-10\p6\v4\source1\video.avi
173.20950000000002,123.6995125,103.96962916666668,1.3548278638995481,0.7965567658243538,0.7878156069950633,66,p6,v4,source1,data-videos\VIPL\VIPL\p6-10\p6\v4\source1\video.avi
160.09199166666667,115.80214166666667,97.19520833333333,6.091845493721504,3.390110506546536,2.8198028469178675,66,p6,v4,source1,data-videos\VIPL\VIPL\p6-10\p6\v4\source1\video.avi
161.6229125,115.87319583333334,96.79782916666667,2.4662139969425376,1.711951896705027,1.438742789669645,66,p6,v4,source1,data-videos\VIPL\VIPL\p6-10\p6\v4\source1\video.avi
172.34302083333333,123.39985833333334,103.51315833333334,10.539242502642868,7.915671111189552,6.886994766060381,66,p6,v4,source1,data-videos\VIPL\VIPL\p6-10\p6\v4\source1\video.avi
162.25706666666665,117.46963333333333,98.43421666666667,8.946975913569126,5.447897396007982,4.539737869398103,66,p6,v4,source1,data-videos\VIPL\VIPL\p6-10\p6\v4\source1\video.avi
153.722175,116.19957500000001,100.03479166666668,14.015443923279674,5.603334794820602,3.5688449498460533,65,p6,v4,source1,data-videos\VIPL\VIPL\p6-10\p6\v4\source1\video.avi
159.5712,115.62445,97.84783333333333,8.691803277286116,2.924591820629278,1.9369253677435097,65,p6,v4,source1,data-videos\VIPL\VIPL\p6-10\p6\v4\source1\video.avi
163.9855,116.27043333333333,97.8519,0.8290879375311878,0.6089523895536122,0.48245030713449244,64,p6,v4,source1,data-videos\VIPL\VIPL\p6-10\p6\v4\source1\video.avi
172.26535,121.127175,101.93580833333336,7.004745640846025,4.259624933903773,3.7366663616794784,64,p6,v4,source1,data-videos\VIPL\VIPL\p6-10\p6\v4\source1\video.avi
158.86988333333332,111.97945,93.69891666666668,6.33317249044115,4.006103098528752,3.60157867030595,64,p6,v4,source1,data-videos\VIPL\VIPL\p6-10\p6\v4\source1\video.avi
165.82442499999996,116.17325833333332,97.65085833333335,2.695431602782341,1.6764149640013895,1.6215177842756516,64,p6,v4,source1,data-videos\VIPL\VIPL\p6-10\p6\v4\source1\video.avi
165.76513749999998,116.40062083333333,97.87977083333334,1.7262389790460022,1.0853388857607762,1.0093449040920877,64,p6,v4,source1,data-videos\VIPL\VIPL\p6-10\p6\v4\source1\video.avi
162.5762791666667,114.6252125,96.3552125,4.957636493533371,2.7694723440852007,2.425281971450261,64,p6,v4,source1,data-videos\VIPL\VIPL\p6-10\p6\v4\source1\video.avi
161.47455000000002,114.01565000000001,95.80578333333335,5.235977501108849,2.8775232366869963,2.524298030538226,64,p6,v4,source1,data-videos\VIPL\VIPL\p6-10\p6\v4\source1\video.avi
158.39832083333332,111.45222083333334,93.46260416666667,2.430702410362703,1.658920288117058,1.4649121451069844,64,p6,v4,source1,data-videos\VIPL\VIPL\p6-10\p6\v4\source1\video.avi
159.79487916666665,112.23471249999999,94.25217916666666,1.083735787296271,0.676278499399469,0.6992580529270542,64,p6,v4,source1,data-videos\VIPL\VIPL\p6-10\p6\v4\source1\video.avi
159.93885,112.63731666666666,94.34686666666667,0.5150833404788839,0.4023493218654102,0.280484547752238,65,p6,v4,source1,data-videos\VIPL\VIPL\p6-10\p6\v4\source1\video.avi
173.23590833333333,121.54974166666669,101.99230833333336,8.059942243540048,5.343894423171826,4.676912983969025,66,p6,v4,source1,data-videos\VIPL\VIPL\p6-10\p6\v4\source1\video.avi
178.889925,125.27780833333334,105.44227500000001,3.9946747707277583,2.666218867427761,2.381891981790247,66,p6,v4,source1,data-videos\VIPL\VIPL\p6-10\p6\v4\source1\video.avi
161.90392083333333,115.13430416666667,96.6059375,10.290829368515915,6.0715800968957705,5.139738559252337,67,p6,v4,source1,data-videos\VIPL\VIPL\p6-10\p6\v4\source1\video.avi
171.9533083333333,122.71900833333333,103.38740833333333,7.899435373429738,4.666123046845057,4.190036756016688,67,p6,v4,source1,data-videos\VIPL\VIPL\p6-10\p6\v4\source1\video.avi
167.95399583333332,120.25354583333333,101.28641250000001,10.481036050203226,6.642852992092223,5.894533770576369,67,p6,v4,source1,data-videos\VIPL\VIPL\p6-10\p6\v4\source1\video.avi
177.045225,127.61377499999999,107.98923333333332,4.677825413353145,3.739110293813965,3.4569120344798967,68,p6,v4,source1,data-videos\VIPL\VIPL\p6-10\p6\v4\source1\video.avi
165.21137916666666,118.12672916666668,99.50749583333334,8.711635826457194,6.225296847074957,5.35057946899796,68,p6,v4,source1,data-videos\VIPL\VIPL\p6-10\p6\v4\source1\video.avi
171.80302083333336,122.49572083333334,103.3385375,7.631713903510453,5.297774664085254,4.599567022712422,68,p6,v4,source1,data-videos\VIPL\VIPL\p6-10\p6\v4\source1\video.avi
178.38232499999998,127.12117500000001,107.25810833333333,3.1430106295501563,2.2987900709681925,1.950348228940654,68,p6,v4,source1,data-videos\VIPL\VIPL\p6-10\p6\v4\source1\video.avi
172.5855333333333,123.14800000000001,103.80076666666666,0.3731294741030804,0.2660519020479519,0.23835664746108648,68,p6,v4,source1,data-videos\VIPL\VIPL\p6-10\p6\v4\source1\video.avi
122.48257916666665,87.94806249999998,76.90329583333333,1.9970652439979826,1.0794928500773209,0.7872089805524961,77,p6,v5,source1,data-videos\VIPL\VIPL\p6-10\p6\v5\source1\video.avi
122.68509583333335,88.2016625,77.06139583333334,1.47889492630665,0.9732409454583516,0.6987085482636272,77,p6,v5,source1,data-videos\VIPL\VIPL\p6-10\p6\v5\source1\video.avi
125.97505833333332,90.97387083333335,79.6192875,6.643480474116356,3.2013768303599126,2.1486857042849716,77,p6,v5,source1,data-videos\VIPL\VIPL\p6-10\p6\v5\source1\video.avi
117.743325,89.15401250000001,80.20279583333334,14.595472523698392,4.7628142633919115,2.52574367790129,77,p6,v5,source1,data-videos\VIPL\VIPL\p6-10\p6\v5\source1\video.avi
122.59055833333333,94.13867083333332,86.4162125,4.755923312338753,1.8971811155340152,3.4695389792009026,77,p6,v5,source1,data-videos\VIPL\VIPL\p6-10\p6\v5\source1\video.avi
118.70563750000001,91.27373750000001,83.65013333333333,1.900133657195813,1.9248654850909566,2.451306713874483,77,p6,v5,source1,data-videos\VIPL\VIPL\p6-10\p6\v5\source1\video.avi
120.16507083333335,86.59122916666666,76.81679583333333,3.6518198035172986,2.3579799687414886,1.9215999254997262,77,p6,v5,source1,data-videos\VIPL\VIPL\p6-10\p6\v5\source1\video.avi
118.85036249999999,85.99947916666666,76.1080625,3.1301615807823002,1.8145634045021235,1.3179944735436737,77,p6,v5,source1,data-videos\VIPL\VIPL\p6-10\p6\v5\source1\video.avi
115.99504583333335,84.77333333333334,75.10781666666668,1.2267498733668383,0.46060763761941037,0.46272267207259304,77,p6,v5,source1,data-videos\VIPL\VIPL\p6-10\p6\v5\source1\video.avi
113.74061666666667,83.95202083333334,74.3353375,0.5646283237916591,0.3308588085804543,0.20224462695444903,77,p6,v5,source1,data-videos\VIPL\VIPL\p6-10\p6\v5\source1\video.avi
112.28607083333333,82.49765416666668,72.86180416666667,0.7584374948610536,0.6962037824526581,0.7849002013924022,77,p6,v5,source1,data-videos\VIPL\VIPL\p6-10\p6\v5\source1\video.avi
109.1549,80.81043333333334,71.99021666666667,0.8311959529630909,0.4255761675364359,0.24994363239538653,77,p6,v5,source1,data-videos\VIPL\VIPL\p6-10\p6\v5\source1\video.avi
102.08364583333334,78.66964999999999,72.537,7.16261773730069,1.6160772496941989,1.5450016712167338,77,p6,v5,source1,data-videos\VIPL\VIPL\p6-10\p6\v5\source1\video.avi
100.91066666666666,75.87592916666667,69.27022916666665,3.7932472405057065,1.7946679774365253,2.275348249062962,77,p6,v5,source1,data-videos\VIPL\VIPL\p6-10\p6\v5\source1\video.avi
101.61292916666669,74.55049583333333,66.9060125,9.13440642695776,5.924525922436748,4.3988491903265015,77,p6,v5,source1,data-videos\VIPL\VIPL\p6-10\p6\v5\source1\video.avi
116.08799583333334,83.40025416666667,73.76227083333333,5.647599472701876,3.256458238580384,2.347105876903688,77,p6,v5,source1,data-videos\VIPL\VIPL\p6-10\p6\v5\source1\video.avi
101.26145416666667,75.588825,68.88460833333333,1.6663296118765525,1.333931397289086,1.1307852338241442,77,p6,v5,source1,data-videos\VIPL\VIPL\p6-10\p6\v5\source1\video.avi
104.62277500000002,78.17717083333334,71.08158750000001,1.0710175789452387,0.7263208810792,0.6703014708882863,77,p6,v5,source1,data-videos\VIPL\VIPL\p6-10\p6\v5\source1\video.avi
103.28245416666667,77.2341375,70.0842375,1.7522123300412558,1.16368707257662,0.8197757642040818,77,p6,v5,source1,data-videos\VIPL\VIPL\p6-10\p6\v5\source1\video.avi
131.72054583333332,150.1715625,157.130075,0.20060531073339824,0.318584823760574,0.42068905377401794,79,p6,v6,source1,data-videos\VIPL\VIPL\p6-10\p6\v6\source1\video.avi
131.658975,150.64640416666666,157.94164583333333,1.1953202484062593,0.5947955940617599,0.6982414319003316,78,p6,v6,source1,data-videos\VIPL\VIPL\p6-10\p6\v6\source1\video.avi
128.0351125,148.04231666666666,155.33798750000003,0.46533174296080854,0.7533930788900598,0.8838079408556166,77,p6,v6,source1,data-videos\VIPL\VIPL\p6-10\p6\v6\source1\video.avi
127.75405833333335,144.50947916666664,150.30744166666668,0.6434113088808989,1.101009159879651,1.7533290446418561,75,p6,v6,source1,data-videos\VIPL\VIPL\p6-10\p6\v6\source1\video.avi
130.2130625,147.3783375,153.44683750000002,1.701049683845161,0.9025885341885352,1.032474300561256,75,p6,v6,source1,data-videos\VIPL\VIPL\p6-10\p6\v6\source1\video.avi
130.48872916666664,147.37889583333333,153.120475,1.6019910173337604,1.0012118035265245,1.2747522066807746,75,p6,v6,source1,data-videos\VIPL\VIPL\p6-10\p6\v6\source1\video.avi
129.71755833333333,148.27869166666665,154.24270416666667,0.1957183773414418,0.6604319425678123,0.8823056391455618,74,p6,v6,source1,data-videos\VIPL\VIPL\p6-10\p6\v6\source1\video.avi
130.88369583333332,152.86765000000003,160.558925,1.190000979706064,1.2911563027611033,1.479364364640453,74,p6,v6,source1,data-videos\VIPL\VIPL\p6-10\p6\v6\source1\video.avi
131.48996666666665,149.81297916666665,156.55292083333333,3.4130813947803547,1.9493620430797318,1.8004108318967404,74,p6,v6,source1,data-videos\VIPL\VIPL\p6-10\p6\v6\source1\video.avi
130.82257083333332,148.67879166666668,155.2901625,2.8462659160182984,1.377870809261117,1.042232351850131,74,p6,v6,source1,data-videos\VIPL\VIPL\p6-10\p6\v6\source1\video.avi
132.47625416666668,149.61932916666666,156.30330416666666,0.2990051828564167,0.9826729262224277,1.215178971843699,74,p6,v6,source1,data-videos\VIPL\VIPL\p6-10\p6\v6\source1\video.avi
131.63009166666666,149.97975416666665,156.05858333333333,1.0489163866654392,0.8785064488237968,0.44663824050560635,74,p6,v6,source1,data-videos\VIPL\VIPL\p6-10\p6\v6\source1\video.avi
129.56886666666668,147.97672083333336,155.15036666666666,0.15166596645900715,0.2550799015613649,0.3592798716124167,74,p6,v6,source1,data-videos\VIPL\VIPL\p6-10\p6\v6\source1\video.avi
128.81970833333335,148.65994583333332,156.62105,0.4499554241039411,0.6500614474961869,0.898816993968091,74,p6,v6,source1,data-videos\VIPL\VIPL\p6-10\p6\v6\source1\video.avi
129.47215416666666,145.12619583333333,150.93699166666667,0.18602620951091758,0.977355139930523,1.5175636880054775,74,p6,v6,source1,data-videos\VIPL\VIPL\p6-10\p6\v6\source1\video.avi
129.29830416666667,144.76425,150.5629,0.16328149294240216,0.5782137949827305,0.8741328370082609,74,p6,v6,source1,data-videos\VIPL\VIPL\p6-10\p6\v6\source1\video.avi
129.8104833333333,145.98755416666665,152.01048333333333,1.935461440520852,1.0933951432763327,0.7062282634806473,74,p6,v6,source1,data-videos\VIPL\VIPL\p6-10\p6\v6\source1\video.avi
130.512825,145.6434625,150.72068333333334,3.356471446930913,1.706030725450326,1.5085750822266937,74,p6,v6,source1,data-videos\VIPL\VIPL\p6-10\p6\v6\source1\video.avi
128.5518583333333,143.85063333333335,149.4550375,2.595646090872659,1.6960907817787114,1.9513371799426125,73,p6,v6,source1,data-videos\VIPL\VIPL\p6-10\p6\v6\source1\video.avi
129.8977625,146.718175,152.75352083333334,3.3829317801167096,1.5723694376773123,1.1610856662964866,73,p6,v6,source1,data-videos\VIPL\VIPL\p6-10\p6\v6\source1\video.avi
129.74205,146.13727083333333,152.15143333333333,1.6017433202044102,0.7583896167300076,0.6269960911627234,72,p6,v6,source1,data-videos\VIPL\VIPL\p6-10\p6\v6\source1\video.avi
128.52924583333333,146.13119583333332,152.5134875,2.1421836677938026,1.0102447345644874,0.9306760424215834,71,p6,v6,source1,data-videos\VIPL\VIPL\p6-10\p6\v6\source1\video.avi
129.68439166666667,146.36765833333334,152.88742083333335,0.7107745180581772,0.4475685305222969,0.5843914467976707,70,p6,v6,source1,data-videos\VIPL\VIPL\p6-10\p6\v6\source1\video.avi
126.47662916666667,144.9392625,151.21729583333334,0.17465299644342444,0.20950608235005055,0.30590806801453635,69,p6,v6,source1,data-videos\VIPL\VIPL\p6-10\p6\v6\source1\video.avi
129.2255,146.31807500000002,152.48727083333333,3.2843786515467603,1.5978526111998106,1.252900044230718,67,p6,v6,source1,data-videos\VIPL\VIPL\p6-10\p6\v6\source1\video.avi
129.93877083333334,146.416,152.51861250000002,3.327343058245866,1.6350480980650437,1.1408903468831326,67,p6,v6,source1,data-videos\VIPL\VIPL\p6-10\p6\v6\source1\video.avi
129.55790000000002,146.63012916666668,152.72222916666666,3.2965106941532394,1.6534445470092796,1.1398243415166611,66,p6,v6,source1,data-videos\VIPL\VIPL\p6-10\p6\v6\source1\video.avi
129.99055416666667,146.55555833333332,152.54141666666666,3.155154119117153,1.6472570901054822,1.3294822950092484,66,p6,v6,source1,data-videos\VIPL\VIPL\p6-10\p6\v6\source1\video.avi
128.80577083333333,146.17538333333334,152.34432916666665,3.0386895497380926,1.5293873837985656,1.204287586590211,66,p6,v6,source1,data-videos\VIPL\VIPL\p6-10\p6\v6\source1\video.avi
75.15377083333333,69.74173749999999,64.78060416666668,32.32241683197967,22.77135614865121,18.358569418094458,99,p6,v7,source1,data-videos\VIPL\VIPL\p6-10\p6\v7\source1\video.avi
114.3056125,96.89236249999998,86.13886250000002,17.293547560562708,13.157447020456175,11.129061192636351,99,p6,v7,source1,data-videos\VIPL\VIPL\p6-10\p6\v7\source1\video.avi
113.17663333333336,96.03886666666668,84.97931666666665,6.181700634955428,4.4805660769672215,3.7757334065071237,99,p6,v7,source1,data-videos\VIPL\VIPL\p6-10\p6\v7\source1\video.avi
103.07694583333333,88.77106250000001,78.91084583333333,2.1003126932624023,1.5330010999330144,1.277754965220574,100,p6,v7,source1,data-videos\VIPL\VIPL\p6-10\p6\v7\source1\video.avi
101.05845416666666,87.56565416666668,77.88082083333333,1.0500572428510215,0.7872950491238974,0.5826406350854499,100,p6,v7,source1,data-videos\VIPL\VIPL\p6-10\p6\v7\source1\video.avi
99.36031666666666,89.55639166666666,81.71685833333333,0.9317159276631009,4.97693795612992,7.129946343292436,100,p6,v7,source1,data-videos\VIPL\VIPL\p6-10\p6\v7\source1\video.avi
109.43878333333333,98.35182916666666,89.63618333333334,5.727243645576694,3.506683039841171,4.427036259247765,100,p6,v7,source1,data-videos\VIPL\VIPL\p6-10\p6\v7\source1\video.avi
118.90885,104.0226,93.86091666666667,4.619006695851333,1.2226280616576641,2.529580264438373,100,p6,v7,source1,data-videos\VIPL\VIPL\p6-10\p6\v7\source1\video.avi
113.9371125,102.25066250000002,94.10732916666667,4.619925790097386,2.5057731798912872,4.940627385785493,101,p6,v7,source1,data-videos\VIPL\VIPL\p6-10\p6\v7\source1\video.avi
114.08155833333335,98.29464166666668,88.12947500000001,2.1676487180413693,1.1263938822724628,0.8964974222053468,101,p6,v7,source1,data-videos\VIPL\VIPL\p6-10\p6\v7\source1\video.avi
109.01619166666667,94.64265833333333,85.00024166666667,2.2947519057835466,1.339402667677109,0.9409936628594626,101,p6,v7,source1,data-videos\VIPL\VIPL\p6-10\p6\v7\source1\video.avi
105.16636249999999,90.94392916666668,81.4971125,7.30833969372823,5.593722735231506,4.58355634613879,101,p6,v7,source1,data-videos\VIPL\VIPL\p6-10\p6\v7\source1\video.avi
97.17785416666666,85.06973749999999,76.73857083333333,4.613289499957342,3.4596368122246606,2.9952791680780315,101,p6,v7,source1,data-videos\VIPL\VIPL\p6-10\p6\v7\source1\video.avi
87.27665,79.37186666666666,72.87326666666667,8.078322049212856,5.37912337357675,4.075443683016306,101,p6,v7,source1,data-videos\VIPL\VIPL\p6-10\p6\v7\source1\video.avi
110.35336250000002,95.07749583333333,84.7751625,1.450978688068562,1.0908884970932062,0.9292488281499502,101,p6,v7,source1,data-videos\VIPL\VIPL\p6-10\p6\v7\source1\video.avi
109.47930833333334,94.41599166666668,84.20805833333333,6.293208870514046,4.5805148342523205,3.7614311580390076,101,p6,v7,source1,data-videos\VIPL\VIPL\p6-10\p6\v7\source1\video.avi
133.48634583333333,112.07714583333335,99.04884583333333,2.4649301083735984,1.9512808355809663,1.7991157477741362,101,p6,v7,source1,data-videos\VIPL\VIPL\p6-10\p6\v7\source1\video.avi
88.258,78.02823333333333,70.81961666666668,15.87475382338652,11.928084455745724,9.48663462642824,101,p6,v7,source1,data-videos\VIPL\VIPL\p6-10\p6\v7\source1\video.avi
91.50130000000001,80.0225,72.16803333333334,3.5679009001705047,2.5643777447720026,1.981921301300486,101,p6,v7,source1,data-videos\VIPL\VIPL\p6-10\p6\v7\source1\video.avi
119.56077083333334,101.24195416666666,89.70757083333334,5.758516004474131,4.383348527211466,3.7492525389004396,101,p6,v7,source1,data-videos\VIPL\VIPL\p6-10\p6\v7\source1\video.avi
105.69761666666665,91.11120000000001,81.61931666666668,8.979876902272396,6.731787678935724,5.54986013627258,101,p6,v7,source1,data-videos\VIPL\VIPL\p6-10\p6\v7\source1\video.avi
100.85552500000001,88.18894166666665,79.44740833333333,0.6967063482269439,0.7013448481855332,0.6398086759108796,101,p6,v7,source1,data-videos\VIPL\VIPL\p6-10\p6\v7\source1\video.avi
95.77142083333334,84.35447083333332,76.06030416666667,3.9527042805193653,3.09023648017474,2.6805595076841913,101,p6,v7,source1,data-videos\VIPL\VIPL\p6-10\p6\v7\source1\video.avi
112.16394583333333,96.50141249999999,85.6012125,5.92277689609089,4.445328147558869,3.627289172777846,101,p6,v7,source1,data-videos\VIPL\VIPL\p6-10\p6\v7\source1\video.avi
98.88518750000001,86.53420416666665,77.83122083333333,9.180376626639259,6.947015360260436,5.433061964363291,96,p6,v7,source1,data-videos\VIPL\VIPL\p6-10\p6\v7\source1\video.avi
110.6159375,94.4049375,84.11098750000001,6.226149538968464,4.406042342821515,3.6652720405422246,91,p6,v7,source1,data-videos\VIPL\VIPL\p6-10\p6\v7\source1\video.avi
117.98140416666665,99.5038875,88.22690416666669,3.3216039378171236,2.1469683492401295,1.836620771205155,86,p6,v7,source1,data-videos\VIPL\VIPL\p6-10\p6\v7\source1\video.avi
104.6883625,90.51877916666666,81.03677916666668,3.732332813234908,2.9912029630651937,2.5844756959960855,81,p6,v7,source1,data-videos\VIPL\VIPL\p6-10\p6\v7\source1\video.avi
105.26393750000001,91.16888749999998,81.50092083333334,1.843753977867648,1.3086501556151926,1.0824832809524894,81,p6,v7,source1,data-videos\VIPL\VIPL\p6-10\p6\v7\source1\video.avi
103.17014166666667,90.09010833333333,80.75295833333334,0.3704250384318292,0.2922355322671167,0.39088344783537027,81,p6,v7,source1,data-videos\VIPL\VIPL\p6-10\p6\v7\source1\video.avi
102.0343625,89.22096249999998,80.1549625,0.7122387077660688,0.6573577781596136,0.5790333058989602,81,p6,v7,source1,data-videos\VIPL\VIPL\p6-10\p6\v7\source1\video.avi
112.85591666666667,99.24053333333333,86.12986666666667,1.8043142236618146,1.2911636232538026,0.9486833573066176,97,p7,v1,source1,data-videos\VIPL\VIPL\p6-10\p7\v1\source1\video.avi
112.76242083333332,98.12402083333332,84.76813750000001,1.040383903619104,0.5251688542943439,0.3828480253584084,97,p7,v1,source1,data-videos\VIPL\VIPL\p6-10\p7\v1\source1\video.avi
114.32267916666666,98.38031250000002,84.66564583333334,1.5638153564923793,0.8376322599753365,0.520050412386733,97,p7,v1,source1,data-videos\VIPL\VIPL\p6-10\p7\v1\source1\video.avi
115.01408749999999,98.44598750000002,84.20357083333333,0.8882768124608195,0.4560648188884752,0.4912587215793504,97,p7,v1,source1,data-videos\VIPL\VIPL\p6-10\p7\v1\source1\video.avi
118.4341125,99.89581249999999,84.80179583333334,0.8550495737333976,0.45687208161402615,0.445162574937517,95,p7,v1,source1,data-videos\VIPL\VIPL\p6-10\p7\v1\source1\video.avi
119.33943333333333,99.7576,84.47963333333333,1.9910419760123217,1.8221113610448207,1.4571599517912128,94,p7,v1,source1,data-videos\VIPL\VIPL\p6-10\p7\v1\source1\video.avi
92.81997916666667,79.10704583333333,68.0926625,7.334965132663946,5.180452441285764,3.976876005059505,89,p7,v1,source1,data-videos\VIPL\VIPL\p6-10\p7\v1\source1\video.avi
93.17293333333333,80.54690000000001,69.61120000000001,6.562326894455007,5.549962174254858,4.627858708120462,87,p7,v1,source1,data-videos\VIPL\VIPL\p6-10\p7\v1\source1\video.avi
111.70934583333333,94.4257625,80.68737916666666,1.2480396591866705,0.4802482835153556,0.43476109108272964,86,p7,v1,source1,data-videos\VIPL\VIPL\p6-10\p7\v1\source1\video.avi
112.65722083333333,93.04875416666668,78.66907083333335,0.6733853932019738,0.4158297057290001,0.6523058232787238,82,p7,v1,source1,data-videos\VIPL\VIPL\p6-10\p7\v1\source1\video.avi
112.94543333333336,93.39246666666666,79.1286,1.0292632422130092,0.33266471186591645,0.47354093257752133,81,p7,v1,source1,data-videos\VIPL\VIPL\p6-10\p7\v1\source1\video.avi
110.17865,92.233,78.33635000000001,1.1542070707729277,0.9155064703333468,0.6920337131519604,80,p7,v1,source1,data-videos\VIPL\VIPL\p6-10\p7\v1\source1\video.avi
115.00419583333334,96.19119583333332,81.38519583333334,1.177961926350149,0.9733447965577815,0.8379817635495818,80,p7,v1,source1,data-videos\VIPL\VIPL\p6-10\p7\v1\source1\video.avi
123.39391249999998,102.2015125,85.96406249999998,1.8662794676266263,1.1258498233587582,0.9834296143718736,80,p7,v1,source1,data-videos\VIPL\VIPL\p6-10\p7\v1\source1\video.avi
124.286025,102.76447500000002,86.584175,0.36373065727495046,0.3276913172102676,0.2710917419794327,79,p7,v1,source1,data-videos\VIPL\VIPL\p6-10\p7\v1\source1\video.avi
117.78727500000001,98.624375,83.42679166666667,4.685519009801932,2.6666191146476406,1.825055640086002,79,p7,v1,source1,data-videos\VIPL\VIPL\p6-10\p7\v1\source1\video.avi
107.24702083333335,92.43098749999999,79.2904875,1.456147289534767,0.9707126387422225,0.7720833382352942,80,p7,v1,source1,data-videos\VIPL\VIPL\p6-10\p7\v1\source1\video.avi
108.17914166666668,92.41359166666665,79.06127500000001,1.0666779651419833,0.35608323962476374,0.3003382515551797,80,p7,v1,source1,data-videos\VIPL\VIPL\p6-10\p7\v1\source1\video.avi
114.84381666666668,97.15261666666666,82.68063333333332,6.23932951354083,4.0214655805077255,3.1370192936196086,81,p7,v1,source1,data-videos\VIPL\VIPL\p6-10\p7\v1\source1\video.avi
128.83195416666666,105.83323750000001,89.02850416666668,1.1168401075193752,0.676154829974039,0.5334226722699976,82,p7,v1,source1,data-videos\VIPL\VIPL\p6-10\p7\v1\source1\video.avi
127.87063333333333,105.29805,88.70450000000001,0.7256411269142914,0.40367322704894815,0.3396336849173754,82,p7,v1,source1,data-videos\VIPL\VIPL\p6-10\p7\v1\source1\video.avi
129.11037083333335,105.85955416666665,89.30120416666665,0.20254880687544505,0.25622366314522044,0.3643681389672312,83,p7,v1,source1,data-videos\VIPL\VIPL\p6-10\p7\v1\source1\video.avi
128.78643333333332,105.94116666666665,89.1833,4.474735805678923,2.9745560601892067,2.3676180747424667,83,p7,v1,source1,data-videos\VIPL\VIPL\p6-10\p7\v1\source1\video.avi
114.63590833333333,115.42205833333334,111.56700833333335,11.17125377909656,17.099429431023786,20.568983628702036,83,p7,v1,source1,data-videos\VIPL\VIPL\p6-10\p7\v1\source1\video.avi
115.04959166666667,99.23954166666667,86.84120833333334,10.52318360105406,6.993696891554387,8.825595123101314,83,p7,v1,source1,data-videos\VIPL\VIPL\p6-10\p7\v1\source1\video.avi
111.65637083333333,93.15170416666666,79.20962083333333,5.465780551807842,4.178149833288621,3.4404683867726416,83,p7,v1,source1,data-videos\VIPL\VIPL\p6-10\p7\v1\source1\video.avi
129.509075,107.37109166666666,91.40984166666667,2.309259204231173,1.421892090898503,1.0854973307038933,83,p7,v1,source1,data-videos\VIPL\VIPL\p6-10\p7\v1\source1\video.avi
128.80534583333332,106.93204583333336,90.71901249999999,1.6672206078718252,1.361655322996915,1.0726654795447386,83,p7,v1,source1,data-videos\VIPL\VIPL\p6-10\p7\v1\source1\video.avi
129.01974166666668,107.55275833333333,91.42304166666666,3.499066454506911,2.276783255829983,1.7061896143160653,83,p7,v1,source1,data-videos\VIPL\VIPL\p6-10\p7\v1\source1\video.avi
127.45788333333334,107.23406666666666,91.52015,1.0127528095390126,0.5498763919496917,0.6197824152530821,82,p7,v1,source1,data-videos\VIPL\VIPL\p6-10\p7\v1\source1\video.avi
104.83924166666668,96.49060833333333,87.30022500000001,0.5417764035636223,0.4744542750331392,0.38290030986102114,97,p7,v2,source1,data-videos\VIPL\VIPL\p6-10\p7\v2\source1\video.avi
101.10581666666666,94.04209999999999,85.58468333333332,1.2105757094594838,0.8792299955864153,0.7620467348602132,96,p7,v2,source1,data-videos\VIPL\VIPL\p6-10\p7\v2\source1\video.avi
93.39908750000001,88.78572083333333,81.75265416666667,10.305374526031105,7.70015202281161,6.140241176732188,94,p7,v2,source1,data-videos\VIPL\VIPL\p6-10\p7\v2\source1\video.avi
58.139154166666664,62.13840416666666,60.771037500000006,2.4822504258219107,1.8849810753084053,1.720736338943221,93,p7,v2,source1,data-videos\VIPL\VIPL\p6-10\p7\v2\source1\video.avi
63.463125,65.446025,63.49130833333333,16.51000695971676,11.614291427747363,8.445333357132226,93,p7,v2,source1,data-videos\VIPL\VIPL\p6-10\p7\v2\source1\video.avi
143.17657499999999,124.633775,109.83809583333334,13.507142126634237,11.017789083694502,9.323051797834449,94,p7,v2,source1,data-videos\VIPL\VIPL\p6-10\p7\v2\source1\video.avi
59.07735833333333,61.90144166666666,59.632091666666675,13.110487008951079,9.76718537310363,7.726569804536488,94,p7,v2,source1,data-videos\VIPL\VIPL\p6-10\p7\v2\source1\video.avi
65.9749875,66.83277083333333,63.85028749999999,11.55447538783674,8.915160991352659,7.449895174229896,94,p7,v2,source1,data-videos\VIPL\VIPL\p6-10\p7\v2\source1\video.avi
54.03827499999999,56.80840833333334,55.13919166666667,13.987115720415153,10.97300132302797,8.855790549630429,94,p7,v2,source1,data-videos\VIPL\VIPL\p6-10\p7\v2\source1\video.avi
78.10443333333333,79.17651666666667,76.61643333333333,20.31046916865201,17.95458726455017,18.902953414507525,94,p7,v2,source1,data-videos\VIPL\VIPL\p6-10\p7\v2\source1\video.avi
89.06248333333335,97.55631666666666,98.60528333333333,21.356559860157397,32.958198609723595,40.18575000394781,94,p7,v2,source1,data-videos\VIPL\VIPL\p6-10\p7\v2\source1\video.avi
96.06027499999999,88.41504166666668,80.94992500000001,1.709500101018408,1.1279836449606029,0.9085980360293465,95,p7,v2,source1,data-videos\VIPL\VIPL\p6-10\p7\v2\source1\video.avi
113.38299166666665,102.347775,91.74999166666666,9.561353753718665,7.430087866031224,5.989785394411984,97,p7,v2,source1,data-videos\VIPL\VIPL\p6-10\p7\v2\source1\video.avi
108.09532916666667,99.97562916666666,89.85559583333333,6.603641463782503,4.735018543489297,3.6898976939436716,103,p7,v2,source1,data-videos\VIPL\VIPL\p6-10\p7\v2\source1\video.avi
116.28832083333333,105.53870416666666,93.76505416666667,6.2608462695305365,4.841553344743811,4.493894777176401,107,p7,v2,source1,data-videos\VIPL\VIPL\p6-10\p7\v2\source1\video.avi
102.12985833333332,95.21744166666666,86.14890833333332,1.7146142086324978,0.627535566499798,0.36648352566429615,108,p7,v2,source1,data-videos\VIPL\VIPL\p6-10\p7\v2\source1\video.avi
98.71216666666668,92.97645,85.17191666666666,3.9447454586458353,3.1636960873462985,2.525019801386879,107,p7,v2,source1,data-videos\VIPL\VIPL\p6-10\p7\v2\source1\video.avi
71.41274166666665,71.70944166666666,68.62130833333333,23.117524445278644,17.679664875307857,14.016337888970062,103,p7,v2,source1,data-videos\VIPL\VIPL\p6-10\p7\v2\source1\video.avi
85.27998333333333,81.30898333333333,74.85485,21.76080849036258,16.81247826194588,13.5614872778604,102,p7,v2,source1,data-videos\VIPL\VIPL\p6-10\p7\v2\source1\video.avi
120.77244583333335,109.10094583333334,98.13393750000002,20.755497483475615,16.033720205721043,13.660952332572297,100,p7,v2,source1,data-videos\VIPL\VIPL\p6-10\p7\v2\source1\video.avi
141.67858749999996,125.95556250000001,114.22354999999999,14.64713505121062,14.054436443730786,14.376676813219767,100,p7,v2,source1,data-videos\VIPL\VIPL\p6-10\p7\v2\source1\video.avi
104.38625,95.25056666666667,86.62571666666666,6.748079321969347,5.401992794192433,4.360826601740936,100,p7,v2,source1,data-videos\VIPL\VIPL\p6-10\p7\v2\source1\video.avi
102.33199166666667,93.61379166666666,84.96865833333334,11.006203580818891,8.889048492132671,7.167844859688959,97,p7,v2,source1,data-videos\VIPL\VIPL\p6-10\p7\v2\source1\video.avi
57.89259166666667,59.107675,56.36935833333333,15.607938030490955,11.814200218753054,9.7064478598582,95,p7,v2,source1,data-videos\VIPL\VIPL\p6-10\p7\v2\source1\video.avi
86.1696125,80.74432916666666,74.05569583333335,7.939331973712868,6.117495092350345,5.073653961198587,95,p7,v2,source1,data-videos\VIPL\VIPL\p6-10\p7\v2\source1\video.avi
92.43888749999998,86.4699375,79.18535416666667,1.1000241374876991,0.7706478943611891,0.4193153232088927,95,p7,v2,source1,data-videos\VIPL\VIPL\p6-10\p7\v2\source1\video.avi
96.90954166666668,89.85969166666666,81.59880833333334,1.9490237622635742,1.5105808811536514,1.1674630641462858,95,p7,v2,source1,data-videos\VIPL\VIPL\p6-10\p7\v2\source1\video.avi
94.18767083333334,88.4929875,80.6374375,3.3730952869730784,2.098927925486936,1.5485051079813854,95,p7,v2,source1,data-videos\VIPL\VIPL\p6-10\p7\v2\source1\video.avi
86.50305833333331,83.238025,77.24747500000001,2.020711122137934,1.5485317596548427,0.9234592932096573,95,p7,v2,source1,data-videos\VIPL\VIPL\p6-10\p7\v2\source1\video.avi
96.34845,87.92759999999998,79.06411666666666,1.4648854131689877,0.9630359670615453,0.6721365861057877,90,p7,v3,source1,data-videos\VIPL\VIPL\p6-10\p7\v3\source1\video.avi
87.76888333333332,82.44665,75.14665,1.4247000496083966,1.0848599238656227,0.8969821987232454,90,p7,v3,source1,data-videos\VIPL\VIPL\p6-10\p7\v3\source1\video.avi
89.96263333333334,84.30208333333334,76.68301666666666,3.9792837819283586,3.103592293197648,2.5434661446660742,90,p7,v3,source1,data-videos\VIPL\VIPL\p6-10\p7\v3\source1\video.avi
95.53580416666665,88.13627083333333,79.4953375,3.556374502741521,2.6211454106723826,1.9884112396724063,90,p7,v3,source1,data-videos\VIPL\VIPL\p6-10\p7\v3\source1\video.avi
86.65976666666667,81.21830000000001,73.93453333333333,4.26053698854952,3.2228253797834574,2.547408596815977,90,p7,v3,source1,data-videos\VIPL\VIPL\p6-10\p7\v3\source1\video.avi
86.110375,81.126275,73.78292499999999,1.8412945832178773,1.413293950991699,1.237365861458998,90,p7,v3,source1,data-videos\VIPL\VIPL\p6-10\p7\v3\source1\video.avi
79.12757916666666,75.44589583333334,69.24589583333334,5.869685054287647,4.250819827790086,3.2319724418044387,90,p7,v3,source1,data-videos\VIPL\VIPL\p6-10\p7\v3\source1\video.avi
93.38619166666668,86.15150833333331,77.64420833333334,1.7900668727518574,1.3838032930744202,1.2392973104887786,91,p7,v3,source1,data-videos\VIPL\VIPL\p6-10\p7\v3\source1\video.avi
90.75516249999998,84.39089583333335,76.4074125,0.7350649454488878,0.5695036642648682,0.7157390554912836,91,p7,v3,source1,data-videos\VIPL\VIPL\p6-10\p7\v3\source1\video.avi
93.81126666666667,87.03128333333333,78.28495000000001,3.925202613830025,2.8335935566346473,2.1811348437685805,93,p7,v3,source1,data-videos\VIPL\VIPL\p6-10\p7\v3\source1\video.avi
79.99345,76.11331666666666,69.52781666666668,6.500078617000529,5.280203140712249,4.337501903966119,96,p7,v3,source1,data-videos\VIPL\VIPL\p6-10\p7\v3\source1\video.avi
81.23123749999999,77.20302083333333,70.77278749999999,4.200578464144849,3.093737816334034,2.410760286707345,97,p7,v3,source1,data-videos\VIPL\VIPL\p6-10\p7\v3\source1\video.avi
92.5910625,85.5310625,77.08199583333332,2.163083479809553,1.4590723228828584,1.1297203968546567,98,p7,v3,source1,data-videos\VIPL\VIPL\p6-10\p7\v3\source1\video.avi
87.70497499999999,82.01557500000001,74.30579166666665,1.8314443647516434,1.4688191884176511,1.2152265828105666,98,p7,v3,source1,data-videos\VIPL\VIPL\p6-10\p7\v3\source1\video.avi
85.238625,79.95065833333334,72.409325,1.8260751675002609,1.2879831492061096,0.8552894841319318,98,p7,v3,source1,data-videos\VIPL\VIPL\p6-10\p7\v3\source1\video.avi
81.82908333333333,77.41653333333333,70.50926666666666,3.5347069602923087,2.6452630788879525,2.153179958676108,98,p7,v3,source1,data-videos\VIPL\VIPL\p6-10\p7\v3\source1\video.avi
77.22564166666666,73.841075,67.395375,0.9276832257063536,0.7442141710528182,0.9016172087675746,98,p7,v3,source1,data-videos\VIPL\VIPL\p6-10\p7\v3\source1\video.avi
86.0346,80.46318333333333,72.96125,2.626923098417616,1.9355680175123446,1.567949934317987,98,p7,v3,source1,data-videos\VIPL\VIPL\p6-10\p7\v3\source1\video.avi
88.02640416666665,81.54797083333334,73.87550416666666,3.907165823100089,2.9631918598646383,2.3375469693513353,98,p7,v3,source1,data-videos\VIPL\VIPL\p6-10\p7\v3\source1\video.avi
84.07416666666668,78.46196666666667,71.26823333333334,2.6699518390631454,2.0705080915616407,1.6654560833881051,98,p7,v3,source1,data-videos\VIPL\VIPL\p6-10\p7\v3\source1\video.avi
82.34538333333332,77.4108,70.34741666666667,7.5339226818649685,5.937490650922465,5.162434617053006,98,p7,v3,source1,data-videos\VIPL\VIPL\p6-10\p7\v3\source1\video.avi
61.611495833333336,61.727645833333334,58.00134583333333,3.474581614111978,2.7268322277441075,2.3051976603759554,98,p7,v3,source1,data-videos\VIPL\VIPL\p6-10\p7\v3\source1\video.avi
78.72361249999999,75.04621250000001,68.84842916666666,3.4344804309365506,2.578544256630624,1.966326186964326,98,p7,v3,source1,data-videos\VIPL\VIPL\p6-10\p7\v3\source1\video.avi
79.77811666666668,75.85063333333333,69.40828333333334,1.8905461845188065,1.471295295996298,1.3221973582906725,98,p7,v3,source1,data-videos\VIPL\VIPL\p6-10\p7\v3\source1\video.avi
72.88489583333333,70.52197916666665,65.1113625,2.381054966495361,2.0750413290730183,1.9745762269338252,98,p7,v3,source1,data-videos\VIPL\VIPL\p6-10\p7\v3\source1\video.avi
75.77174166666666,73.09069166666667,67.26114166666666,1.8627497442829992,1.4948933577140204,1.3957832675971467,98,p7,v3,source1,data-videos\VIPL\VIPL\p6-10\p7\v3\source1\video.avi
69.01201666666667,67.635,62.45888333333333,1.7770415533091783,1.4016272422492653,1.2644978000041276,98,p7,v3,source1,data-videos\VIPL\VIPL\p6-10\p7\v3\source1\video.avi
78.07447916666666,75.00376250000001,68.58444583333333,2.8616232075422583,2.3940835204845206,2.108924252400051,98,p7,v3,source1,data-videos\VIPL\VIPL\p6-10\p7\v3\source1\video.avi
80.53382916666668,77.1019125,70.74789583333335,1.0802769008614053,0.951677271120865,0.8344909339972566,96,p7,v3,source1,data-videos\VIPL\VIPL\p6-10\p7\v3\source1\video.avi
83.49118333333334,79.12016666666668,72.3391,2.890972263807483,2.3070517838054103,1.722150137294058,96,p7,v3,source1,data-videos\VIPL\VIPL\p6-10\p7\v3\source1\video.avi
141.96791249999998,110.04862500000002,92.18210833333335,3.5181699478090414,2.2312931494816195,1.668939567437044,80,p7,v4,source1,data-videos\VIPL\VIPL\p6-10\p7\v4\source1\video.avi
155.98599166666665,119.30417499999997,99.42634166666667,6.487820325339547,4.180309402582474,3.2636344736671004,79,p7,v4,source1,data-videos\VIPL\VIPL\p6-10\p7\v4\source1\video.avi
165.08024166666667,127.30642083333332,105.9429875,3.695390171044187,2.164198304078211,1.8591806001831073,79,p7,v4,source1,data-videos\VIPL\VIPL\p6-10\p7\v4\source1\video.avi
146.86150833333332,118.11287916666666,99.0354125,3.5779826148429037,2.590154886791415,1.9412079309850987,80,p7,v4,source1,data-videos\VIPL\VIPL\p6-10\p7\v4\source1\video.avi
147.3257375,115.83390000000001,95.90375,2.9626860418201333,1.4351096164337274,0.9158367426763955,81,p7,v4,source1,data-videos\VIPL\VIPL\p6-10\p7\v4\source1\video.avi
166.3789375,128.273725,106.20679166666665,7.455273897876664,5.184046092329411,4.637672028199693,81,p7,v4,source1,data-videos\VIPL\VIPL\p6-10\p7\v4\source1\video.avi
171.94809166666667,131.6681291666667,108.42857916666668,3.378117686254804,2.4301608195598132,2.1842841655489913,83,p7,v4,source1,data-videos\VIPL\VIPL\p6-10\p7\v4\source1\video.avi
167.32074166666666,128.328375,105.45825833333335,3.2812471272897477,2.0612911396322446,1.7928594349743074,83,p7,v4,source1,data-videos\VIPL\VIPL\p6-10\p7\v4\source1\video.avi
166.18539583333336,128.27356666666665,105.37273333333334,1.6775184758980075,1.4037363689973381,1.2389564865604756,83,p7,v4,source1,data-videos\VIPL\VIPL\p6-10\p7\v4\source1\video.avi
166.09178333333332,128.75816666666668,106.80851666666668,1.7409165256370316,0.906046334873389,0.9610962943683693,85,p7,v4,source1,data-videos\VIPL\VIPL\p6-10\p7\v4\source1\video.avi
166.932775,129.1750625,107.42472916666668,1.459950609443309,1.1004163282531365,0.9075524558224971,86,p7,v4,source1,data-videos\VIPL\VIPL\p6-10\p7\v4\source1\video.avi
174.05876666666666,134.40134583333335,111.90684583333335,0.9225774191580217,0.6688142485492523,0.6064194927159192,86,p7,v4,source1,data-videos\VIPL\VIPL\p6-10\p7\v4\source1\video.avi
159.55933333333334,123.45827083333332,103.22642083333332,18.431622024192777,12.80807640892554,10.607972453311158,86,p7,v4,source1,data-videos\VIPL\VIPL\p6-10\p7\v4\source1\video.avi
141.02778333333333,110.58702083333334,92.14168749999999,4.928226401542554,3.4716465045071825,2.781345821851208,86,p7,v4,source1,data-videos\VIPL\VIPL\p6-10\p7\v4\source1\video.avi
148.75215,115.13040833333332,95.85842500000001,8.065268668668919,5.651171302347171,4.559541123155927,86,p7,v4,source1,data-videos\VIPL\VIPL\p6-10\p7\v4\source1\video.avi
147.94646666666668,116.10122916666667,98.08984583333333,2.704770609869511,1.7203063582239742,1.7452802758937078,86,p7,v4,source1,data-videos\VIPL\VIPL\p6-10\p7\v4\source1\video.avi
148.82904166666668,116.897075,98.29845833333334,3.365260809244371,2.1591941791795324,1.678018437543554,86,p7,v4,source1,data-videos\VIPL\VIPL\p6-10\p7\v4\source1\video.avi
137.94552083333335,109.7482,92.30431666666668,2.6904763739761077,1.8512807774469127,1.5091327813700008,86,p7,v4,source1,data-videos\VIPL\VIPL\p6-10\p7\v4\source1\video.avi
137.80814583333336,110.06690833333334,92.917325,0.5251494099566105,0.4978881954203066,0.6476129611890131,86,p7,v4,source1,data-videos\VIPL\VIPL\p6-10\p7\v4\source1\video.avi
141.08564166666665,112.78232499999999,95.56752499999999,2.181171938208397,1.5603728889942723,1.3606486834053735,86,p7,v4,source1,data-videos\VIPL\VIPL\p6-10\p7\v4\source1\video.avi
141.64417916666665,113.26532500000002,95.98225833333333,0.7623444264788286,0.5724693475843148,0.4622721996426986,86,p7,v4,source1,data-videos\VIPL\VIPL\p6-10\p7\v4\source1\video.avi
143.48305416666665,114.42657500000001,96.94770833333334,1.1143030694053175,0.7109109401754282,0.6501381664051628,86,p7,v4,source1,data-videos\VIPL\VIPL\p6-10\p7\v4\source1\video.avi
146.80484583333333,116.65711666666667,98.84281666666668,0.348741309529314,0.31368883827280997,0.2950087002601219,86,p7,v4,source1,data-videos\VIPL\VIPL\p6-10\p7\v4\source1\video.avi
147.19337083333335,116.69799583333334,99.00689583333333,1.0411171958626153,0.7041647961513611,0.6238951623559139,86,p7,v4,source1,data-videos\VIPL\VIPL\p6-10\p7\v4\source1\video.avi
145.45359166666668,115.14582499999999,97.63172499999999,2.8357314246553345,2.215705696681208,1.928121596449365,85,p7,v4,source1,data-videos\VIPL\VIPL\p6-10\p7\v4\source1\video.avi
149.36212500000002,117.42682916666668,99.29747916666665,2.857108671379065,1.7552299556234958,1.3469726192388491,84,p7,v4,source1,data-videos\VIPL\VIPL\p6-10\p7\v4\source1\video.avi
152.71098333333333,118.84459583333333,100.41239583333333,1.0325229845437365,0.4520853545653737,0.394060125884997,81,p7,v4,source1,data-videos\VIPL\VIPL\p6-10\p7\v4\source1\video.avi
152.55571666666665,118.22494166666667,99.64764166666666,0.6846510492985126,0.4773478043153873,0.4748427626082017,81,p7,v4,source1,data-videos\VIPL\VIPL\p6-10\p7\v4\source1\video.avi
154.56003333333334,120.20430833333334,101.29975833333334,0.9505409460063933,0.8977883154011492,0.80452905140126,81,p7,v4,source1,data-videos\VIPL\VIPL\p6-10\p7\v4\source1\video.avi
143.36863333333332,109.31989583333332,89.8165625,4.117667457141744,3.0900169503535433,2.190349230145732,82,p7,v5,source1,data-videos\VIPL\VIPL\p6-10\p7\v5\source1\video.avi
156.89443333333335,118.35449583333333,96.93399583333334,12.586970741869017,8.71716082418993,6.180809555204587,82,p7,v5,source1,data-videos\VIPL\VIPL\p6-10\p7\v5\source1\video.avi
172.02414166666668,128.098625,103.346825,2.2309147449423943,1.6656145030417617,1.0991473352956367,82,p7,v5,source1,data-videos\VIPL\VIPL\p6-10\p7\v5\source1\video.avi
182.31345416666667,135.32068333333333,108.55553333333332,3.5428509928740053,2.531010065974152,1.7284506673547748,81,p7,v5,source1,data-videos\VIPL\VIPL\p6-10\p7\v5\source1\video.avi
175.53152499999996,131.33070833333332,105.56204166666666,2.3859474505686427,1.209985186648876,1.0574865522358765,82,p7,v5,source1,data-videos\VIPL\VIPL\p6-10\p7\v5\source1\video.avi
171.8091791666667,128.81099166666664,103.68950833333334,4.2589667360912715,2.979930307303995,2.060491864047406,82,p7,v5,source1,data-videos\VIPL\VIPL\p6-10\p7\v5\source1\video.avi
144.90458333333333,109.27319166666666,89.93779166666667,8.197442108776132,5.8409550185343555,4.220740739565153,83,p7,v5,source1,data-videos\VIPL\VIPL\p6-10\p7\v5\source1\video.avi
159.6129791666667,119.56216666666666,96.83604999999997,13.141734445502658,8.948898263388193,6.057455124472651,83,p7,v5,source1,data-videos\VIPL\VIPL\p6-10\p7\v5\source1\video.avi
157.14530000000002,118.57259166666667,95.213375,5.441665240103179,3.78281398845948,2.6099157455336974,83,p7,v5,source1,data-videos\VIPL\VIPL\p6-10\p7\v5\source1\video.avi
153.70379583333334,115.94057916666667,93.44751249999999,1.434751655061388,0.7411094583366952,0.6129897548196777,85,p7,v5,source1,data-videos\VIPL\VIPL\p6-10\p7\v5\source1\video.avi
155.73205416666667,116.94205000000002,94.27961666666668,4.4697271347707055,3.056326806964893,1.7367771024947307,85,p7,v5,source1,data-videos\VIPL\VIPL\p6-10\p7\v5\source1\video.avi
153.27743333333333,114.78919583333334,93.23229583333332,4.897329577645691,2.7477774556473618,1.6632233050824672,85,p7,v5,source1,data-videos\VIPL\VIPL\p6-10\p7\v5\source1\video.avi
160.28712916666666,119.37553333333335,96.48755000000001,7.153565179170379,4.653031924235143,3.2700758148968982,85,p7,v5,source1,data-videos\VIPL\VIPL\p6-10\p7\v5\source1\video.avi
172.829425,127.98765416666667,102.68940416666668,0.9218235367556367,0.6082538954412416,0.47642238196968384,85,p7,v5,source1,data-videos\VIPL\VIPL\p6-10\p7\v5\source1\video.avi
170.65829166666666,126.5645125,101.4056625,0.5645598019388866,0.4461559626253038,0.36377582583004886,84,p7,v5,source1,data-videos\VIPL\VIPL\p6-10\p7\v5\source1\video.avi
170.6008,126.55414583333334,101.4871625,1.830355933082642,1.4026379558685307,1.1144521076488907,84,p7,v5,source1,data-videos\VIPL\VIPL\p6-10\p7\v5\source1\video.avi
171.97589166666666,127.49475833333332,102.08414166666667,0.807168984807221,0.6310960103154761,0.4912317526297202,83,p7,v5,source1,data-videos\VIPL\VIPL\p6-10\p7\v5\source1\video.avi
173.66807083333333,128.38545,103.27575,1.0553937131995361,0.9132400341640736,0.7799217686907962,81,p7,v5,source1,data-videos\VIPL\VIPL\p6-10\p7\v5\source1\video.avi
174.68858333333333,129.51440833333334,103.524425,0.6365442842945481,0.7719022727525532,0.41403227103492063,81,p7,v5,source1,data-videos\VIPL\VIPL\p6-10\p7\v5\source1\video.avi
115.654275,110.31937916666666,104.90279583333333,0.8251401067268334,0.23760141562779674,0.28359614294215413,94,p7,v6,source1,data-videos\VIPL\VIPL\p6-10\p7\v6\source1\video.avi
112.76024166666667,107.13972083333334,101.62465416666667,0.9943162187214389,0.7205644149871925,0.7595212854754492,94,p7,v6,source1,data-videos\VIPL\VIPL\p6-10\p7\v6\source1\video.avi
112.98684166666668,107.39355833333335,101.70299166666666,2.0927425865622156,0.7787133160166618,0.5295984569699959,94,p7,v6,source1,data-videos\VIPL\VIPL\p6-10\p7\v6\source1\video.avi
118.25748749999998,110.22441250000001,103.3035125,0.5156711572943349,0.41006225590180534,0.4692023470372642,95,p7,v6,source1,data-videos\VIPL\VIPL\p6-10\p7\v6\source1\video.avi
116.15645833333333,108.695225,101.91206666666668,1.1982132777714394,0.9782551309779695,0.9943646154391771,94,p7,v6,source1,data-videos\VIPL\VIPL\p6-10\p7\v6\source1\video.avi
114.74154999999999,108.7926375,103.05003750000002,0.7917303671301956,0.8751360547596456,1.2330393427337043,94,p7,v6,source1,data-videos\VIPL\VIPL\p6-10\p7\v6\source1\video.avi
109.52804166666665,107.26810416666667,103.13152083333334,4.149651636880531,2.2955983456948523,1.3699741066718707,94,p7,v6,source1,data-videos\VIPL\VIPL\p6-10\p7\v6\source1\video.avi
106.38318750000002,109.32840833333331,107.86004583333333,3.7654622431401283,4.387220341823319,4.617644016872945,94,p7,v6,source1,data-videos\VIPL\VIPL\p6-10\p7\v6\source1\video.avi
112.72101666666667,114.12162083333334,111.4732125,7.499659170281135,2.8677806845637535,1.4165518803619388,94,p7,v6,source1,data-videos\VIPL\VIPL\p6-10\p7\v6\source1\video.avi
101.77853333333333,110.72501666666668,111.80298333333336,2.8009250923925895,6.668068255770265,8.743427627628844,94,p7,v6,source1,data-videos\VIPL\VIPL\p6-10\p7\v6\source1\video.avi
106.52026249999999,116.18877083333332,117.70207083333332,2.12325568177936,2.741489961377451,4.209261596088505,94,p7,v6,source1,data-videos\VIPL\VIPL\p6-10\p7\v6\source1\video.avi
108.74278750000002,110.66158749999998,108.50613749999998,3.794899231168363,4.353629748821825,5.108943789731097,94,p7,v6,source1,data-videos\VIPL\VIPL\p6-10\p7\v6\source1\video.avi
109.51459999999999,115.52613333333335,115.07098749999999,3.5742280201221615,3.0068696969455977,3.061970808604003,93,p7,v6,source1,data-videos\VIPL\VIPL\p6-10\p7\v6\source1\video.avi
107.23538750000002,111.4914625,110.983475,2.952380606874261,3.1057004561504855,2.8741442591000985,92,p7,v6,source1,data-videos\VIPL\VIPL\p6-10\p7\v6\source1\video.avi
106.99400833333333,113.08464583333331,113.14480416666666,3.8681507605738146,2.64866918414675,2.3560930067283334,91,p7,v6,source1,data-videos\VIPL\VIPL\p6-10\p7\v6\source1\video.avi
105.35455,110.36936666666666,109.19447083333334,3.760337349777536,4.151141656148308,4.879446826385935,91,p7,v6,source1,data-videos\VIPL\VIPL\p6-10\p7\v6\source1\video.avi
97.31874166666667,102.02015833333334,101.47519166666667,5.354961442869412,6.030392263858706,6.231207042137115,91,p7,v6,source1,data-videos\VIPL\VIPL\p6-10\p7\v6\source1\video.avi
103.97179583333335,104.71842916666667,101.85012916666669,3.574098559776997,2.414567580103917,2.410726340176798,91,p7,v6,source1,data-videos\VIPL\VIPL\p6-10\p7\v6\source1\video.avi
117.87080833333333,114.81564999999999,110.02488333333332,4.526105104971602,4.762335483021669,5.584909562513821,91,p7,v6,source1,data-videos\VIPL\VIPL\p6-10\p7\v6\source1\video.avi
106.88670416666668,108.96503333333334,106.94275833333333,2.2115165901182046,5.131278844461491,6.5450627335319,92,p7,v6,source1,data-videos\VIPL\VIPL\p6-10\p7\v6\source1\video.avi
99.42437916666668,101.65557916666667,99.49317916666665,1.2468792545457914,0.616484946536049,1.192700865740815,94,p7,v6,source1,data-videos\VIPL\VIPL\p6-10\p7\v6\source1\video.avi
93.37101666666666,98.56625,97.85265000000001,3.696632077733054,2.883644124326698,2.4205643489547137,94,p7,v6,source1,data-videos\VIPL\VIPL\p6-10\p7\v6\source1\video.avi
91.69156666666667,97.47481666666667,96.87463333333335,9.614586233724735,7.633005345327985,6.869021540805908,95,p7,v6,source1,data-videos\VIPL\VIPL\p6-10\p7\v6\source1\video.avi
93.64865,81.51350000000001,72.49321666666667,0.7222776597526583,0.4987212467345301,0.4234632841883184,116,p7,v7,source1,data-videos\VIPL\VIPL\p6-10\p7\v7\source1\video.avi
87.60778333333333,76.75703333333333,68.74520000000001,1.7764915120723996,1.4612070709761953,1.2054547295378941,114,p7,v7,source1,data-videos\VIPL\VIPL\p6-10\p7\v7\source1\video.avi
93.693675,81.744625,72.94604166666667,2.8167588273137625,2.340673443720608,1.9570244606502314,112,p7,v7,source1,data-videos\VIPL\VIPL\p6-10\p7\v7\source1\video.avi
89.33007916666668,78.36569583333333,69.75589583333333,3.945097630428316,3.0217100162821717,2.331697304421062,112,p7,v7,source1,data-videos\VIPL\VIPL\p6-10\p7\v7\source1\video.avi
83.93344166666668,74.35091666666666,66.74106666666667,3.631124853513792,2.6916588248079787,2.080391866231777,111,p7,v7,source1,data-videos\VIPL\VIPL\p6-10\p7\v7\source1\video.avi
88.5383375,77.67627083333333,69.03707083333333,1.9044361462487747,1.5747507507803689,1.3166759599882996,110,p7,v7,source1,data-videos\VIPL\VIPL\p6-10\p7\v7\source1\video.avi
80.33641666666666,71.68828333333333,64.57835,0.6748554269043264,0.4653990793454103,0.4672459831288008,107,p7,v7,source1,data-videos\VIPL\VIPL\p6-10\p7\v7\source1\video.avi
79.9364,71.61240000000001,64.89928333333334,0.4162557151342726,0.275626318779913,0.38147469166635967,104,p7,v7,source1,data-videos\VIPL\VIPL\p6-10\p7\v7\source1\video.avi
84.0675,74.03013333333334,66.7364,1.0881632623785253,0.7543626175684489,0.8111533557611036,103,p7,v7,source1,data-videos\VIPL\VIPL\p6-10\p7\v7\source1\video.avi
80.89318333333333,72.04117916666667,65.47324583333332,1.1880711671275102,0.7435446014932268,0.9622109390436581,101,p7,v7,source1,data-videos\VIPL\VIPL\p6-10\p7\v7\source1\video.avi
78.91845833333333,70.31644583333333,63.11044583333333,0.9256255654961135,0.7476671016540942,0.7367251511710832,99,p7,v7,source1,data-videos\VIPL\VIPL\p6-10\p7\v7\source1\video.avi
82.27875,72.95953333333333,65.61371666666668,0.6671939685478774,0.4391444463069321,0.4332384097956013,99,p7,v7,source1,data-videos\VIPL\VIPL\p6-10\p7\v7\source1\video.avi
81.56477083333333,71.90290416666667,64.5526375,0.4007046863460959,0.36654748456032393,0.3890310855456586,97,p7,v7,source1,data-videos\VIPL\VIPL\p6-10\p7\v7\source1\video.avi
81.34450416666667,71.9039375,64.7487375,0.7304373198258998,0.5286853880932708,0.4319198585000074,94,p7,v7,source1,data-videos\VIPL\VIPL\p6-10\p7\v7\source1\video.avi
79.38540416666666,71.21377083333333,65.03210416666666,0.24799589651343037,0.2486082982072398,0.372683669064664,94,p7,v7,source1,data-videos\VIPL\VIPL\p6-10\p7\v7\source1\video.avi
77.89492916666667,71.97394583333333,66.8456625,0.8895012270461837,0.20853386249133557,0.619380743946906,93,p7,v7,source1,data-videos\VIPL\VIPL\p6-10\p7\v7\source1\video.avi
76.33664166666668,72.49859166666666,68.52199166666668,0.42236660480460164,0.352902075800308,0.5074483444907364,92,p7,v7,source1,data-videos\VIPL\VIPL\p6-10\p7\v7\source1\video.avi
75.78959583333332,72.5548625,68.86634583333334,0.643002991153187,0.2641079353087572,0.2450654974100465,92,p7,v7,source1,data-videos\VIPL\VIPL\p6-10\p7\v7\source1\video.avi
77.39564166666666,73.01417500000001,68.84830833333334,0.333628059392326,0.2051089901667463,0.32408911786643546,92,p7,v7,source1,data-videos\VIPL\VIPL\p6-10\p7\v7\source1\video.avi
76.52721249999999,71.80086250000001,67.70589583333333,0.5243322947118357,0.48080742232323326,0.3807369681143265,92,p7,v7,source1,data-videos\VIPL\VIPL\p6-10\p7\v7\source1\video.avi
75.89622083333333,71.26292083333333,67.18530416666667,0.3404545515434731,0.24102871342320226,0.26169736072630007,92,p7,v7,source1,data-videos\VIPL\VIPL\p6-10\p7\v7\source1\video.avi
74.9934875,69.6106875,64.47138749999999,0.27628608066288063,0.34285078473043873,0.7826108923243548,91,p7,v7,source1,data-videos\VIPL\VIPL\p6-10\p7\v7\source1\video.avi
80.29062083333332,72.12730833333333,65.12840833333333,2.966577833478053,1.7457104540288333,0.9651838427355586,91,p7,v7,source1,data-videos\VIPL\VIPL\p6-10\p7\v7\source1\video.avi
87.63231250000001,76.94967916666667,68.57516249999999,0.7959966548165665,0.6429819359016508,0.5788554852573308,91,p7,v7,source1,data-videos\VIPL\VIPL\p6-10\p7\v7\source1\video.avi
84.29854166666667,74.51888749999999,66.9835875,2.002587936756947,1.4454512003177404,1.020826897122567,90,p7,v7,source1,data-videos\VIPL\VIPL\p6-10\p7\v7\source1\video.avi
85.18862499999999,75.15726666666666,67.54888333333334,0.986456548308839,0.697895149096156,0.46980655235101154,90,p7,v7,source1,data-videos\VIPL\VIPL\p6-10\p7\v7\source1\video.avi
79.85063333333332,71.47686666666667,64.81103333333333,3.1454677846278996,1.7834842150249197,1.0489671560866958,88,p7,v7,source1,data-videos\VIPL\VIPL\p6-10\p7\v7\source1\video.avi
76.8688625,70.86516250000001,65.4432625,0.33970524514111966,0.1842749141718845,0.29937439648512637,88,p7,v7,source1,data-videos\VIPL\VIPL\p6-10\p7\v7\source1\video.avi
66.819075,59.326541666666664,53.67382500000001,1.374304681933639,0.29700913782472876,0.5637664204617714,84,p8,v1,source1,data-videos\VIPL\VIPL\p6-10\p8\v1\source1\video.avi
71.52682083333333,61.75215416666667,54.728570833333336,1.5263621614875136,0.7182226529919763,0.43106793511870056,84,p8,v1,source1,data-videos\VIPL\VIPL\p6-10\p8\v1\source1\video.avi
71.87983333333332,62.815200000000004,56.7087,0.2619683902687506,0.30154741818935676,0.4201674818185928,83,p8,v1,source1,data-videos\VIPL\VIPL\p6-10\p8\v1\source1\video.avi
71.65119166666666,63.528275,57.91854166666667,0.598925702067646,0.32607731711376586,0.5442549268010549,84,p8,v1,source1,data-videos\VIPL\VIPL\p6-10\p8\v1\source1\video.avi
79.86464583333333,69.54961250000001,62.6049625,4.38134704570362,2.969681380876342,1.924688129471674,84,p8,v1,source1,data-videos\VIPL\VIPL\p6-10\p8\v1\source1\video.avi
92.06671250000001,79.58934583333334,70.77294583333334,4.832466957200077,4.205699736328401,3.9581213058915683,83,p8,v1,source1,data-videos\VIPL\VIPL\p6-10\p8\v1\source1\video.avi
99.31099583333335,83.63919583333332,73.83777916666666,0.6938200622029304,0.6079905758989554,0.8590862846935765,83,p8,v1,source1,data-videos\VIPL\VIPL\p6-10\p8\v1\source1\video.avi
96.3260375,80.63060416666666,70.99517083333335,1.1170781263399727,0.9880811291125497,0.9141311528729217,83,p8,v1,source1,data-videos\VIPL\VIPL\p6-10\p8\v1\source1\video.avi
95.62914583333333,80.0154625,69.8592125,1.8590113932526224,1.722407689098398,1.5798674404549649,82,p8,v1,source1,data-videos\VIPL\VIPL\p6-10\p8\v1\source1\video.avi
81.53010416666666,69.31072083333333,60.5798375,6.610231108331657,4.939799258418526,4.032918774115232,82,p8,v1,source1,data-videos\VIPL\VIPL\p6-10\p8\v1\source1\video.avi
95.80156249999999,81.33834583333334,72.22439583333333,21.36018373040194,15.760723516629524,13.331301245799303,82,p8,v1,source1,data-videos\VIPL\VIPL\p6-10\p8\v1\source1\video.avi
75.78676250000001,65.66467916666666,57.914695833333326,5.450674360747459,3.5872184888726433,2.909244791053313,83,p8,v1,source1,data-videos\VIPL\VIPL\p6-10\p8\v1\source1\video.avi
101.33820833333336,87.50235416666666,78.89117083333332,4.924099445918881,4.4690778671487585,4.37335231763537,83,p8,v1,source1,data-videos\VIPL\VIPL\p6-10\p8\v1\source1\video.avi
102.59284583333334,83.3404125,71.87751250000001,3.3651859293606163,2.8843613064680365,3.070302676379535,84,p8,v1,source1,data-videos\VIPL\VIPL\p6-10\p8\v1\source1\video.avi
103.30391249999998,83.81659583333334,72.58752499999999,1.6285091522915125,1.4094845013879291,1.4254931713245969,84,p8,v1,source1,data-videos\VIPL\VIPL\p6-10\p8\v1\source1\video.avi
58.451454166666664,50.692254166666665,44.157670833333334,17.272864880351953,12.216528282522562,10.14905874808684,84,p8,v1,source1,data-videos\VIPL\VIPL\p6-10\p8\v1\source1\video.avi
76.63890416666666,67.3440375,61.45897083333334,2.2758359523968807,2.4564878032467403,3.0908366254813053,84,p8,v1,source1,data-videos\VIPL\VIPL\p6-10\p8\v1\source1\video.avi
81.92405833333333,71.13210833333332,64.91626666666666,2.400781647431901,1.4901058355985066,1.384976461605536,83,p8,v1,source1,data-videos\VIPL\VIPL\p6-10\p8\v1\source1\video.avi
79.19715416666666,69.78628750000001,63.91188749999999,1.30624923502104,1.1545863579143592,1.0738815092632432,84,p8,v1,source1,data-videos\VIPL\VIPL\p6-10\p8\v1\source1\video.avi
75.92790416666668,66.90602083333333,60.78809999999999,0.7152007101739585,0.6324862399689016,0.9583684283791327,85,p8,v1,source1,data-videos\VIPL\VIPL\p6-10\p8\v1\source1\video.avi
73.74319166666666,65.510875,59.669816666666655,1.1518952660241677,0.458041346386983,0.49788708531375087,86,p8,v1,source1,data-videos\VIPL\VIPL\p6-10\p8\v1\source1\video.avi
76.36919583333334,67.16666250000002,60.947275,1.5076141219586552,0.7664810132324434,0.7575210866839506,86,p8,v1,source1,data-videos\VIPL\VIPL\p6-10\p8\v1\source1\video.avi
72.36313333333334,63.32855000000001,56.6309375,11.74546444857664,8.845857766978344,7.902914422088045,86,p8,v1,source1,data-videos\VIPL\VIPL\p6-10\p8\v1\source1\video.avi
92.38085833333335,95.67611666666666,96.04870833333334,2.7101009732047396,2.3005048309042717,2.206558326346585,101,p8,v2,source1,data-videos\VIPL\VIPL\p6-10\p8\v2\source1\video.avi
87.32292916666665,91.46313749999999,92.12467083333333,2.5116576424992716,2.3320695320596916,2.294078911416422,101,p8,v2,source1,data-videos\VIPL\VIPL\p6-10\p8\v2\source1\video.avi
76.8563875,79.00149166666667,78.53870833333332,5.170737524857767,5.936563371133096,6.445589231062609,95,p8,v2,source1,data-videos\VIPL\VIPL\p6-10\p8\v2\source1\video.avi
68.9356875,67.1422125,64.08430833333334,4.147760055849757,2.875491709503544,2.4658013915358232,94,p8,v2,source1,data-videos\VIPL\VIPL\p6-10\p8\v2\source1\video.avi
65.9300125,67.08783749999999,65.02259166666667,4.055541922908975,4.756620097047786,5.058061600533516,92,p8,v2,source1,data-videos\VIPL\VIPL\p6-10\p8\v2\source1\video.avi
81.29819166666667,87.4809,88.49285000000002,3.144272996987272,2.155683379432404,3.603693731841907,91,p8,v2,source1,data-videos\VIPL\VIPL\p6-10\p8\v2\source1\video.avi
96.72725416666664,106.96517083333335,111.0304125,11.955358448706113,20.83994642830073,26.764312138562737,91,p8,v2,source1,data-videos\VIPL\VIPL\p6-10\p8\v2\source1\video.avi
122.01324583333333,137.73571249999998,144.9328875,28.6803009976935,37.38990582385951,43.39150177511641,91,p8,v2,source1,data-videos\VIPL\VIPL\p6-10\p8\v2\source1\video.avi
147.807125,160.041325,164.56372916666666,0.8815344566515183,0.2683439301737805,0.8127120359011615,91,p8,v2,source1,data-videos\VIPL\VIPL\p6-10\p8\v2\source1\video.avi
103.70642083333333,108.76910416666665,109.23612083333332,23.197112874524652,28.354854191104295,31.283657442162617,91,p8,v2,source1,data-videos\VIPL\VIPL\p6-10\p8\v2\source1\video.avi
68.38894583333332,71.23596666666667,70.601925,3.608648908967794,5.358850182800541,6.997140465791783,91,p8,v2,source1,data-videos\VIPL\VIPL\p6-10\p8\v2\source1\video.avi
89.43095000000001,101.57555,106.09237083333333,5.86791120146968,6.968970414458951,7.836049281897948,91,p8,v2,source1,data-videos\VIPL\VIPL\p6-10\p8\v2\source1\video.avi
97.66499583333334,101.63601249999999,101.62745416666665,0.7660664569010261,1.2643090945502604,1.8869141870723747,91,p8,v2,source1,data-videos\VIPL\VIPL\p6-10\p8\v2\source1\video.avi
121.25293333333332,130.53758333333334,133.12353333333334,10.571909799991987,13.568910450680129,15.064034698582718,91,p8,v2,source1,data-videos\VIPL\VIPL\p6-10\p8\v2\source1\video.avi
120.53105000000001,137.1394875,144.44690416666666,5.001953110976725,2.690795492069009,1.8463476076564298,91,p8,v2,source1,data-videos\VIPL\VIPL\p6-10\p8\v2\source1\video.avi
103.55065416666666,117.47480416666666,123.30391250000001,19.20892665873499,25.548700499173307,29.797132669122455,91,p8,v2,source1,data-videos\VIPL\VIPL\p6-10\p8\v2\source1\video.avi
85.60119999999999,68.80586666666666,57.823683333333335,14.35235334286342,9.589366751696469,7.53027011864725,91,p8,v2,source1,data-videos\VIPL\VIPL\p6-10\p8\v2\source1\video.avi
107.71165833333335,96.25829166666666,88.9976375,10.767944046584843,9.12867432563877,10.232562761463605,91,p8,v2,source1,data-videos\VIPL\VIPL\p6-10\p8\v2\source1\video.avi
112.03417916666666,94.02441666666668,83.82272916666666,13.892978505230818,10.050985441641544,8.611086991207259,91,p8,v2,source1,data-videos\VIPL\VIPL\p6-10\p8\v2\source1\video.avi
72.59435416666668,67.46510416666666,63.24603333333334,1.4230867742389746,1.0885012301101873,0.857453253260945,90,p8,v2,source1,data-videos\VIPL\VIPL\p6-10\p8\v2\source1\video.avi
69.06162083333334,63.318979166666665,58.74565833333333,0.8802641062606334,1.413010858639079,2.0456624283078275,90,p8,v2,source1,data-videos\VIPL\VIPL\p6-10\p8\v2\source1\video.avi
69.39777916666667,61.40975416666666,55.171366666666664,0.5077993213845515,0.18771561648837612,0.3455627220865026,90,p8,v2,source1,data-videos\VIPL\VIPL\p6-10\p8\v2\source1\video.avi
66.9392,59.31722916666666,53.357037500000004,1.7993784391055867,1.666724879972946,1.717682408607679,90,p8,v2,source1,data-videos\VIPL\VIPL\p6-10\p8\v2\source1\video.avi
48.77845833333334,48.585720833333326,45.59662083333335,7.784130128960033,7.145861570092413,6.8797232499373955,89,p8,v2,source1,data-videos\VIPL\VIPL\p6-10\p8\v2\source1\video.avi
81.9637125,85.71528749999999,86.04546250000001,30.84102588967895,39.715069651952575,45.753968812977945,88,p8,v2,source1,data-videos\VIPL\VIPL\p6-10\p8\v2\source1\video.avi
149.05930833333332,155.750825,157.82880833333334,12.679136223566802,19.66860565805437,24.503725968573665,88,p8,v2,source1,data-videos\VIPL\VIPL\p6-10\p8\v2\source1\video.avi
134.36925000000002,132.00659166666665,130.67794583333333,27.83800556866096,22.70888961813896,20.534209643932545,88,p8,v2,source1,data-videos\VIPL\VIPL\p6-10\p8\v2\source1\video.avi
129.13510000000002,107.63151666666668,94.22326666666667,3.5482212515422202,2.2868727432119673,1.7643644560927916,89,p8,v3,source1,data-videos\VIPL\VIPL\p6-10\p8\v3\source1\video.avi
130.81199166666664,109.10937500000001,95.94979583333334,1.0298243564505989,0.8591214787664069,0.8746872518855586,90,p8,v3,source1,data-videos\VIPL\VIPL\p6-10\p8\v3\source1\video.avi
131.6931375,109.33308750000002,96.4318375,1.302052229401828,1.1561811810901192,1.2509525078831598,90,p8,v3,source1,data-videos\VIPL\VIPL\p6-10\p8\v3\source1\video.avi
128.03349583333332,106.68479583333335,94.41137916666666,2.5820883539163706,1.633443867029446,1.3601383250478212,89,p8,v3,source1,data-videos\VIPL\VIPL\p6-10\p8\v3\source1\video.avi
133.95469166666666,110.40490833333334,97.07669583333332,1.5987841448225957,1.3254714210894925,1.4077027325008211,89,p8,v3,source1,data-videos\VIPL\VIPL\p6-10\p8\v3\source1\video.avi
128.64159583333333,106.77117916666666,93.89587499999999,2.7125902688704815,1.2637922325479796,0.8947818392941134,90,p8,v3,source1,data-videos\VIPL\VIPL\p6-10\p8\v3\source1\video.avi
123.08241666666667,104.2357,93.08533333333332,1.514986261740971,1.5499469831658765,1.5799332522601148,90,p8,v3,source1,data-videos\VIPL\VIPL\p6-10\p8\v3\source1\video.avi
123.29790000000001,102.09729999999999,89.76208750000002,1.0990794280360012,0.509268989411674,0.8410930674781019,92,p8,v3,source1,data-videos\VIPL\VIPL\p6-10\p8\v3\source1\video.avi
132.53564583333332,106.46032916666665,91.40794583333333,7.182270065111342,4.303598408728575,3.0904875339499425,94,p8,v3,source1,data-videos\VIPL\VIPL\p6-10\p8\v3\source1\video.avi
119.1588875,101.18500416666666,89.79447916666668,3.5395101909894344,2.886983855005515,3.5978094677380903,95,p8,v3,source1,data-videos\VIPL\VIPL\p6-10\p8\v3\source1\video.avi
144.70509166666665,118.4383625,103.28170416666667,14.176399593459458,11.279952406388153,10.210437385116366,96,p8,v3,source1,data-videos\VIPL\VIPL\p6-10\p8\v3\source1\video.avi
149.67369583333334,122.29819166666667,106.68195833333333,2.4550615753267433,2.0176622312062316,2.1247619168097387,96,p8,v3,source1,data-videos\VIPL\VIPL\p6-10\p8\v3\source1\video.avi
133.30597083333333,108.71005416666667,94.8424875,12.781650165961935,10.403493847226079,9.283032002483454,96,p8,v3,source1,data-videos\VIPL\VIPL\p6-10\p8\v3\source1\video.avi
118.02460416666666,96.59795416666668,84.30509583333333,2.2013997809711263,1.218279250210336,0.995513202082641,96,p8,v3,source1,data-videos\VIPL\VIPL\p6-10\p8\v3\source1\video.avi
122.73233750000001,101.09677083333334,88.54047916666667,2.735791083172085,2.2336864828841665,2.0034724417003535,96,p8,v3,source1,data-videos\VIPL\VIPL\p6-10\p8\v3\source1\video.avi
121.3828,101.69470000000001,89.83374583333332,2.0922342663058,1.2576285220245778,0.9510648027853957,96,p8,v3,source1,data-videos\VIPL\VIPL\p6-10\p8\v3\source1\video.avi
92.11610833333333,78.889825,68.76734166666667,20.71365192890106,15.929675668984217,13.558517548722936,96,p8,v3,source1,data-videos\VIPL\VIPL\p6-10\p8\v3\source1\video.avi
79.1097,67.97828333333332,59.420300000000005,7.661811882467906,5.475686828440769,4.730328648301035,96,p8,v3,source1,data-videos\VIPL\VIPL\p6-10\p8\v3\source1\video.avi
111.07503333333334,91.75478333333335,79.79103333333333,15.617503514206424,12.471283444444147,10.941683775767277,95,p8,v3,source1,data-videos\VIPL\VIPL\p6-10\p8\v3\source1\video.avi
147.06741666666667,119.23268750000001,103.90310416666667,2.947066196813838,2.6726570785222323,2.5843443085642313,93,p8,v3,source1,data-videos\VIPL\VIPL\p6-10\p8\v3\source1\video.avi
128.63865416666667,105.72995416666667,92.59368749999997,13.9435973705452,10.49963862787866,8.99605182660782,92,p8,v3,source1,data-videos\VIPL\VIPL\p6-10\p8\v3\source1\video.avi
106.37294166666666,90.37899166666666,80.13505833333333,4.396971273651835,3.2549332698079647,2.6665706629984314,91,p8,v3,source1,data-videos\VIPL\VIPL\p6-10\p8\v3\source1\video.avi
121.85015416666667,92.53938749999999,79.14255416666667,1.8348681809393308,1.2780841216364307,1.066691722573558,95,p8,v4,source1,data-videos\VIPL\VIPL\p6-10\p8\v4\source1\video.avi
122.39976666666668,92.61786666666667,79.37461666666667,0.3816142184214178,0.23420002379554403,0.218361813743588,96,p8,v4,source1,data-videos\VIPL\VIPL\p6-10\p8\v4\source1\video.avi
147.20907499999998,109.69959999999999,93.72625000000002,12.205142968528563,8.483201671512271,7.100832091242606,97,p8,v4,source1,data-videos\VIPL\VIPL\p6-10\p8\v4\source1\video.avi
152.59787083333333,113.85054999999998,97.36028333333334,1.4266707913686483,0.8671067239757095,0.6918033358448848,99,p8,v4,source1,data-videos\VIPL\VIPL\p6-10\p8\v4\source1\video.avi
149.6091708333333,112.06337083333334,95.84415833333333,1.5559404579706755,1.1100976241479352,0.99967955105207,98,p8,v4,source1,data-videos\VIPL\VIPL\p6-10\p8\v4\source1\video.avi
145.3922,109.16911666666667,93.23201666666665,0.8024210519101626,0.5324050744485923,0.45972008946719256,95,p8,v4,source1,data-videos\VIPL\VIPL\p6-10\p8\v4\source1\video.avi
147.79539166666666,110.8028,94.66148333333335,2.570443459645847,1.7283846362423527,1.447908176318034,93,p8,v4,source1,data-videos\VIPL\VIPL\p6-10\p8\v4\source1\video.avi
167.8592958333333,128.3185375,110.39883333333331,5.651133542362197,5.7290626580316575,5.514886255217428,91,p8,v4,source1,data-videos\VIPL\VIPL\p6-10\p8\v4\source1\video.avi
170.86917500000004,131.633125,114.00366666666667,1.2676089761529798,0.8363989274255498,0.7353286219722893,88,p8,v4,source1,data-videos\VIPL\VIPL\p6-10\p8\v4\source1\video.avi
171.12830000000002,132.38285,114.32302916666667,1.4848873649998222,1.2081084880172985,0.9215932200806439,88,p8,v4,source1,data-videos\VIPL\VIPL\p6-10\p8\v4\source1\video.avi
169.89484583333333,130.23140833333332,112.18001666666667,1.6206523621977733,1.452999825887043,1.1442870781656778,87,p8,v4,source1,data-videos\VIPL\VIPL\p6-10\p8\v4\source1\video.avi
160.68401666666668,124.12177916666667,107.8028916666667,2.7383614597865717,1.8603618277471965,1.5593912858980332,87,p8,v4,source1,data-videos\VIPL\VIPL\p6-10\p8\v4\source1\video.avi
162.26159166666667,124.55600833333332,107.055375,1.3864167078399523,0.6721156195231176,0.4186236801594942,88,p8,v4,source1,data-videos\VIPL\VIPL\p6-10\p8\v4\source1\video.avi
161.99172916666666,124.03880000000001,106.07009999999998,0.6163654874037786,0.4490586538341436,0.4433470436476498,89,p8,v4,source1,data-videos\VIPL\VIPL\p6-10\p8\v4\source1\video.avi
160.73590416666667,122.544925,104.44345833333333,1.7643254171802691,0.5552201941509831,0.4550415569773697,90,p8,v4,source1,data-videos\VIPL\VIPL\p6-10\p8\v4\source1\video.avi
151.86996666666667,114.47284583333334,96.85757916666667,10.105084972304786,7.479996318173949,6.400924271521804,90,p8,v4,source1,data-videos\VIPL\VIPL\p6-10\p8\v4\source1\video.avi
113.78643333333333,85.77420000000001,73.07121666666667,4.283132204693423,3.5284675027779002,3.012372652005163,89,p8,v4,source1,data-videos\VIPL\VIPL\p6-10\p8\v4\source1\video.avi
136.1846375,102.9513875,88.8064875,12.329433979201966,8.933919260884329,8.048262598243038,89,p8,v4,source1,data-videos\VIPL\VIPL\p6-10\p8\v4\source1\video.avi
118.92085833333331,92.80399166666666,80.67911666666667,26.721874787488794,17.82920355131049,14.954175849064933,89,p8,v4,source1,data-videos\VIPL\VIPL\p6-10\p8\v4\source1\video.avi
133.3797375,103.10165833333335,89.10173333333333,21.912225222716238,14.716510439841786,12.137933173586775,89,p8,v4,source1,data-videos\VIPL\VIPL\p6-10\p8\v4\source1\video.avi
157.02300000000002,118.84812083333334,101.63702083333332,3.8218510154148833,2.915341379035986,2.60169171509269,89,p8,v4,source1,data-videos\VIPL\VIPL\p6-10\p8\v4\source1\video.avi
154.42010833333333,117.14788333333335,100.76285,2.125198568843367,1.5393626811660288,1.1067140579084656,89,p8,v4,source1,data-videos\VIPL\VIPL\p6-10\p8\v4\source1\video.avi
148.24121666666667,112.51733750000001,97.13517083333332,1.4199263902576087,1.0454586953820804,0.9303199470552537,89,p8,v4,source1,data-videos\VIPL\VIPL\p6-10\p8\v4\source1\video.avi
104.90079166666666,83.53102499999999,72.77165833333333,19.362536549733278,13.480227296134565,11.141506533181389,89,p8,v4,source1,data-videos\VIPL\VIPL\p6-10\p8\v4\source1\video.avi
113.42620000000001,89.41328750000001,77.7506875,23.18456262173263,15.955088649936307,13.212983529961006,88,p8,v4,source1,data-videos\VIPL\VIPL\p6-10\p8\v4\source1\video.avi
117.17918333333333,90.98351666666667,78.3689375,20.32083408434316,14.405503178740698,12.208521892137417,87,p8,v4,source1,data-videos\VIPL\VIPL\p6-10\p8\v4\source1\video.avi
108.14815416666666,84.4659,72.9725,0.918156821701015,0.45553047323819246,0.5162371862480252,86,p8,v4,source1,data-videos\VIPL\VIPL\p6-10\p8\v4\source1\video.avi
109.52656666666665,83.64186666666666,71.71741666666667,1.084845263255702,0.7085033153396133,0.6244156420984529,85,p8,v4,source1,data-videos\VIPL\VIPL\p6-10\p8\v4\source1\video.avi
119.69787916666668,91.687525,79.645575,0.4153251977199456,0.3580328649176091,0.616355276898892,89,p8,v5,source1,data-videos\VIPL\VIPL\p6-10\p8\v5\source1\video.avi
119.48381666666668,91.71906666666666,80.06863333333334,0.3627175279803374,0.2431808731142547,0.30568509594343135,89,p8,v5,source1,data-videos\VIPL\VIPL\p6-10\p8\v5\source1\video.avi
119.5432625,91.95228333333333,80.14688333333334,0.4751220363335327,0.3083333726351326,0.3160972456073541,90,p8,v5,source1,data-videos\VIPL\VIPL\p6-10\p8\v5\source1\video.avi
61.99001249999999,52.95791249999999,51.43732916666667,33.104064078642175,22.014931286079424,15.898657106164965,90,p8,v5,source1,data-videos\VIPL\VIPL\p6-10\p8\v5\source1\video.avi
153.52957083333334,117.73878333333332,101.63026666666667,13.10354052834126,9.850618900894487,8.354594788857622,91,p8,v5,source1,data-videos\VIPL\VIPL\p6-10\p8\v5\source1\video.avi
148.33352499999998,112.23277083333335,96.64865,10.610415553401669,8.51551686205549,7.481753287830684,91,p8,v5,source1,data-videos\VIPL\VIPL\p6-10\p8\v5\source1\video.avi
102.51408749999999,78.9504125,70.20540416666665,20.801068821536518,14.293296332300374,11.08471527479926,91,p8,v5,source1,data-videos\VIPL\VIPL\p6-10\p8\v5\source1\video.avi
70.3417875,57.6100375,54.2431375,2.607357010381075,1.323117021206196,0.8664362756269046,91,p8,v5,source1,data-videos\VIPL\VIPL\p6-10\p8\v5\source1\video.avi
77.2774875,62.647737500000005,58.204837500000004,5.628206823185215,3.5354169846935624,2.8631119913903227,91,p8,v5,source1,data-videos\VIPL\VIPL\p6-10\p8\v5\source1\video.avi
78.66042083333333,63.433370833333335,58.82712083333334,11.473176452762125,7.892691973712753,6.062021508456816,89,p8,v5,source1,data-videos\VIPL\VIPL\p6-10\p8\v5\source1\video.avi
49.69846666666666,43.976949999999995,44.11986666666666,22.386012643212798,15.915172904805686,12.26995114738871,89,p8,v5,source1,data-videos\VIPL\VIPL\p6-10\p8\v5\source1\video.avi
132.23857916666668,102.852525,89.59811250000001,22.602600409251863,15.82056336681152,11.9343897406269,88,p8,v5,source1,data-videos\VIPL\VIPL\p6-10\p8\v5\source1\video.avi
114.79590416666666,97.71231250000001,90.03534583333334,14.174337972265718,7.9771838507856945,7.924084534221358,88,p8,v5,source1,data-videos\VIPL\VIPL\p6-10\p8\v5\source1\video.avi
82.72377916666666,66.67191666666666,61.21565416666667,5.583369416124078,4.143934912394224,2.8270566454340913,88,p8,v5,source1,data-videos\VIPL\VIPL\p6-10\p8\v5\source1\video.avi
84.12837916666668,67.18856249999999,62.090520833333336,4.267403283894766,2.787955378380414,2.2280799307815213,88,p8,v5,source1,data-videos\VIPL\VIPL\p6-10\p8\v5\source1\video.avi
107.24096249999998,83.59897916666667,74.37502916666666,12.157465443352882,8.84595434237768,6.4494091477813775,88,p8,v5,source1,data-videos\VIPL\VIPL\p6-10\p8\v5\source1\video.avi
137.05168749999999,105.45630416666667,90.73810416666667,1.3222314770844998,1.0183533550098036,0.7907189124066142,88,p8,v5,source1,data-videos\VIPL\VIPL\p6-10\p8\v5\source1\video.avi
154.87435833333333,119.51314166666667,102.73701666666666,8.23519032094086,6.500952259017735,5.840873974976904,89,p8,v5,source1,data-videos\VIPL\VIPL\p6-10\p8\v5\source1\video.avi
153.94150416666665,118.19022083333333,102.44138333333335,1.324732870111097,1.0212140005894939,0.8847965227870831,88,p8,v5,source1,data-videos\VIPL\VIPL\p6-10\p8\v5\source1\video.avi
134.20032916666665,149.50515,166.58065416666665,0.16808459520679742,0.20727802735697556,0.5528283821127892,98,p8,v6,source1,data-videos\VIPL\VIPL\p6-10\p8\v6\source1\video.avi
134.35352083333333,148.6802,164.77599583333333,0.16903886798274714,0.7035326583176102,1.3122026330065988,97,p8,v6,source1,data-videos\VIPL\VIPL\p6-10\p8\v6\source1\video.avi
134.29486666666668,146.50551249999998,161.61765416666665,0.3468965753049943,0.23692715257015207,0.6436037698803212,97,p8,v6,source1,data-videos\VIPL\VIPL\p6-10\p8\v6\source1\video.avi
133.5899875,146.06743333333333,161.54514583333332,0.22998178015092524,0.2806347203216326,0.4147957527423079,94,p8,v6,source1,data-videos\VIPL\VIPL\p6-10\p8\v6\source1\video.avi
133.55657499999998,146.3374,161.98909583333332,0.1384682553622117,0.23590771147491682,0.2855816276940628,94,p8,v6,source1,data-videos\VIPL\VIPL\p6-10\p8\v6\source1\video.avi
134.62335416666667,146.86925416666665,161.91198333333332,0.40782010688946346,0.3560867494863043,0.7053248281918667,92,p8,v6,source1,data-videos\VIPL\VIPL\p6-10\p8\v6\source1\video.avi
133.73805833333336,146.432975,161.64798333333334,0.2526136757316749,0.19864779666046134,0.3268252815385863,91,p8,v6,source1,data-videos\VIPL\VIPL\p6-10\p8\v6\source1\video.avi
133.342875,146.15098333333333,161.39209583333334,0.14167639672468074,0.21635308453428934,0.27554771264600386,88,p8,v6,source1,data-videos\VIPL\VIPL\p6-10\p8\v6\source1\video.avi
130.56277083333333,144.70360416666665,160.00098333333332,2.3925900048741333,1.4462175294059734,2.062189072539851,87,p8,v6,source1,data-videos\VIPL\VIPL\p6-10\p8\v6\source1\video.avi
125.87578333333333,136.56925416666667,149.4440125,0.493230847955599,1.1387161438740747,1.420586145751113,87,p8,v6,source1,data-videos\VIPL\VIPL\p6-10\p8\v6\source1\video.avi
127.44835,137.22995,149.7378,0.509290255118175,0.8323220614600229,1.1799796583845787,86,p8,v6,source1,data-videos\VIPL\VIPL\p6-10\p8\v6\source1\video.avi
128.0590458333333,138.55340416666667,151.58136249999998,0.19362506428877532,0.29926290194269983,0.3741417005404921,86,p8,v6,source1,data-videos\VIPL\VIPL\p6-10\p8\v6\source1\video.avi
125.40309583333332,136.02319583333332,148.91552916666666,2.7315322603195926,3.2663822186584426,3.4433052527039503,87,p8,v6,source1,data-videos\VIPL\VIPL\p6-10\p8\v6\source1\video.avi
119.45254583333333,128.87396666666666,140.7697875,0.38892360816246635,0.21255010013981365,0.33241976956018116,87,p8,v6,source1,data-videos\VIPL\VIPL\p6-10\p8\v6\source1\video.avi
118.81040000000002,128.92090833333333,141.46877083333334,0.2505749182435826,0.7279054768744961,0.6141984437448623,88,p8,v6,source1,data-videos\VIPL\VIPL\p6-10\p8\v6\source1\video.avi
127.24191666666667,134.90075416666667,147.10753333333335,6.550812359505075,5.009324550525747,4.500975910161504,87,p8,v6,source1,data-videos\VIPL\VIPL\p6-10\p8\v6\source1\video.avi
135.29966249999998,139.70663333333331,149.9693041666667,0.24070020159653494,0.14929572140739913,0.5611023374485962,86,p8,v6,source1,data-videos\VIPL\VIPL\p6-10\p8\v6\source1\video.avi
135.56545,140.52460416666668,150.87308333333334,0.30777307731192927,0.3176906484148969,0.4198390430255504,86,p8,v6,source1,data-videos\VIPL\VIPL\p6-10\p8\v6\source1\video.avi
131.7311791666667,137.3393125,147.738025,4.795416711443218,4.221371680973333,4.3051610919135666,85,p8,v6,source1,data-videos\VIPL\VIPL\p6-10\p8\v6\source1\video.avi
111.665475,117.38405,126.66857083333332,5.724833923861775,6.031735120193327,6.448489247835067,86,p8,v6,source1,data-videos\VIPL\VIPL\p6-10\p8\v6\source1\video.avi
104.51491666666666,109.64497916666667,118.94446666666668,0.35308499650501113,0.6484727597508534,0.8525286954074064,86,p8,v6,source1,data-videos\VIPL\VIPL\p6-10\p8\v6\source1\video.avi
104.29961666666667,108.76412083333335,116.52603749999999,0.49287055356294585,0.9613400938851523,1.1389398135345716,87,p8,v6,source1,data-videos\VIPL\VIPL\p6-10\p8\v6\source1\video.avi
106.07364166666666,110.39345416666667,118.94278750000001,0.5382440888680426,0.22600809597101654,0.4918359527420924,87,p8,v6,source1,data-videos\VIPL\VIPL\p6-10\p8\v6\source1\video.avi
107.22827083333334,111.41225,120.23957916666666,0.42789334060896467,0.5957311749543587,0.4415130702655113,88,p8,v6,source1,data-videos\VIPL\VIPL\p6-10\p8\v6\source1\video.avi
110.79321666666667,116.69107083333333,125.98642083333334,4.6594531520869555,5.3951462063715185,6.33954041945712,87,p8,v6,source1,data-videos\VIPL\VIPL\p6-10\p8\v6\source1\video.avi
125.01921250000001,138.58773333333335,153.56465833333334,0.6845624464758493,2.180728411109652,2.896022112329973,86,p8,v6,source1,data-videos\VIPL\VIPL\p6-10\p8\v6\source1\video.avi
125.67332083333335,140.58847916666667,156.15222083333336,0.21527189751825643,0.5607845501009675,0.794308342403942,86,p8,v6,source1,data-videos\VIPL\VIPL\p6-10\p8\v6\source1\video.avi
127.05299583333336,143.59095833333333,160.33157083333333,0.6217785417096311,1.2822035628411326,1.8875673667889725,85,p8,v6,source1,data-videos\VIPL\VIPL\p6-10\p8\v6\source1\video.avi
62.511520833333336,53.5313875,47.23065416666666,2.526145132245308,1.99424552939897,1.8463032893836502,120,p8,v7,source1,data-videos\VIPL\VIPL\p6-10\p8\v7\source1\video.avi
68.87623333333335,57.74923333333333,50.46735,3.0695133971660633,2.107092508277105,1.740179199614462,119,p8,v7,source1,data-videos\VIPL\VIPL\p6-10\p8\v7\source1\video.avi
76.31087916666667,63.59172916666667,55.44164583333333,4.661146174192299,3.4605245737490193,2.9092604800530695,118,p8,v7,source1,data-videos\VIPL\VIPL\p6-10\p8\v7\source1\video.avi
93.085525,76.00234166666667,65.66132499999999,7.250104646783078,5.35499645913619,4.367529677711925,115,p8,v7,source1,data-videos\VIPL\VIPL\p6-10\p8\v7\source1\video.avi
103.55964583333335,83.63661666666667,72.15738333333334,4.938925044617925,3.918142128793137,2.9099736064154818,115,p8,v7,source1,data-videos\VIPL\VIPL\p6-10\p8\v7\source1\video.avi
114.03800833333332,92.201425,79.49189166666666,1.374343375514084,0.6487753264698913,0.40916493304113494,115,p8,v7,source1,data-videos\VIPL\VIPL\p6-10\p8\v7\source1\video.avi
109.80719166666668,88.78105833333335,76.84839166666667,3.268741407397884,2.180826862547717,1.3409245246465626,113,p8,v7,source1,data-videos\VIPL\VIPL\p6-10\p8\v7\source1\video.avi
104.75385833333334,85.11054166666666,73.94010833333334,1.8414702352068522,1.1983105635006406,0.9035930988359143,111,p8,v7,source1,data-videos\VIPL\VIPL\p6-10\p8\v7\source1\video.avi
71.09469583333333,60.083445833333336,52.96952916666666,15.308683824181296,11.374548099308043,9.530510744424108,111,p8,v7,source1,data-videos\VIPL\VIPL\p6-10\p8\v7\source1\video.avi
74.42178750000001,62.41550416666667,54.602104166666656,10.18431515740831,7.218715001819923,5.826020395842926,111,p8,v7,source1,data-videos\VIPL\VIPL\p6-10\p8\v7\source1\video.avi
106.10499999999998,85.9912,74.29068333333333,4.85748919490778,3.6181330463961117,2.950851164147626,111,p8,v7,source1,data-videos\VIPL\VIPL\p6-10\p8\v7\source1\video.avi
108.176425,87.48229166666665,75.31182500000001,4.12809273094041,3.2044099559511126,2.7597998663286267,109,p8,v7,source1,data-videos\VIPL\VIPL\p6-10\p8\v7\source1\video.avi
97.98229583333334,79.97252916666666,69.22462916666666,1.4216261328238788,0.6477835122554453,0.5285902323634059,109,p8,v7,source1,data-videos\VIPL\VIPL\p6-10\p8\v7\source1\video.avi
92.0946625,75.26464583333333,64.81929583333334,2.1885222615909505,1.6734134518191164,1.438621679008244,108,p8,v7,source1,data-videos\VIPL\VIPL\p6-10\p8\v7\source1\video.avi
99.11130000000001,80.9482,69.8686,3.1703214971149927,2.6371771046292207,2.28261939417866,108,p8,v7,source1,data-videos\VIPL\VIPL\p6-10\p8\v7\source1\video.avi
101.14240833333334,82.38335833333332,70.95434166666668,0.41603019338211106,0.3439965192814864,0.31396115448854206,108,p8,v7,source1,data-videos\VIPL\VIPL\p6-10\p8\v7\source1\video.avi
102.51364583333333,83.4770125,71.92877916666666,0.48731187520445174,0.3473141111023745,0.39662192337812874,107,p8,v7,source1,data-videos\VIPL\VIPL\p6-10\p8\v7\source1\video.avi
103.84939166666665,84.53804166666667,73.007875,0.9028126212357128,0.6523477532312291,0.567644708208352,106,p8,v7,source1,data-videos\VIPL\VIPL\p6-10\p8\v7\source1\video.avi
103.55843333333333,84.45086666666666,73.00631666666668,8.116995573015986,5.923357174579201,5.05941348115899,107,p8,v7,source1,data-videos\VIPL\VIPL\p6-10\p8\v7\source1\video.avi
53.05046666666667,49.32106666666667,45.16830000000001,14.329446003447908,10.087076532583728,8.006747344672718,106,p8,v7,source1,data-videos\VIPL\VIPL\p6-10\p8\v7\source1\video.avi
101.84514166666666,83.877325,73.28372499999999,10.106344617543066,7.640391819363899,6.439168559601334,104,p8,v7,source1,data-videos\VIPL\VIPL\p6-10\p8\v7\source1\video.avi
126.85260416666667,102.04822083333335,88.12710416666668,5.393791774413356,4.129087579855635,3.5097860562419307,104,p8,v7,source1,data-videos\VIPL\VIPL\p6-10\p8\v7\source1\video.avi
132.57638749999998,105.97635416666667,91.04957083333333,1.7280210672282679,0.9888773907434689,0.90980684635455,104,p8,v7,source1,data-videos\VIPL\VIPL\p6-10\p8\v7\source1\video.avi
143.74162083333334,127.96793749999999,116.13622083333334,0.49403855587140133,0.20161903492243963,0.18807338836135756,101,p9,v1,source1,data-videos\VIPL\VIPL\p6-10\p9\v1\source1\video.avi
144.60675,128.18320416666666,116.11873333333332,0.15348003625155104,0.17165468273299975,0.17799948716374417,101,p9,v1,source1,data-videos\VIPL\VIPL\p6-10\p9\v1\source1\video.avi
144.52265833333334,128.37194166666666,116.54779583333331,0.1800640417516639,0.12274214262586737,0.2050077164028763,102,p9,v1,source1,data-videos\VIPL\VIPL\p6-10\p9\v1\source1\video.avi
144.45984583333333,128.82997916666665,117.18051249999999,0.20704615930592113,0.1944146306508641,0.30775590345452497,103,p9,v1,source1,data-videos\VIPL\VIPL\p6-10\p9\v1\source1\video.avi
144.71971666666667,128.97941666666665,117.22233333333332,0.22274391772154917,0.2347209243471676,0.29797985198247856,103,p9,v1,source1,data-videos\VIPL\VIPL\p6-10\p9\v1\source1\video.avi
144.87502083333334,128.94072916666667,117.22192916666667,0.17030486348832585,0.15460395190435589,0.19892437999987062,104,p9,v1,source1,data-videos\VIPL\VIPL\p6-10\p9\v1\source1\video.avi
145.03031666666666,128.67676666666665,116.63441666666665,0.16189921118811032,0.15945562905989968,0.1988686839907739,104,p9,v1,source1,data-videos\VIPL\VIPL\p6-10\p9\v1\source1\video.avi
146.68936666666667,130.12893333333332,118.10247916666667,1.794688339287246,1.6129318054163364,1.5721906356944368,102,p9,v1,source1,data-videos\VIPL\VIPL\p6-10\p9\v1\source1\video.avi
147.12373333333332,130.61507916666665,118.53877916666666,1.4179977777270634,1.074487900586575,1.0398436211891562,101,p9,v1,source1,data-videos\VIPL\VIPL\p6-10\p9\v1\source1\video.avi
145.55346666666665,129.71350833333335,117.74709166666666,0.11384139917739236,0.10227343150431141,0.16072539804395677,100,p9,v1,source1,data-videos\VIPL\VIPL\p6-10\p9\v1\source1\video.avi
145.33026666666666,129.58966666666666,117.55333333333333,0.34791294668669964,0.2640859892577104,0.3026835445229875,99,p9,v1,source1,data-videos\VIPL\VIPL\p6-10\p9\v1\source1\video.avi
145.51931666666667,129.53176666666667,117.46333333333332,0.280039605457868,0.19093406748142167,0.22722942166331422,97,p9,v1,source1,data-videos\VIPL\VIPL\p6-10\p9\v1\source1\video.avi
145.44261666666665,129.67845,117.75776666666667,0.7912935174973528,0.2929282245230439,0.6284261191438667,96,p9,v1,source1,data-videos\VIPL\VIPL\p6-10\p9\v1\source1\video.avi
145.92602083333335,129.4054875,117.25775416666667,0.15246189471562263,0.11962529649910845,0.178314813777488,97,p9,v1,source1,data-videos\VIPL\VIPL\p6-10\p9\v1\source1\video.avi
145.8751,129.16761666666667,116.95053333333334,0.13609123803333115,0.16955533736970685,0.2754497936456764,98,p9,v1,source1,data-videos\VIPL\VIPL\p6-10\p9\v1\source1\video.avi
147.64134583333333,127.34207083333332,113.50798749999998,1.0753187830469713,1.2871642467147826,2.5121959582689914,97,p9,v1,source1,data-videos\VIPL\VIPL\p6-10\p9\v1\source1\video.avi
148.17769166666668,127.80311250000001,114.01112916666666,0.8750084055548649,1.2280971591133254,2.352933641451961,98,p9,v1,source1,data-videos\VIPL\VIPL\p6-10\p9\v1\source1\video.avi
146.98575416666665,127.02787916666666,113.31587916666666,0.5979747476726465,0.7910394115278179,1.3999820717726064,98,p9,v1,source1,data-videos\VIPL\VIPL\p6-10\p9\v1\source1\video.avi
145.54604583333332,128.1544125,115.82868333333334,0.86590261517005,0.3052463498507767,0.491775103578862,99,p9,v1,source1,data-videos\VIPL\VIPL\p6-10\p9\v1\source1\video.avi
144.3810625,128.14947916666668,116.1969,0.3416577120269606,0.14428446235263337,0.31816940079801176,99,p9,v1,source1,data-videos\VIPL\VIPL\p6-10\p9\v1\source1\video.avi
144.772325,128.16714166666668,116.05489583333333,0.2628273747607181,0.1874013608134262,0.26541308213173503,99,p9,v1,source1,data-videos\VIPL\VIPL\p6-10\p9\v1\source1\video.avi
144.89694999999998,128.37038333333334,116.13571666666667,0.1385081836731846,0.2508923288872049,0.33008923498889736,99,p9,v1,source1,data-videos\VIPL\VIPL\p6-10\p9\v1\source1\video.avi
144.83899166666666,128.778925,116.81750833333334,0.13311395598425527,0.1334882391823335,0.11910911314141134,99,p9,v1,source1,data-videos\VIPL\VIPL\p6-10\p9\v1\source1\video.avi
144.9437166666667,128.97596666666666,117.03683333333335,0.17199223708660805,0.10118257580153477,0.19944125292440196,99,p9,v1,source1,data-videos\VIPL\VIPL\p6-10\p9\v1\source1\video.avi
145.11842083333332,128.79877083333335,116.6404375,0.1565083743765812,0.12181150055174113,0.1338131860094513,99,p9,v1,source1,data-videos\VIPL\VIPL\p6-10\p9\v1\source1\video.avi
144.81754166666667,128.64112500000002,116.6020125,0.1100700140188545,0.14365918024770885,0.21830554991799858,101,p9,v1,source1,data-videos\VIPL\VIPL\p6-10\p9\v1\source1\video.avi
146.722275,126.2244125,111.90978333333332,1.2710405793034774,1.5530770920623647,3.090087689211082,102,p9,v1,source1,data-videos\VIPL\VIPL\p6-10\p9\v1\source1\video.avi
147.98690833333333,124.84540000000001,109.36553333333333,0.49907456172372067,0.5010846669697866,0.9724247870265401,103,p9,v1,source1,data-videos\VIPL\VIPL\p6-10\p9\v1\source1\video.avi
146.14004583333335,127.15067916666666,113.08141666666664,0.3934018479345672,1.045968689414798,1.5502342368932862,103,p9,v1,source1,data-videos\VIPL\VIPL\p6-10\p9\v1\source1\video.avi
146.010225,129.28399166666668,117.03523333333332,0.12461400012750602,0.3594331700747719,0.8400280223707147,103,p9,v1,source1,data-videos\VIPL\VIPL\p6-10\p9\v1\source1\video.avi
145.817525,129.49269166666667,117.75049166666669,0.09639484177503266,0.18699976483571135,0.29577090673498085,102,p9,v1,source1,data-videos\VIPL\VIPL\p6-10\p9\v1\source1\video.avi
103.39865416666667,82.01107083333335,68.53347083333333,0.49702044073352103,0.3597617948900356,0.34340802651308416,104,p9,v2,source1,data-videos\VIPL\VIPL\p6-10\p9\v2\source1\video.avi
104.51519583333335,83.00457916666666,69.27464583333334,0.616132327845786,0.49792366494384493,0.35902430956846243,101,p9,v2,source1,data-videos\VIPL\VIPL\p6-10\p9\v2\source1\video.avi
107.92365416666665,85.68830416666665,71.50110416666668,1.2711820043953617,1.0014910231992153,0.8393170850583428,100,p9,v2,source1,data-videos\VIPL\VIPL\p6-10\p9\v2\source1\video.avi
111.93096666666666,88.79856666666666,74.07171666666667,0.596705478777243,0.4720024195883117,0.42104349447071493,97,p9,v2,source1,data-videos\VIPL\VIPL\p6-10\p9\v2\source1\video.avi
111.51477916666667,88.97017916666668,74.49844583333332,0.3276150101809032,0.34399309651705084,0.4828101001558479,96,p9,v2,source1,data-videos\VIPL\VIPL\p6-10\p9\v2\source1\video.avi
113.47052916666668,90.76532916666667,76.09029583333334,0.5315546846214936,0.3848898411576859,0.38174971653740397,94,p9,v2,source1,data-videos\VIPL\VIPL\p6-10\p9\v2\source1\video.avi
107.45934583333333,85.84472916666665,71.5956625,4.525008600601862,3.4035602941941963,2.7802509332130327,93,p9,v2,source1,data-videos\VIPL\VIPL\p6-10\p9\v2\source1\video.avi
116.16667500000001,92.34784166666668,76.60400833333333,5.783472974412856,4.488422007332063,3.731456780879213,93,p9,v2,source1,data-videos\VIPL\VIPL\p6-10\p9\v2\source1\video.avi
96.90933750000002,78.32855416666668,65.66882083333331,14.548718816996969,11.106666168432987,9.14132231427176,93,p9,v2,source1,data-videos\VIPL\VIPL\p6-10\p9\v2\source1\video.avi
114.73254583333332,91.1669625,76.14219583333333,8.196563984392672,5.8499669012210616,4.709644128463512,94,p9,v2,source1,data-videos\VIPL\VIPL\p6-10\p9\v2\source1\video.avi
67.8575875,58.3042375,50.08170416666667,25.598203847709488,17.55823663828777,13.70259754441856,94,p9,v2,source1,data-videos\VIPL\VIPL\p6-10\p9\v2\source1\video.avi
121.7692,98.91354583333333,84.7726,38.80726307489798,29.37245314123883,25.11888435206529,94,p9,v2,source1,data-videos\VIPL\VIPL\p6-10\p9\v2\source1\video.avi
89.04884166666665,73.66814166666667,62.90667500000001,41.46843539498346,29.872562245143953,24.320624331198932,95,p9,v2,source1,data-videos\VIPL\VIPL\p6-10\p9\v2\source1\video.avi
112.84330416666666,92.0055875,78.0328375,15.03364843611818,10.726312749313083,8.777428077546011,94,p9,v2,source1,data-videos\VIPL\VIPL\p6-10\p9\v2\source1\video.avi
96.97448333333334,79.81621666666666,67.77505000000001,10.803838526860684,7.925255523380181,6.359834698380861,94,p9,v2,source1,data-videos\VIPL\VIPL\p6-10\p9\v2\source1\video.avi
104.6429,85.07228333333335,71.96111666666667,9.858063192211336,6.887242612711866,5.485240970926614,93,p9,v2,source1,data-videos\VIPL\VIPL\p6-10\p9\v2\source1\video.avi
71.351425,61.665441666666666,53.638441666666665,26.28946321737227,18.112407400252135,14.295104371245133,93,p9,v2,source1,data-videos\VIPL\VIPL\p6-10\p9\v2\source1\video.avi
126.33722083333332,103.18769583333332,88.84515833333334,38.270445930058365,29.668096142516998,25.74161476180628,93,p9,v2,source1,data-videos\VIPL\VIPL\p6-10\p9\v2\source1\video.avi
93.63277916666668,78.03775,67.7293875,45.46347442175994,34.2153913105343,29.84015279478726,92,p9,v2,source1,data-videos\VIPL\VIPL\p6-10\p9\v2\source1\video.avi
104.09340416666666,87.03379166666666,76.2761625,46.98858539613784,37.00299777850916,33.593798321899094,93,p9,v2,source1,data-videos\VIPL\VIPL\p6-10\p9\v2\source1\video.avi
70.14322916666666,59.02367916666666,50.692595833333336,14.266244160897198,9.952257363575026,7.731447414276464,94,p9,v2,source1,data-videos\VIPL\VIPL\p6-10\p9\v2\source1\video.avi
104.30623333333332,84.29696666666666,71.0872,7.499122647623336,5.252551659861509,4.310288048097186,95,p9,v2,source1,data-videos\VIPL\VIPL\p6-10\p9\v2\source1\video.avi
100.69064999999999,83.70985,71.60363333333333,6.966664028064693,4.8786991734548915,3.8428475262040758,96,p9,v2,source1,data-videos\VIPL\VIPL\p6-10\p9\v2\source1\video.avi
138.84185416666668,111.42863750000002,94.408975,26.58368064015222,19.79537838243437,16.952198269490747,96,p9,v2,source1,data-videos\VIPL\VIPL\p6-10\p9\v2\source1\video.avi
95.151025,78.47690833333333,67.257775,40.93215550186962,30.39629526820456,25.33825249336328,98,p9,v2,source1,data-videos\VIPL\VIPL\p6-10\p9\v2\source1\video.avi
68.73030833333333,59.53119166666666,51.746725,33.22732111906629,23.962701455803458,19.480904877282857,99,p9,v2,source1,data-videos\VIPL\VIPL\p6-10\p9\v2\source1\video.avi
106.392125,87.16525833333333,74.57497500000001,41.6578001970661,30.41374056220884,25.18605119122515,99,p9,v2,source1,data-videos\VIPL\VIPL\p6-10\p9\v2\source1\video.avi
92.97205833333332,77.09535833333334,66.224125,38.00385568062789,27.159351681344265,22.091674862216355,99,p9,v2,source1,data-videos\VIPL\VIPL\p6-10\p9\v2\source1\video.avi
61.4337875,54.568087500000004,47.809437499999994,24.00225493875234,16.6616605865832,13.19257366328159,99,p9,v2,source1,data-videos\VIPL\VIPL\p6-10\p9\v2\source1\video.avi
148.84161666666668,122.442925,107.90455416666667,20.590262066667886,17.194343638675516,17.31777110676643,99,p9,v2,source1,data-videos\VIPL\VIPL\p6-10\p9\v2\source1\video.avi
54.85643333333333,48.67613333333334,42.58103333333334,6.83565868725254,4.947082887321352,3.8811082763890465,99,p9,v2,source1,data-videos\VIPL\VIPL\p6-10\p9\v2\source1\video.avi
60.729258333333334,52.43304166666667,45.515975000000005,9.61697993673567,6.73250438836914,5.15588745643633,99,p9,v2,source1,data-videos\VIPL\VIPL\p6-10\p9\v2\source1\video.avi
51.948341666666664,47.225875,42.06399166666666,3.2929655701902396,2.800745857071429,2.5096158551077763,98,p9,v2,source1,data-videos\VIPL\VIPL\p6-10\p9\v2\source1\video.avi
134.06563333333332,109.4916,93.56393333333334,1.3555157724936913,1.0441604120256953,1.0581924407037222,93,p9,v3,source1,data-videos\VIPL\VIPL\p6-10\p9\v3\source1\video.avi
134.1435375,110.5864875,95.05430833333334,0.7374747356077502,0.31121800164613145,0.5050714263638033,92,p9,v3,source1,data-videos\VIPL\VIPL\p6-10\p9\v3\source1\video.avi
132.08659583333332,109.35503333333335,94.11585833333335,0.6699069222505223,0.10587186683675674,0.27771651382049833,91,p9,v3,source1,data-videos\VIPL\VIPL\p6-10\p9\v3\source1\video.avi
132.74695000000003,109.71750833333336,94.26095416666666,0.9886671620903739,0.5925035336861342,0.6740960978980568,93,p9,v3,source1,data-videos\VIPL\VIPL\p6-10\p9\v3\source1\video.avi
133.768425,110.355075,95.18493749999999,0.19259525583317255,0.17306925125268968,0.21350667599502351,93,p9,v3,source1,data-videos\VIPL\VIPL\p6-10\p9\v3\source1\video.avi
132.95825833333333,109.61146666666666,94.33166250000001,0.6898922976782923,0.6631796454340684,0.6969833164948938,93,p9,v3,source1,data-videos\VIPL\VIPL\p6-10\p9\v3\source1\video.avi
132.58689583333333,109.01597916666665,93.5821875,0.5050535183756366,0.46941494688719837,0.5614482621236503,94,p9,v3,source1,data-videos\VIPL\VIPL\p6-10\p9\v3\source1\video.avi
134.70758750000002,109.07969583333333,92.87682083333335,1.0022092157938969,0.580271598824876,1.0890893192218218,95,p9,v3,source1,data-videos\VIPL\VIPL\p6-10\p9\v3\source1\video.avi
134.218425,109.79380833333333,93.65812083333334,0.6212494168620093,0.3569752888370256,0.644025352033986,96,p9,v3,source1,data-videos\VIPL\VIPL\p6-10\p9\v3\source1\video.avi
133.78866250000002,110.14741666666667,94.24250000000002,0.3904826403702929,0.3453669772261582,0.4041304408163846,96,p9,v3,source1,data-videos\VIPL\VIPL\p6-10\p9\v3\source1\video.avi
133.69545,110.28304166666669,94.63120833333335,0.25911706338008955,0.22317668830186732,0.3239386649977977,96,p9,v3,source1,data-videos\VIPL\VIPL\p6-10\p9\v3\source1\video.avi
133.2751625,110.27570833333333,95.03100416666665,0.21922227011706058,0.29076781437256766,0.3755026629676976,97,p9,v3,source1,data-videos\VIPL\VIPL\p6-10\p9\v3\source1\video.avi
133.3995625,109.8971875,94.53127916666666,0.15386548564772584,0.11789672976333582,0.17721875341650484,97,p9,v3,source1,data-videos\VIPL\VIPL\p6-10\p9\v3\source1\video.avi
133.25762916666667,109.94225833333334,94.77384583333333,0.5241488100429559,0.3366455293488318,0.47532348261473545,98,p9,v3,source1,data-videos\VIPL\VIPL\p6-10\p9\v3\source1\video.avi
133.12155833333333,109.39847916666668,94.14192916666667,0.7509851998421437,0.44028364437030826,0.7482643656275872,98,p9,v3,source1,data-videos\VIPL\VIPL\p6-10\p9\v3\source1\video.avi
131.066975,108.92149166666667,94.24840833333332,0.3399843318489507,0.37686098499829973,0.46452678796395624,97,p9,v3,source1,data-videos\VIPL\VIPL\p6-10\p9\v3\source1\video.avi
131.67180833333333,109.49959166666666,94.83118750000001,0.4709942266395395,0.5122940117202662,0.5282380919347193,97,p9,v3,source1,data-videos\VIPL\VIPL\p6-10\p9\v3\source1\video.avi
132.01192500000002,109.81151666666666,95.257675,0.3687709694131906,0.29019769524651395,0.3901904057102538,97,p9,v3,source1,data-videos\VIPL\VIPL\p6-10\p9\v3\source1\video.avi
133.45453333333333,111.10123333333333,96.64708750000001,0.3943258532944403,0.19177449113839176,0.25130450535102394,96,p9,v3,source1,data-videos\VIPL\VIPL\p6-10\p9\v3\source1\video.avi
133.86236666666665,111.27793333333334,96.85335833333333,0.4035102632764651,0.275482652017327,0.2797828263681596,96,p9,v3,source1,data-videos\VIPL\VIPL\p6-10\p9\v3\source1\video.avi
133.3458541666667,110.87422916666667,96.64149999999998,0.32495128908465054,0.3816276021674947,0.5122184753531014,96,p9,v3,source1,data-videos\VIPL\VIPL\p6-10\p9\v3\source1\video.avi
133.43005416666668,111.388225,97.34083749999999,0.3931711531378153,0.4139333750234858,0.5192814567452249,96,p9,v3,source1,data-videos\VIPL\VIPL\p6-10\p9\v3\source1\video.avi
132.90022916666666,111.06828333333334,97.07216666666667,0.27670856861406534,0.4918300585850536,0.48845323737709734,96,p9,v3,source1,data-videos\VIPL\VIPL\p6-10\p9\v3\source1\video.avi
133.46105833333334,111.47152083333334,97.42405833333332,0.21541549137332544,0.17258383379534853,0.30108924145416494,96,p9,v3,source1,data-videos\VIPL\VIPL\p6-10\p9\v3\source1\video.avi
133.34795416666665,110.85942083333333,96.78855,0.3740920140356879,0.40738358626013166,0.5797894080983673,96,p9,v3,source1,data-videos\VIPL\VIPL\p6-10\p9\v3\source1\video.avi
133.83504166666663,110.91964166666666,96.76087916666667,0.3298463131183628,0.23801051505716816,0.33390810222150324,96,p9,v3,source1,data-videos\VIPL\VIPL\p6-10\p9\v3\source1\video.avi
134.23445,111.45850833333333,97.19947916666668,0.6384690201470247,0.6718924970073136,0.8786330884770203,96,p9,v3,source1,data-videos\VIPL\VIPL\p6-10\p9\v3\source1\video.avi
134.1126375,111.051925,96.5357375,1.3304680406617149,0.38037400856116416,0.3449325378385204,96,p9,v3,source1,data-videos\VIPL\VIPL\p6-10\p9\v3\source1\video.avi
132.88684583333333,111.30796249999999,97.20337083333334,0.32641256395813134,0.17427081485355508,0.1819227048929179,96,p9,v3,source1,data-videos\VIPL\VIPL\p6-10\p9\v3\source1\video.avi
132.07263333333333,110.69104999999999,96.5383375,0.27961437129007777,0.5297044781120359,0.6888147488470076,95,p9,v3,source1,data-videos\VIPL\VIPL\p6-10\p9\v3\source1\video.avi
161.97436249999998,130.66790833333332,113.47320833333333,0.11551633151733168,0.19666707918389106,0.24789037150466847,93,p9,v4,source1,data-videos\VIPL\VIPL\p6-10\p9\v4\source1\video.avi
161.81313749999998,130.42805416666667,113.196225,0.18366297618040928,0.20868748381917085,0.29048364136862864,93,p9,v4,source1,data-videos\VIPL\VIPL\p6-10\p9\v4\source1\video.avi
161.26769583333333,130.96180833333335,114.09860416666666,0.3666714930080079,0.1844694764535723,0.3142256893606366,92,p9,v4,source1,data-videos\VIPL\VIPL\p6-10\p9\v4\source1\video.avi
159.05832083333334,129.78155416666667,113.36233750000001,1.7455840843158115,1.3084286612431335,1.229188779137258,91,p9,v4,source1,data-videos\VIPL\VIPL\p6-10\p9\v4\source1\video.avi
156.9558625,127.25032500000002,110.72057083333333,5.755860079500863,3.9488577453908524,3.5588825054508564,91,p9,v4,source1,data-videos\VIPL\VIPL\p6-10\p9\v4\source1\video.avi
161.7932625,128.96395833333332,111.27710833333335,0.2583512993080661,0.3188644279901726,0.33424463486718914,92,p9,v4,source1,data-videos\VIPL\VIPL\p6-10\p9\v4\source1\video.avi
160.0380875,126.95468749999998,109.4079625,0.9820114980798927,0.9144202711508911,0.7975537877411644,92,p9,v4,source1,data-videos\VIPL\VIPL\p6-10\p9\v4\source1\video.avi
158.96744166666667,126.10552083333334,108.83664166666665,0.14762015786113025,0.15022473904860748,0.2804548935063648,92,p9,v4,source1,data-videos\VIPL\VIPL\p6-10\p9\v4\source1\video.avi
158.24434999999997,127.26145000000001,110.83633333333333,0.26020645395638176,0.31629346830163435,0.47011865375786926,94,p9,v4,source1,data-videos\VIPL\VIPL\p6-10\p9\v4\source1\video.avi
159.112075,128.0620708333333,110.88490416666666,0.3015819544962499,0.327889670002643,0.41262567837131825,95,p9,v4,source1,data-videos\VIPL\VIPL\p6-10\p9\v4\source1\video.avi
159.29112083333334,128.77014166666666,111.77704583333335,0.1932585260265221,0.24668765197895465,0.2729621906688206,96,p9,v4,source1,data-videos\VIPL\VIPL\p6-10\p9\v4\source1\video.avi
159.26492083333335,128.88458333333335,111.961,0.1924408172010295,0.154115523611525,0.19376177607581982,96,p9,v4,source1,data-videos\VIPL\VIPL\p6-10\p9\v4\source1\video.avi
158.9164125,128.2951,111.00223333333334,0.18711132186704593,0.4080838432965964,0.5898266496454239,96,p9,v4,source1,data-videos\VIPL\VIPL\p6-10\p9\v4\source1\video.avi
159.05694166666666,128.70626666666666,111.48869166666667,0.2847849332903094,0.14510901278100535,0.13331576082119345,95,p9,v4,source1,data-videos\VIPL\VIPL\p6-10\p9\v4\source1\video.avi
159.21503333333334,128.90640416666668,111.80832083333334,0.23239882939201165,0.22368323825532477,0.2405469233359431,93,p9,v4,source1,data-videos\VIPL\VIPL\p6-10\p9\v4\source1\video.avi
158.5788125,128.17881666666668,111.22813749999999,0.15743511670596866,0.2531427820914508,0.26492918721068015,92,p9,v4,source1,data-videos\VIPL\VIPL\p6-10\p9\v4\source1\video.avi
158.508025,127.98533749999999,111.186,0.19222127747439516,0.1707969429737174,0.23939975212903697,92,p9,v4,source1,data-videos\VIPL\VIPL\p6-10\p9\v4\source1\video.avi
158.9936291666667,128.29220416666666,111.440525,0.18661686156623858,0.1545860474829094,0.28622099028159725,91,p9,v4,source1,data-videos\VIPL\VIPL\p6-10\p9\v4\source1\video.avi
158.4968333333333,128.06889999999999,111.31063749999997,0.1369684707484408,0.18262054637508157,0.20736605306866868,91,p9,v4,source1,data-videos\VIPL\VIPL\p6-10\p9\v4\source1\video.avi
158.21992083333333,127.98216666666667,111.4587125,0.22938278120316644,0.1210966455747017,0.14357603870036492,93,p9,v4,source1,data-videos\VIPL\VIPL\p6-10\p9\v4\source1\video.avi
158.64731666666665,128.35069166666668,111.58664999999999,0.3043257678641629,0.2545773183277404,0.24062615201744478,94,p9,v4,source1,data-videos\VIPL\VIPL\p6-10\p9\v4\source1\video.avi
159.15967916666668,128.645125,111.80674583333334,0.3364233210885088,0.42741716424550197,0.4557877407881642,94,p9,v4,source1,data-videos\VIPL\VIPL\p6-10\p9\v4\source1\video.avi
162.33880833333333,131.240875,113.99688333333333,0.9636396117245895,0.8324352567000178,0.7607664799945739,94,p9,v4,source1,data-videos\VIPL\VIPL\p6-10\p9\v4\source1\video.avi
163.0784875,131.92699166666668,114.58635833333334,0.46652710070738695,0.24978881065923592,0.24715750622213503,94,p9,v4,source1,data-videos\VIPL\VIPL\p6-10\p9\v4\source1\video.avi
162.10180833333334,131.57067083333334,114.62705833333331,0.1489391709119667,0.14814691610020111,0.1660996638567747,94,p9,v4,source1,data-videos\VIPL\VIPL\p6-10\p9\v4\source1\video.avi
161.8499208333333,131.73344583333332,114.91355,0.3298698426505205,0.15468861228556538,0.27335442614244787,94,p9,v4,source1,data-videos\VIPL\VIPL\p6-10\p9\v4\source1\video.avi
161.54104999999998,131.75851666666668,115.11686666666667,0.12606387517841924,0.15687468813603253,0.1539011619153304,92,p9,v4,source1,data-videos\VIPL\VIPL\p6-10\p9\v4\source1\video.avi
161.49207083333332,131.69741249999998,115.26395833333332,0.21806984601969961,0.14397838946156014,0.2330126460713387,91,p9,v4,source1,data-videos\VIPL\VIPL\p6-10\p9\v4\source1\video.avi
162.1259083333333,131.83737083333332,115.23528333333334,0.16996234907816307,0.16517700491106038,0.20703640799654277,92,p9,v4,source1,data-videos\VIPL\VIPL\p6-10\p9\v4\source1\video.avi
128.9418375,104.18685833333335,95.31250833333334,0.36800126419808704,0.15803975436051834,0.2893996838524329,100,p9,v5,source1,data-videos\VIPL\VIPL\p6-10\p9\v5\source1\video.avi
128.75493333333333,103.92145000000001,95.1532125,0.47545433761064415,0.1483308283964525,0.2813984587807226,100,p9,v5,source1,data-videos\VIPL\VIPL\p6-10\p9\v5\source1\video.avi
128.3537875,104.11895416666667,95.56775416666667,0.4709356119367874,0.3540129966619233,0.5625714847169803,100,p9,v5,source1,data-videos\VIPL\VIPL\p6-10\p9\v5\source1\video.avi
127.85675416666668,103.96387916666667,95.5265625,0.19925203818837608,0.19657548707317363,0.24333135166145212,99,p9,v5,source1,data-videos\VIPL\VIPL\p6-10\p9\v5\source1\video.avi
127.09002083333333,103.27048333333335,94.96613333333333,0.2517818117520944,0.3071562383493851,0.5461025364457669,98,p9,v5,source1,data-videos\VIPL\VIPL\p6-10\p9\v5\source1\video.avi
127.16543333333333,103.29026250000001,95.08125416666668,0.37961048393569063,0.21291123223658182,0.38990650085593886,98,p9,v5,source1,data-videos\VIPL\VIPL\p6-10\p9\v5\source1\video.avi
126.91825416666667,103.37806666666667,95.62912499999999,0.1808558172466249,0.15445308439062494,0.21219899637486514,97,p9,v5,source1,data-videos\VIPL\VIPL\p6-10\p9\v5\source1\video.avi
126.73509166666666,103.54396249999999,95.79422916666667,0.4122980653874363,0.1613426802991418,0.34008511240652023,97,p9,v5,source1,data-videos\VIPL\VIPL\p6-10\p9\v5\source1\video.avi
126.07130416666665,104.34252083333332,97.1737,0.13807878538074664,0.21729043424067201,0.37999489342329074,96,p9,v5,source1,data-videos\VIPL\VIPL\p6-10\p9\v5\source1\video.avi
125.91560416666667,103.78005833333333,96.19188749999999,0.2432685505231005,0.38913534857924253,0.3338899848440596,96,p9,v5,source1,data-videos\VIPL\VIPL\p6-10\p9\v5\source1\video.avi
129.95062083333332,106.78417083333333,98.60800416666667,1.5076247732820929,1.4616451025466521,1.2565268319497682,96,p9,v5,source1,data-videos\VIPL\VIPL\p6-10\p9\v5\source1\video.avi
132.49157916666664,109.59995416666666,101.55072083333333,0.2899733744362482,0.4429042038070982,0.7121294369705556,94,p9,v5,source1,data-videos\VIPL\VIPL\p6-10\p9\v5\source1\video.avi
133.5517416666667,110.1676875,102.21045416666668,0.2925451005709298,0.24674024803424394,0.37614325137579746,93,p9,v5,source1,data-videos\VIPL\VIPL\p6-10\p9\v5\source1\video.avi
131.5742,109.80325833333335,102.29370833333333,0.5052186173523743,0.18484109288265896,0.3329576854684391,93,p9,v5,source1,data-videos\VIPL\VIPL\p6-10\p9\v5\source1\video.avi
132.9372375,110.33012500000001,102.789725,0.7810735162440099,0.2328596959991855,0.3302558691862185,93,p9,v5,source1,data-videos\VIPL\VIPL\p6-10\p9\v5\source1\video.avi
130.36047916666666,109.32221249999999,102.24366249999999,1.2066644265057467,0.6622964580407583,0.35714504970358657,91,p9,v5,source1,data-videos\VIPL\VIPL\p6-10\p9\v5\source1\video.avi
129.1868125,109.20787500000002,102.28010833333333,0.5078104346111856,0.37419735629522105,0.39470690435717154,91,p9,v5,source1,data-videos\VIPL\VIPL\p6-10\p9\v5\source1\video.avi
129.21482916666665,108.12335833333333,100.77553749999998,0.8611118342246061,1.7772835683107793,1.9029344236544683,90,p9,v5,source1,data-videos\VIPL\VIPL\p6-10\p9\v5\source1\video.avi
126.56596249999998,104.991,98.11416666666666,0.8496163933611782,0.38294611217035385,0.4691414874460103,91,p9,v5,source1,data-videos\VIPL\VIPL\p6-10\p9\v5\source1\video.avi
126.38715,104.01464166666666,96.77965,0.4102543247876177,0.47876828736468235,0.7880935042389384,90,p9,v5,source1,data-videos\VIPL\VIPL\p6-10\p9\v5\source1\video.avi
126.35433333333333,104.03615833333333,96.70272916666664,0.16634095778283733,0.4447188526661155,0.7506243610645806,90,p9,v5,source1,data-videos\VIPL\VIPL\p6-10\p9\v5\source1\video.avi
121.3216,126.69680416666667,127.8776375,0.1347059293269349,0.1038756088697224,0.2014968976360273,114,p9,v6,source1,data-videos\VIPL\VIPL\p6-10\p9\v6\source1\video.avi
121.35351666666668,126.71039166666665,127.85235,0.11525252422518845,0.0875033594593184,0.16472126625167535,113,p9,v6,source1,data-videos\VIPL\VIPL\p6-10\p9\v6\source1\video.avi
121.42337083333332,126.69725833333332,127.89289583333333,0.12590631120555024,0.0842292347884961,0.17891696747374142,112,p9,v6,source1,data-videos\VIPL\VIPL\p6-10\p9\v6\source1\video.avi
121.3229875,126.62591666666665,127.88347916666667,0.14108698102687606,0.09434709852454326,0.15926488025717675,109,p9,v6,source1,data-videos\VIPL\VIPL\p6-10\p9\v6\source1\video.avi
121.30144166666668,126.97820833333333,128.35291666666666,0.13281007899754171,0.20881462530928244,0.3523954644544348,106,p9,v6,source1,data-videos\VIPL\VIPL\p6-10\p9\v6\source1\video.avi
121.43870000000001,127.0989,128.62102083333332,0.13542988755974283,0.09529533807240247,0.1735010281549743,104,p9,v6,source1,data-videos\VIPL\VIPL\p6-10\p9\v6\source1\video.avi
121.5602625,127.22470416666665,128.70191666666668,0.14522087499640735,0.12461339408791856,0.17589571859327416,103,p9,v6,source1,data-videos\VIPL\VIPL\p6-10\p9\v6\source1\video.avi
121.34074583333333,127.10265,128.5861416666667,0.126523200963083,0.07795680828723973,0.1751845417853872,102,p9,v6,source1,data-videos\VIPL\VIPL\p6-10\p9\v6\source1\video.avi
121.41197083333333,127.11771250000001,128.52464583333332,0.1161936090827147,0.13347871462126212,0.1443034244174785,101,p9,v6,source1,data-videos\VIPL\VIPL\p6-10\p9\v6\source1\video.avi
121.02600416666667,127.40474166666667,129.50965416666665,0.288953071449328,0.08146454643824314,0.6392868135393407,100,p9,v6,source1,data-videos\VIPL\VIPL\p6-10\p9\v6\source1\video.avi
120.837475,127.42392916666665,129.96913333333333,0.15464671117672696,0.122835925176183,0.2265267658026311,99,p9,v6,source1,data-videos\VIPL\VIPL\p6-10\p9\v6\source1\video.avi
120.90530833333332,127.6285,130.251675,0.12010407263656259,0.08415847732436331,0.21499360843212495,98,p9,v6,source1,data-videos\VIPL\VIPL\p6-10\p9\v6\source1\video.avi
120.85521666666665,127.53069166666666,130.16013333333333,0.15837123976067527,0.11960065887848101,0.2878831768993551,96,p9,v6,source1,data-videos\VIPL\VIPL\p6-10\p9\v6\source1\video.avi
121.07824583333333,127.74546249999999,130.33440000000002,0.16078321941618504,0.2261927818225216,0.2992120138565814,94,p9,v6,source1,data-videos\VIPL\VIPL\p6-10\p9\v6\source1\video.avi
121.1872125,128.06818333333334,130.811975,0.09937148089506267,0.0875669242081618,0.1718199216799673,93,p9,v6,source1,data-videos\VIPL\VIPL\p6-10\p9\v6\source1\video.avi
121.10742916666668,128.05310416666669,130.92039166666666,0.12815252996917334,0.17049568512379715,0.22978248561290388,93,p9,v6,source1,data-videos\VIPL\VIPL\p6-10\p9\v6\source1\video.avi
121.66720416666666,127.91536249999999,129.89048333333335,0.4912436798787692,0.3755612502752817,0.3506464291827487,93,p9,v6,source1,data-videos\VIPL\VIPL\p6-10\p9\v6\source1\video.avi
121.91869583333333,128.44575833333334,130.44397500000002,0.3819938805229011,0.12603032497181132,0.5380084930659663,93,p9,v6,source1,data-videos\VIPL\VIPL\p6-10\p9\v6\source1\video.avi
121.34940416666669,128.43104583333334,131.2732125,0.13199917639684133,0.08840488689986326,0.21857315407102498,92,p9,v6,source1,data-videos\VIPL\VIPL\p6-10\p9\v6\source1\video.avi
121.43945416666665,128.4496375,131.25660833333333,0.12294305959580405,0.19905471077556763,0.2802258468504543,93,p9,v6,source1,data-videos\VIPL\VIPL\p6-10\p9\v6\source1\video.avi
121.36300416666667,128.60793333333334,131.27303750000002,0.1379206749165792,0.1751770847084302,0.29252907719908045,93,p9,v6,source1,data-videos\VIPL\VIPL\p6-10\p9\v6\source1\video.avi
121.7649375,129.38597083333335,132.19783333333334,0.3037511516896312,0.303524708860558,0.3456849342750141,92,p9,v6,source1,data-videos\VIPL\VIPL\p6-10\p9\v6\source1\video.avi
122.23848333333332,129.58137499999998,131.82123333333334,0.1116641949353316,0.22927074341206788,0.4382439980257031,91,p9,v6,source1,data-videos\VIPL\VIPL\p6-10\p9\v6\source1\video.avi
122.0535,129.11890416666665,131.17028333333334,0.17475587883530425,0.14109482356242542,0.1980301856900714,91,p9,v6,source1,data-videos\VIPL\VIPL\p6-10\p9\v6\source1\video.avi
122.10948333333334,129.52667083333333,131.88329166666668,0.11722181342082448,0.18369560201972315,0.3680901688388769,91,p9,v6,source1,data-videos\VIPL\VIPL\p6-10\p9\v6\source1\video.avi
122.26455416666666,129.78352083333334,132.1665125,0.12450603273536708,0.1041094009257169,0.1623386060702544,90,p9,v6,source1,data-videos\VIPL\VIPL\p6-10\p9\v6\source1\video.avi
122.22241666666667,129.72852916666668,132.01782083333336,0.13146584104287729,0.08947732739669616,0.17483534893181948,88,p9,v6,source1,data-videos\VIPL\VIPL\p6-10\p9\v6\source1\video.avi
122.21866666666666,129.84755833333332,132.23122916666668,0.13516646436996876,0.11638163872936876,0.178530605452772,88,p9,v6,source1,data-videos\VIPL\VIPL\p6-10\p9\v6\source1\video.avi
122.157775,129.64834999999997,131.9431875,0.12619267427892472,0.1376540793276962,0.25698706497117896,89,p9,v6,source1,data-videos\VIPL\VIPL\p6-10\p9\v6\source1\video.avi
134.7752125,124.6997875,114.13910416666667,0.9824270927677858,0.43130048665827636,0.7846506050775784,125,p9,v7,source1,data-videos\VIPL\VIPL\p6-10\p9\v7\source1\video.avi
135.85147083333334,126.04700833333334,115.86850833333334,0.6242779282510224,0.4493892755034319,0.6567462790942689,123,p9,v7,source1,data-videos\VIPL\VIPL\p6-10\p9\v7\source1\video.avi
136.80030416666668,126.52019583333333,116.29724166666665,1.0331672921537858,0.49549505032425306,0.42128412131013776,121,p9,v7,source1,data-videos\VIPL\VIPL\p6-10\p9\v7\source1\video.avi
138.64592916666666,128.07814166666668,117.51002916666668,0.24245499818694902,0.4533270408570644,0.774721810241515,119,p9,v7,source1,data-videos\VIPL\VIPL\p6-10\p9\v7\source1\video.avi
138.3995833333333,127.88384583333334,116.85344166666665,0.22057562990263532,0.41137600750239395,0.5073269319364547,118,p9,v7,source1,data-videos\VIPL\VIPL\p6-10\p9\v7\source1\video.avi
138.8342458333333,128.92637083333335,118.95333750000002,0.7375333698194411,0.5562824043932182,0.5679805260929581,119,p9,v7,source1,data-videos\VIPL\VIPL\p6-10\p9\v7\source1\video.avi
139.85541249999997,129.5864625,119.2225,0.1630398870121789,0.1844881514375191,0.3192568600803014,119,p9,v7,source1,data-videos\VIPL\VIPL\p6-10\p9\v7\source1\video.avi
139.83194583333332,129.5566333333333,118.62193333333333,0.21788459316229816,0.21696936731752461,0.28073191337555475,119,p9,v7,source1,data-videos\VIPL\VIPL\p6-10\p9\v7\source1\video.avi
139.7889125,129.90741250000002,119.11376666666666,0.24227346965200905,0.5303078129335188,0.7389326402121064,119,p9,v7,source1,data-videos\VIPL\VIPL\p6-10\p9\v7\source1\video.avi
139.08757916666664,129.23800833333334,118.506225,0.6288023353798599,0.5220804214138002,0.6663760240670359,118,p9,v7,source1,data-videos\VIPL\VIPL\p6-10\p9\v7\source1\video.avi
138.7596875,128.37287083333334,117.59527499999999,0.224836935509815,0.09745105644772321,0.24254952043059527,116,p9,v7,source1,data-videos\VIPL\VIPL\p6-10\p9\v7\source1\video.avi
139.688875,128.915825,117.86237500000001,0.3790299547492549,0.3571652715208416,0.36683742472729725,114,p9,v7,source1,data-videos\VIPL\VIPL\p6-10\p9\v7\source1\video.avi
139.1507375,127.83370416666666,116.48115416666667,0.5614510373057154,0.7050024478385405,0.8781492280762044,114,p9,v7,source1,data-videos\VIPL\VIPL\p6-10\p9\v7\source1\video.avi
138.62188333333333,128.1935375,117.36320416666666,0.27922085282582276,0.41519291604593206,0.5717537806256473,112,p9,v7,source1,data-videos\VIPL\VIPL\p6-10\p9\v7\source1\video.avi
139.6683875,128.07725000000002,116.64944583333335,0.32121354786704237,0.40996309645063084,0.5817518381112631,111,p9,v7,source1,data-videos\VIPL\VIPL\p6-10\p9\v7\source1\video.avi
139.3437875,128.40183749999997,117.40804999999999,0.15602548836915345,0.3959606657916508,0.5275499314177664,110,p9,v7,source1,data-videos\VIPL\VIPL\p6-10\p9\v7\source1\video.avi
140.03335,127.97190833333335,116.42874166666668,0.23382087398500603,0.19472227756973626,0.39057211633135847,110,p9,v7,source1,data-videos\VIPL\VIPL\p6-10\p9\v7\source1\video.avi
139.83759166666667,128.52825833333333,117.27409166666668,0.30836816712017545,0.22426766335427803,0.310645907411745,111,p9,v7,source1,data-videos\VIPL\VIPL\p6-10\p9\v7\source1\video.avi
140.36971666666668,128.23742083333332,116.59854166666668,0.20440746539625615,0.3687728338975543,0.6257753302015742,112,p9,v7,source1,data-videos\VIPL\VIPL\p6-10\p9\v7\source1\video.avi
139.600575,127.68239166666667,116.26278333333333,0.6714218673002,0.19735940952429468,0.631242228032463,111,p9,v7,source1,data-videos\VIPL\VIPL\p6-10\p9\v7\source1\video.avi
138.62600833333335,127.48975833333333,116.92020833333332,0.3054753037731156,0.1626189354279591,0.29312083922657,112,p9,v7,source1,data-videos\VIPL\VIPL\p6-10\p9\v7\source1\video.avi
138.73665416666665,127.66483750000002,117.03523333333334,0.27401106007179027,0.2134195221402098,0.3759192359329916,111,p9,v7,source1,data-videos\VIPL\VIPL\p6-10\p9\v7\source1\video.avi
138.20624166666667,127.31912083333333,116.82500416666666,0.2619859598522835,0.16657151992462446,0.20110747515321167,110,p9,v7,source1,data-videos\VIPL\VIPL\p6-10\p9\v7\source1\video.avi
137.8291375,125.89989166666666,114.21607916666667,0.8687155291522506,1.0897620278420377,1.4490470209738042,109,p9,v7,source1,data-videos\VIPL\VIPL\p6-10\p9\v7\source1\video.avi
136.91635416666668,126.1163875,114.94625833333333,0.2835249107221469,0.14759632777349935,0.4364042069859086,107,p9,v7,source1,data-videos\VIPL\VIPL\p6-10\p9\v7\source1\video.avi
